date,ticker,expiration,option_type,strike,bid,ask,last,implied_vol,volume,open_interest
2025-11-22,ABBV,2025-11-28,C,150.0,85.5,88.1,68.0,1.8808599707031248,,1
2025-11-22,ABBV,2025-11-28,C,165.0,70.35,73.1,68.1,1.4941431542968748,,0
2025-11-22,ABBV,2025-11-28,C,180.0,55.8,58.15,58.69,1.2841832666015622,2.0,3
2025-11-22,ABBV,2025-11-28,C,190.0,45.45,48.15,45.0,1.0092822973632813,1.0,14
2025-11-22,ABBV,2025-11-28,C,195.0,40.8,43.15,34.66,0.96679720703125,2.0,6
2025-11-22,ABBV,2025-11-28,C,200.0,35.45,38.15,34.2,0.8105487695312499,,0
2025-11-22,ABBV,2025-11-28,C,205.0,30.55,33.15,31.24,0.7270535107421875,2.0,15
2025-11-22,ABBV,2025-11-28,C,210.0,25.0,28.2,27.52,0.5546919531250001,1.0,4
2025-11-22,ABBV,2025-11-28,C,215.0,20.05,23.25,14.45,0.7641625146484375,2.0,16
2025-11-22,ABBV,2025-11-28,C,217.5,18.4,20.8,19.19,0.5278367529296876,2.0,2
2025-11-22,ABBV,2025-11-28,C,220.0,15.85,18.0,17.42,0.6062051098632814,127.0,143
2025-11-22,ABBV,2025-11-28,C,222.5,13.35,15.5,12.62,0.5437057348632813,21.0,76
2025-11-22,ABBV,2025-11-28,C,225.0,10.4,12.95,14.54,0.47412635253906255,7.0,534
2025-11-22,ABBV,2025-11-28,C,227.5,8.5,11.3,10.72,0.4975636181640626,52.0,68
2025-11-22,ABBV,2025-11-28,C,230.0,6.95,8.35,7.85,0.3803772900390625,109.0,235
2025-11-22,ABBV,2025-11-28,C,232.5,5.05,6.0,6.42,0.31836619140624994,66.0,178
2025-11-22,ABBV,2025-11-28,C,235.0,3.45,3.9,3.85,0.26709717285156254,229.0,728
2025-11-22,ABBV,2025-11-28,C,237.5,2.19,2.55,2.69,0.2576978527832031,488.0,446
2025-11-22,ABBV,2025-11-28,C,240.0,1.33,1.53,1.5,0.249030947265625,3501.0,3474
2025-11-22,ABBV,2025-11-28,C,242.5,0.75,0.9,1.0,0.24951922363281248,253.0,41
2025-11-22,ABBV,2025-11-28,C,245.0,0.37,0.49,0.44,0.24878680908203127,129.0,356
2025-11-22,ABBV,2025-11-28,C,247.5,0.0,0.35,0.27,0.2700268310546875,24.0,22
2025-11-22,ABBV,2025-11-28,C,250.0,0.01,0.2,0.12,0.27539787109374997,17.0,73
2025-11-22,ABBV,2025-11-28,C,252.5,0.0,0.1,0.07,0.27539787109374997,13.0,23
2025-11-22,ABBV,2025-11-28,C,255.0,0.0,0.05,0.03,0.27735097656249996,2.0,25
2025-11-22,ABBV,2025-11-28,C,260.0,0.0,0.52,0.05,0.5107470800781251,1.0,11
2025-11-22,ABBV,2025-11-28,P,120.0,0.0,0.01,0.47,1.625001875,,1
2025-11-22,ABBV,2025-11-28,P,175.0,0.0,0.11,0.09,0.9492192578124999,1.0,10
2025-11-22,ABBV,2025-11-28,P,190.0,0.0,2.13,0.34,1.1782267651367184,36.0,107
2025-11-22,ABBV,2025-11-28,P,195.0,0.0,2.12,0.02,1.0654343603515626,1.0,2
2025-11-22,ABBV,2025-11-28,P,197.5,0.0,2.13,0.09,1.0112354125976561,1.0,3
2025-11-22,ABBV,2025-11-28,P,200.0,0.0,1.25,0.15,0.8432632861328124,10.0,84
2025-11-22,ABBV,2025-11-28,P,205.0,0.0,2.14,0.11,0.8471694970703124,2.0,268
2025-11-22,ABBV,2025-11-28,P,207.5,0.0,2.14,0.17,0.7922384057617188,,2
2025-11-22,ABBV,2025-11-28,P,210.0,0.0,0.1,0.1,0.45215391601562505,1.0,135
2025-11-22,ABBV,2025-11-28,P,212.5,0.0,0.1,0.14,0.41309180664062495,4.0,17
2025-11-22,ABBV,2025-11-28,P,215.0,0.01,0.19,0.05,0.41797457031249996,10.0,187
2025-11-22,ABBV,2025-11-28,P,217.5,0.0,0.46,0.42,0.454107021484375,3.0,29
2025-11-22,ABBV,2025-11-28,P,220.0,0.0,0.45,0.5,0.4030821411132813,1.0,209
2025-11-22,ABBV,2025-11-28,P,222.5,0.09,0.53,0.47,0.36963520996093746,4.0,47
2025-11-22,ABBV,2025-11-28,P,225.0,0.23,0.56,0.29,0.3237372314453124,35.0,98
2025-11-22,ABBV,2025-11-28,P,227.5,0.43,0.66,0.53,0.28516339843749994,74.0,395
2025-11-22,ABBV,2025-11-28,P,230.0,0.8,1.09,0.88,0.27930408203124996,50.0,193
2025-11-22,ABBV,2025-11-28,P,232.5,1.24,1.81,1.3,0.2810130493164062,96.0,148
2025-11-22,ABBV,2025-11-28,P,235.0,2.13,2.58,2.33,0.26380130737304686,100.0,146
2025-11-22,ABBV,2025-11-28,P,237.5,3.3,3.95,2.85,0.2727123510742187,87.0,34
2025-11-22,ABBV,2025-11-28,P,240.0,4.75,5.45,4.3,0.26746338012695314,22.0,24
2025-11-22,ABBV,2025-11-28,P,252.5,14.4,17.85,19.85,0.5537154003906251,3.0,0
2025-11-22,ABBV,2025-12-05,C,190.0,45.0,48.3,39.73,0.6425816992187501,,1
2025-11-22,ABBV,2025-12-05,C,195.0,40.0,43.35,27.24,0.5854533642578125,3.0,3
2025-11-22,ABBV,2025-12-05,C,200.0,35.4,38.4,33.82,0.5717816259765626,,4
2025-11-22,ABBV,2025-12-05,C,205.0,30.15,33.45,28.85,0.7082548706054688,1.0,3
2025-11-22,ABBV,2025-12-05,C,210.0,25.25,28.5,25.07,0.6280554772949221,3.0,3
2025-11-22,ABBV,2025-12-05,C,215.0,20.6,23.65,22.87,0.5554243676757813,1.0,10
2025-11-22,ABBV,2025-12-05,C,220.0,16.55,18.9,12.93,0.48682153808593753,7.0,148
2025-11-22,ABBV,2025-12-05,C,225.0,12.05,14.5,13.6,0.43543045043945316,1.0,745
2025-11-22,ABBV,2025-12-05,C,230.0,8.2,9.5,9.75,0.3321599987792969,33.0,187
2025-11-22,ABBV,2025-12-05,C,235.0,5.05,5.7,5.2,0.28375960388183585,116.0,82
2025-11-22,ABBV,2025-12-05,C,240.0,2.78,3.2,3.33,0.2696606237792969,129.0,111
2025-11-22,ABBV,2025-12-05,C,245.0,1.22,1.61,1.52,0.2622144091796875,85.0,132
2025-11-22,ABBV,2025-12-05,C,250.0,0.21,1.02,0.65,0.28784891845703114,65.0,48
2025-11-22,ABBV,2025-12-05,C,255.0,0.15,0.57,0.36,0.299811689453125,5.0,4
2025-11-22,ABBV,2025-12-05,C,260.0,0.04,1.06,0.66,0.41699801757812494,25.0,2
2025-11-22,ABBV,2025-12-05,P,185.0,0.0,2.13,0.03,0.8774426318359375,10.0,10
2025-11-22,ABBV,2025-12-05,P,190.0,0.0,2.14,0.01,0.8012715185546875,2.0,2
2025-11-22,ABBV,2025-12-05,P,195.0,0.0,2.14,2.14,0.725588681640625,2.0,23
2025-11-22,ABBV,2025-12-05,P,200.0,0.0,0.1,0.05,0.414068359375,1.0,220
2025-11-22,ABBV,2025-12-05,P,205.0,0.04,0.21,0.13,0.4062559375,16.0,226
2025-11-22,ABBV,2025-12-05,P,210.0,0.1,0.21,0.18,0.34766277343749996,127.0,19
2025-11-22,ABBV,2025-12-05,P,215.0,0.01,0.75,0.64,0.38550419189453117,2.0,119
2025-11-22,ABBV,2025-12-05,P,220.0,0.27,0.69,0.55,0.30664755859375,10.0,131
2025-11-22,ABBV,2025-12-05,P,225.0,0.96,1.24,1.06,0.2863840893554687,7.0,56
2025-11-22,ABBV,2025-12-05,P,230.0,1.97,2.63,1.87,0.29492892578124996,74.0,187
2025-11-22,ABBV,2025-12-05,P,235.0,3.6,4.1,3.49,0.26563234375,22.0,24
2025-11-22,ABBV,2025-12-05,P,240.0,6.2,6.8,5.9,0.26270268554687504,17.0,31
2025-11-22,ABBV,2025-12-12,C,165.0,69.8,73.3,68.5,0.7539087109375,,1
2025-11-22,ABBV,2025-12-12,C,190.0,44.9,48.45,34.47,0.524418818359375,,2
2025-11-22,ABBV,2025-12-12,C,200.0,34.9,38.55,35.75,0.6485630847167969,1.0,3
2025-11-22,ABBV,2025-12-12,C,205.0,30.75,33.65,25.45,0.5877726770019531,,1
2025-11-22,ABBV,2025-12-12,C,215.0,20.9,24.1,23.8,0.47900911621093745,5.0,11
2025-11-22,ABBV,2025-12-12,C,220.0,17.1,19.35,13.86,0.4205380212402344,1.0,11
2025-11-22,ABBV,2025-12-12,C,225.0,13.0,14.45,14.37,0.3482731188964844,3.0,49
2025-11-22,ABBV,2025-12-12,C,230.0,9.0,10.8,10.85,0.3321599987792969,10.0,85
2025-11-22,ABBV,2025-12-12,C,235.0,6.5,7.0,7.35,0.2880930566406249,47.0,62
2025-11-22,ABBV,2025-12-12,C,240.0,4.05,4.5,4.47,0.27808339111328123,5.0,51
2025-11-22,ABBV,2025-12-12,C,245.0,2.28,2.73,2.65,0.2727123510742187,30.0,59
2025-11-22,ABBV,2025-12-12,C,250.0,1.21,1.53,1.56,0.26782958740234375,34.0,63
2025-11-22,ABBV,2025-12-12,C,255.0,0.46,1.29,0.65,0.305671005859375,1.0,2
2025-11-22,ABBV,2025-12-12,C,260.0,0.02,1.46,0.4,0.370123486328125,6.0,3
2025-11-22,ABBV,2025-12-12,P,185.0,0.02,2.15,0.15,0.7104521142578125,1.0,1
2025-11-22,ABBV,2025-12-12,P,190.0,0.0,2.16,0.49,0.647464462890625,,4
2025-11-22,ABBV,2025-12-12,P,195.0,0.0,2.19,0.6,0.5881388842773438,,10
2025-11-22,ABBV,2025-12-12,P,200.0,0.0,2.23,0.15,0.5297898583984376,7.0,12
2025-11-22,ABBV,2025-12-12,P,205.0,0.0,2.28,0.3,0.5803264624023439,4.0,8
2025-11-22,ABBV,2025-12-12,P,210.0,0.22,0.6,0.66,0.3481510498046875,1.0,3
2025-11-22,ABBV,2025-12-12,P,215.0,0.42,2.61,1.0,0.4647270324707031,1.0,140
2025-11-22,ABBV,2025-12-12,P,220.0,0.88,1.08,1.07,0.2827220166015625,12.0,22
2025-11-22,ABBV,2025-12-12,P,225.0,1.44,2.34,1.64,0.3007882421875,22.0,32
2025-11-22,ABBV,2025-12-12,P,230.0,2.92,3.45,3.19,0.2794261511230468,15.0,22
2025-11-22,ABBV,2025-12-12,P,235.0,4.55,5.7,4.5,0.2872385729980468,21.0,20
2025-11-22,ABBV,2025-12-12,P,240.0,7.25,7.9,6.9,0.2633130310058594,7.0,14
2025-11-22,ABBV,2025-12-19,C,70.0,165.4,168.05,164.65,2.1152390869140625,2.0,1
2025-11-22,ABBV,2025-12-19,C,75.0,159.95,163.1,140.69,1.8417976660156248,1.0,1
2025-11-22,ABBV,2025-12-19,C,80.0,151.6,154.7,149.52,1.0000000000000003e-05,3.0,0
2025-11-22,ABBV,2025-12-19,C,85.0,113.05,117.7,108.26,1.0000000000000003e-05,3.0,0
2025-11-22,ABBV,2025-12-19,C,90.0,120.65,121.7,100.27,1.0000000000000003e-05,1.0,0
2025-11-22,ABBV,2025-12-19,C,95.0,93.55,97.9,73.51,1.0000000000000003e-05,1.0,0
2025-11-22,ABBV,2025-12-19,C,100.0,135.75,138.2,129.22,1.6411150756835937,3.0,59
2025-11-22,ABBV,2025-12-19,C,105.0,79.15,82.0,79.75,1.0000000000000003e-05,5.0,8
2025-11-22,ABBV,2025-12-19,C,110.0,66.1,69.8,80.1,1.0000000000000003e-05,1.0,7
2025-11-22,ABBV,2025-12-19,C,115.0,116.5,119.85,114.15,1.0000000000000003e-05,145.0,0
2025-11-22,ABBV,2025-12-19,C,120.0,111.5,114.85,109.15,1.0000000000000003e-05,105.0,4
2025-11-22,ABBV,2025-12-19,C,125.0,106.6,109.9,104.0,1.0000000000000003e-05,145.0,0
2025-11-22,ABBV,2025-12-19,C,130.0,101.6,104.95,98.8,1.0000000000000003e-05,145.0,0
2025-11-22,ABBV,2025-12-19,C,135.0,96.8,99.95,95.9,1.0000000000000003e-05,320.0,0
2025-11-22,ABBV,2025-12-19,C,140.0,91.75,95.0,90.8,1.0000000000000003e-05,320.0,16
2025-11-22,ABBV,2025-12-19,C,145.0,86.8,90.0,83.85,1.0000000000000003e-05,385.0,10
2025-11-22,ABBV,2025-12-19,C,150.0,85.7,88.4,89.19,0.9506840869140624,1.0,1
2025-11-22,ABBV,2025-12-19,C,155.0,76.45,80.05,76.32,1.0000000000000003e-05,1.0,5
2025-11-22,ABBV,2025-12-19,C,160.0,75.9,78.45,69.02,0.85937640625,1.0,70
2025-11-22,ABBV,2025-12-19,C,165.0,70.6,73.5,66.0,0.778322529296875,1.0,167
2025-11-22,ABBV,2025-12-19,C,170.0,65.6,68.5,63.18,0.7236355761718749,1.0,81
2025-11-22,ABBV,2025-12-19,C,175.0,60.5,63.5,54.58,0.6613803393554689,1.0,122
2025-11-22,ABBV,2025-12-19,C,180.0,55.75,58.6,58.0,0.6379430737304688,1.0,226
2025-11-22,ABBV,2025-12-19,C,185.0,51.2,53.6,52.87,0.6157264990234376,1.0,448
2025-11-22,ABBV,2025-12-19,C,190.0,45.65,48.65,49.0,0.5300339965820313,3.0,734
2025-11-22,ABBV,2025-12-19,C,195.0,41.3,43.8,42.63,0.52539537109375,4.0,377
2025-11-22,ABBV,2025-12-19,C,200.0,36.25,38.8,37.6,0.577152666015625,37.0,1312
2025-11-22,ABBV,2025-12-19,C,210.0,26.4,28.8,26.95,0.4556939196777344,1.0,1705
2025-11-22,ABBV,2025-12-19,C,220.0,17.9,20.0,19.86,0.39539178833007815,115.0,3507
2025-11-22,ABBV,2025-12-19,C,230.0,10.25,11.65,10.8,0.3213568841552734,268.0,2237
2025-11-22,ABBV,2025-12-19,C,240.0,4.95,5.35,5.2,0.27307855834960937,1243.0,15118
2025-11-22,ABBV,2025-12-19,C,250.0,1.82,2.09,2.25,0.26093268371582035,668.0,3547
2025-11-22,ABBV,2025-12-19,C,260.0,0.46,0.83,0.75,0.270515107421875,1145.0,708
2025-11-22,ABBV,2025-12-19,C,270.0,0.0,0.37,0.21,0.28955788574218744,39.0,469
2025-11-22,ABBV,2025-12-19,C,280.0,0.01,0.15,0.05,0.30225307128906254,1.0,167
2025-11-22,ABBV,2025-12-19,C,290.0,0.0,0.85,0.27,0.4797415307617187,5.0,58
2025-11-22,ABBV,2025-12-19,C,300.0,0.0,0.38,0.26,0.4643608251953125,2.0,132
2025-11-22,ABBV,2025-12-19,C,340.0,0.0,1.52,0.05,0.7341335180664061,,1
2025-11-22,ABBV,2025-12-19,P,70.0,0.0,1.06,0.1,2.1718795703125,1.0,593
2025-11-22,ABBV,2025-12-19,P,75.0,0.0,0.72,0.01,1.9414065429687501,3.0,49
2025-11-22,ABBV,2025-12-19,P,80.0,0.0,0.0,0.09,0.500005,1.0,360
2025-11-22,ABBV,2025-12-19,P,85.0,0.08,0.75,0.36,1.7773448632812499,2.0,279
2025-11-22,ABBV,2025-12-19,P,90.0,0.0,0.0,0.1,0.500005,19.0,293
2025-11-22,ABBV,2025-12-19,P,95.0,0.0,0.0,0.15,0.500005,1.0,129
2025-11-22,ABBV,2025-12-19,P,100.0,0.0,0.86,0.16,1.5214867675781247,1.0,541
2025-11-22,ABBV,2025-12-19,P,105.0,0.0,1.06,0.11,1.4892603662109374,4.0,65
2025-11-22,ABBV,2025-12-19,P,110.0,0.0,2.16,0.14,1.5957051464843748,40.0,95
2025-11-22,ABBV,2025-12-19,P,115.0,0.0,1.13,0.25,1.351077463378906,1.0,170
2025-11-22,ABBV,2025-12-19,P,120.0,0.0,1.15,0.17,1.2827184301757812,2.0,95
2025-11-22,ABBV,2025-12-19,P,125.0,0.0,1.35,0.05,1.2470740771484374,3.0,165
2025-11-22,ABBV,2025-12-19,P,130.0,0.0,1.8,0.09,1.2412147314453121,10.0,165
2025-11-22,ABBV,2025-12-19,P,135.0,0.0,0.2,0.05,0.8457046679687499,5.0,448
2025-11-22,ABBV,2025-12-19,P,140.0,0.0,1.3,0.09,1.0424852563476565,2.0,659
2025-11-22,ABBV,2025-12-19,P,145.0,0.0,0.34,0.15,0.79883013671875,2.0,320
2025-11-22,ABBV,2025-12-19,P,150.0,0.0,1.15,0.03,0.9023447265625,19.0,511
2025-11-22,ABBV,2025-12-19,P,155.0,0.0,1.83,0.01,0.9223640576171875,10.0,745
2025-11-22,ABBV,2025-12-19,P,160.0,0.0,1.65,0.18,0.8457046679687499,1.0,620
2025-11-22,ABBV,2025-12-19,P,165.0,0.0,1.68,0.05,0.7922384057617188,10.0,726
2025-11-22,ABBV,2025-12-19,P,170.0,0.05,0.21,0.22,0.5410202148437502,1.0,1544
2025-11-22,ABBV,2025-12-19,P,175.0,0.0,0.21,0.16,0.534184345703125,6.0,1244
2025-11-22,ABBV,2025-12-19,P,180.0,0.0,0.2,0.1,0.48730981445312505,2.0,284
2025-11-22,ABBV,2025-12-19,P,185.0,0.0,0.73,0.2,0.56055126953125,10000.0,3402
2025-11-22,ABBV,2025-12-19,P,190.0,0.1,0.2,0.15,0.4023497265625,1.0,968
2025-11-22,ABBV,2025-12-19,P,195.0,0.0,0.76,0.25,0.46484910156250003,2.0,1376
2025-11-22,ABBV,2025-12-19,P,200.0,0.22,0.4,0.27,0.362311064453125,1025.0,1821
2025-11-22,ABBV,2025-12-19,P,210.0,0.49,0.79,0.5,0.3205634350585937,94.0,2113
2025-11-22,ABBV,2025-12-19,P,220.0,1.39,1.68,1.39,0.2833323620605468,73.0,1613
2025-11-22,ABBV,2025-12-19,P,230.0,3.65,4.1,3.37,0.26819579467773436,369.0,977
2025-11-22,ABBV,2025-12-19,P,240.0,7.95,8.65,8.07,0.2564771618652344,69.0,230
2025-11-22,ABBV,2025-12-19,P,250.0,14.5,15.6,34.81,0.24994646545410154,3.0,3
2025-11-22,ABBV,2025-12-19,P,260.0,25.65,28.15,32.7,0.4831594653320313,3.0,0
2025-11-22,ABBV,2025-12-19,P,270.0,82.55,87.0,59.45,2.4727821383666995,,1
2025-11-22,ABBV,2025-12-26,C,205.0,31.05,34.2,25.65,0.4845022253417969,3.0,3
2025-11-22,ABBV,2025-12-26,C,215.0,22.15,25.05,20.2,0.41480077392578124,2.0,7
2025-11-22,ABBV,2025-12-26,C,220.0,17.5,20.75,17.15,0.3853821228027343,2.0,8
2025-11-22,ABBV,2025-12-26,C,225.0,13.75,16.2,15.83,0.33899586791992187,3.0,32
2025-11-22,ABBV,2025-12-26,C,230.0,11.0,12.75,12.25,0.3267889587402344,2.0,17
2025-11-22,ABBV,2025-12-26,C,235.0,7.6,10.25,8.53,0.33460138061523437,11.0,15
2025-11-22,ABBV,2025-12-26,C,240.0,5.45,6.3,6.29,0.27674063110351554,15.0,102
2025-11-22,ABBV,2025-12-26,C,245.0,3.35,4.75,4.28,0.2867502966308593,57.0,992
2025-11-22,ABBV,2025-12-26,C,250.0,2.28,3.35,2.36,0.28748271118164054,1.0,26
2025-11-22,ABBV,2025-12-26,C,255.0,1.07,3.45,1.75,0.3409489733886719,33.0,41
2025-11-22,ABBV,2025-12-26,C,260.0,0.77,1.25,1.25,0.2706371765136719,1.0,1
2025-11-22,ABBV,2025-12-26,C,270.0,0.01,2.32,0.94,0.4102842175292969,,1
2025-11-22,ABBV,2025-12-26,C,310.0,0.0,2.13,2.13,0.5561567822265626,,1
2025-11-22,ABBV,2025-12-26,P,180.0,0.0,2.15,0.98,0.5920450952148439,1.0,1
2025-11-22,ABBV,2025-12-26,P,185.0,0.0,2.17,0.61,0.5449264257812501,,1
2025-11-22,ABBV,2025-12-26,P,205.0,0.09,2.54,1.4,0.46155323608398446,1.0,12
2025-11-22,ABBV,2025-12-26,P,210.0,0.65,2.79,1.62,0.42163664306640625,4.0,85
2025-11-22,ABBV,2025-12-26,P,215.0,0.89,1.74,1.39,0.3073799731445312,1.0,18
2025-11-22,ABBV,2025-12-26,P,220.0,1.4,2.42,1.72,0.2912058184814452,12.0,10
2025-11-22,ABBV,2025-12-26,P,225.0,2.41,3.7,2.76,0.289496851196289,6.0,17
2025-11-22,ABBV,2025-12-26,P,230.0,3.6,4.65,4.12,0.25965095825195317,3.0,10
2025-11-22,ABBV,2025-12-26,P,235.0,5.4,7.05,6.8,0.2675244146728516,,6
2025-11-22,ABBV,2025-12-26,P,240.0,6.85,9.2,10.1,0.24799335998535155,3.0,2
2025-11-22,ABBV,2025-12-26,P,250.0,14.55,16.3,18.55,0.25476819458007816,3.0,2
2025-11-22,ABBV,2026-01-02,C,230.0,11.6,13.55,13.09,0.32416447326660147,1.0,3
2025-11-22,ABBV,2026-01-02,C,240.0,6.25,8.0,7.65,0.306220316772461,4.0,144
2025-11-22,ABBV,2026-01-02,C,250.0,2.85,3.8,3.18,0.27863270202636714,42.0,24
2025-11-22,ABBV,2026-01-02,C,270.0,0.4,0.69,0.45,0.2683178637695312,1.0,6
2025-11-22,ABBV,2026-01-02,P,235.0,5.95,7.85,6.8,0.2691113128662109,32.0,289
2025-11-22,ABBV,2026-01-16,C,75.0,159.9,162.75,140.89,1.0625046875000002,1.0,1
2025-11-22,ABBV,2026-01-16,C,80.0,151.15,154.85,148.8,1.0000000000000003e-05,101.0,101
2025-11-22,ABBV,2026-01-16,C,85.0,125.35,127.45,105.65,1.0000000000000003e-05,1027.0,0
2025-11-22,ABBV,2026-01-16,C,90.0,120.55,122.5,105.03,1.0000000000000003e-05,1.0,1
2025-11-22,ABBV,2026-01-16,C,95.0,136.5,140.0,134.1,1.0000000000000003e-05,4.0,0
2025-11-22,ABBV,2026-01-16,C,100.0,135.35,138.45,136.78,1.1279340478515625,1.0,20
2025-11-22,ABBV,2026-01-16,C,105.0,105.9,107.35,85.95,1.0000000000000003e-05,15.0,0
2025-11-22,ABBV,2026-01-16,C,110.0,125.45,128.05,120.18,0.9697268652343749,2.0,3
2025-11-22,ABBV,2026-01-16,C,115.0,117.2,120.15,114.35,1.0000000000000003e-05,25.0,0
2025-11-22,ABBV,2026-01-16,C,120.0,112.0,115.2,110.8,1.0000000000000003e-05,435.0,0
2025-11-22,ABBV,2026-01-16,C,125.0,110.55,113.15,105.36,0.848634326171875,6.0,45
2025-11-22,ABBV,2026-01-16,C,130.0,102.15,105.3,99.48,1.0000000000000003e-05,2.0,14
2025-11-22,ABBV,2026-01-16,C,135.0,100.35,103.25,79.23,0.7456080126953125,3.0,9
2025-11-22,ABBV,2026-01-16,C,140.0,95.65,98.75,91.96,0.7778342529296876,4.0,25
2025-11-22,ABBV,2026-01-16,C,145.0,87.2,90.45,84.41,1.0000000000000003e-05,2.0,5
2025-11-22,ABBV,2026-01-16,C,150.0,85.8,88.85,85.53,0.7067900415039063,10.0,137
2025-11-22,ABBV,2026-01-16,C,155.0,80.95,83.9,81.5,0.6760286303710938,8.0,135
2025-11-22,ABBV,2026-01-16,C,160.0,76.35,79.05,58.4,0.6638217211914064,3.0,172
2025-11-22,ABBV,2026-01-16,C,165.0,70.9,74.0,70.55,0.5944864770507813,3.0,437
2025-11-22,ABBV,2026-01-16,C,170.0,65.95,69.05,62.42,0.5587202331542969,4.0,581
2025-11-22,ABBV,2026-01-16,C,175.0,61.15,64.2,60.35,0.5349167602539062,1.0,4912
2025-11-22,ABBV,2026-01-16,C,180.0,56.75,59.35,55.89,0.5249070947265625,5.0,1096
2025-11-22,ABBV,2026-01-16,C,185.0,51.85,54.4,48.65,0.5695843823242188,7.0,2541
2025-11-22,ABBV,2026-01-16,C,190.0,46.45,49.5,41.27,0.5295457202148439,5.0,1547
2025-11-22,ABBV,2026-01-16,C,195.0,41.65,44.7,36.55,0.4943898217773438,2.0,4273
2025-11-22,ABBV,2026-01-16,C,200.0,37.4,39.9,38.59,0.45825737060546884,23.0,6423
2025-11-22,ABBV,2026-01-16,C,210.0,28.15,30.9,30.46,0.4062559375,6.0,7221
2025-11-22,ABBV,2026-01-16,C,220.0,20.1,22.55,21.63,0.36255520263671875,49.0,5613
2025-11-22,ABBV,2026-01-16,C,230.0,13.5,13.95,13.52,0.2912668530273437,35.0,5599
2025-11-22,ABBV,2026-01-16,C,240.0,7.95,8.4,8.75,0.2753673538208008,554.0,4363
2025-11-22,ABBV,2026-01-16,C,250.0,4.15,4.5,4.63,0.26258061645507813,329.0,4407
2025-11-22,ABBV,2026-01-16,C,260.0,1.92,2.12,2.0,0.25263198547363286,599.0,3768
2025-11-22,ABBV,2026-01-16,C,270.0,0.75,1.1,0.75,0.25952888916015626,20.0,1808
2025-11-22,ABBV,2026-01-16,C,280.0,0.15,0.65,0.45,0.2747875256347656,9.0,699
2025-11-22,ABBV,2026-01-16,C,290.0,0.0,0.35,0.16,0.28321029296874994,24.0,94
2025-11-22,ABBV,2026-01-16,C,300.0,0.01,0.45,0.05,0.334967587890625,1.0,193
2025-11-22,ABBV,2026-01-16,C,310.0,0.0,0.15,0.05,0.31445998046874996,2.0,30
2025-11-22,ABBV,2026-01-16,P,75.0,0.0,2.13,0.1,1.6157245776367186,2.0,728
2025-11-22,ABBV,2026-01-16,P,80.0,0.0,2.13,0.03,1.530764064941406,1.0,266
2025-11-22,ABBV,2026-01-16,P,85.0,0.0,0.51,0.12,1.1630901220703125,1.0,150
2025-11-22,ABBV,2026-01-16,P,90.0,0.0,2.13,0.04,1.376467961425781,1.0,45
2025-11-22,ABBV,2026-01-16,P,95.0,0.0,1.63,0.04,1.245609240722656,1.0,323
2025-11-22,ABBV,2026-01-16,P,100.0,0.01,2.14,0.01,1.2412147314453121,1.0,149
2025-11-22,ABBV,2026-01-16,P,105.0,0.0,0.0,0.23,0.500005,1.0,438
2025-11-22,ABBV,2026-01-16,P,110.0,0.0,0.2,0.06,0.789064609375,1.0,493
2025-11-22,ABBV,2026-01-16,P,115.0,0.0,0.33,0.03,0.7939473730468749,1.0,361
2025-11-22,ABBV,2026-01-16,P,120.0,0.0,0.4,0.08,0.7695335546875001,1.0,512
2025-11-22,ABBV,2026-01-16,P,125.0,0.0,0.99,0.12,0.8295915478515624,1.0,418
2025-11-22,ABBV,2026-01-16,P,130.0,0.0,0.79,0.32,0.7568383691406251,20.0,970
2025-11-22,ABBV,2026-01-16,P,135.0,0.01,0.79,0.32,0.7153348779296875,1.0,749
2025-11-22,ABBV,2026-01-16,P,140.0,0.0,0.35,0.02,0.5976602734375001,2.0,1405
2025-11-22,ABBV,2026-01-16,P,145.0,0.0,0.51,0.03,0.5918009570312501,3.0,2208
2025-11-22,ABBV,2026-01-16,P,150.0,0.0,0.52,0.09,0.5566450585937501,1.0,2796
2025-11-22,ABBV,2026-01-16,P,155.0,0.0,0.3,0.12,0.532231240234375,2.0,2110
2025-11-22,ABBV,2026-01-16,P,160.0,0.0,0.89,0.19,0.5297898583984376,5.0,2171
2025-11-22,ABBV,2026-01-16,P,165.0,0.0,0.99,0.13,0.5026905200195313,14.0,2839
2025-11-22,ABBV,2026-01-16,P,170.0,0.05,0.63,0.13,0.48779809082031256,7.0,3098
2025-11-22,ABBV,2026-01-16,P,175.0,0.05,1.14,0.24,0.5107470800781251,4.0,2031
2025-11-22,ABBV,2026-01-16,P,180.0,0.0,2.35,0.34,0.5667767932128907,1.0,1272
2025-11-22,ABBV,2026-01-16,P,185.0,0.25,0.89,0.47,0.4096738720703125,3.0,1299
2025-11-22,ABBV,2026-01-16,P,190.0,0.15,1.12,0.52,0.3939269592285156,2.0,2382
2025-11-22,ABBV,2026-01-16,P,195.0,0.36,1.19,0.68,0.3621889953613281,3.0,1952
2025-11-22,ABBV,2026-01-16,P,200.0,0.8,1.28,0.82,0.33130551513671874,11.0,3138
2025-11-22,ABBV,2026-01-16,P,210.0,1.6,2.23,1.87,0.30591514404296877,33.0,2773
2025-11-22,ABBV,2026-01-16,P,220.0,3.35,4.2,3.69,0.29383030395507803,46.0,2448
2025-11-22,ABBV,2026-01-16,P,230.0,6.5,7.05,6.7,0.27368890380859373,194.0,2278
2025-11-22,ABBV,2026-01-16,P,240.0,11.15,11.9,10.82,0.2694164855957031,14.0,156
2025-11-22,ABBV,2026-01-16,P,250.0,16.35,18.95,19.2,0.2851023638916015,1.0,17
2025-11-22,ABBV,2026-01-16,P,260.0,23.95,26.6,25.03,0.2830882238769531,1.0,8
2025-11-22,ABBV,2026-01-16,P,270.0,36.05,39.0,43.3,0.43768872863769537,1.0,0
2025-11-22,ABBV,2026-01-16,P,290.0,55.55,58.95,61.0,0.5587812677001953,1.0,0
2025-11-22,ABBV,2026-02-20,C,100.0,118.25,119.05,100.64,1.0000000000000003e-05,5.0,5
2025-11-22,ABBV,2026-02-20,C,120.0,112.15,115.2,112.0,1.0000000000000003e-05,,0
2025-11-22,ABBV,2026-02-20,C,130.0,102.05,105.3,99.3,1.0000000000000003e-05,3.0,3
2025-11-22,ABBV,2026-02-20,C,140.0,92.15,95.4,89.62,1.0000000000000003e-05,56.0,36
2025-11-22,ABBV,2026-02-20,C,150.0,85.5,88.45,85.0,0.5107470800781251,1.0,0
2025-11-22,ABBV,2026-02-20,C,155.0,76.85,80.55,70.15,1.0000000000000003e-05,5.0,3
2025-11-22,ABBV,2026-02-20,C,160.0,76.05,78.55,77.5,0.5806926696777344,1.0,3
2025-11-22,ABBV,2026-02-20,C,165.0,71.2,74.1,65.0,0.5766643896484375,5.0,21
2025-11-22,ABBV,2026-02-20,C,170.0,65.9,68.75,62.7,0.5197801928710937,1.0,7
2025-11-22,ABBV,2026-02-20,C,175.0,61.15,64.3,43.26,0.5128222546386718,1.0,6
2025-11-22,ABBV,2026-02-20,C,180.0,56.5,59.6,58.75,0.4904836108398438,2.0,91
2025-11-22,ABBV,2026-02-20,C,185.0,51.6,54.65,50.86,0.45618219604492194,6.0,38
2025-11-22,ABBV,2026-02-20,C,190.0,47.0,49.95,43.77,0.43231768859863284,1.0,78
2025-11-22,ABBV,2026-02-20,C,195.0,42.4,45.5,32.21,0.4165097412109374,2.0,37
2025-11-22,ABBV,2026-02-20,C,200.0,38.45,40.95,36.65,0.39465937377929694,11.0,146
2025-11-22,ABBV,2026-02-20,C,210.0,29.7,32.5,25.19,0.3639589971923829,15.0,418
2025-11-22,ABBV,2026-02-20,C,220.0,22.5,24.7,23.9,0.33661552062988287,49.0,1275
2025-11-22,ABBV,2026-02-20,C,230.0,16.2,16.95,17.09,0.2942575457763671,76.0,1245
2025-11-22,ABBV,2026-02-20,C,240.0,11.0,11.5,11.3,0.28162339477539056,154.0,1494
2025-11-22,ABBV,2026-02-20,C,250.0,6.95,7.55,7.46,0.27637442382812494,98.0,1073
2025-11-22,ABBV,2026-02-20,C,260.0,4.15,4.55,4.45,0.26773803558349607,63.0,552
2025-11-22,ABBV,2026-02-20,C,270.0,2.26,2.72,2.57,0.26587648193359376,36.0,196
2025-11-22,ABBV,2026-02-20,C,280.0,0.63,2.55,1.1,0.30463341857910153,23.0,133
2025-11-22,ABBV,2026-02-20,C,290.0,0.32,2.58,0.74,0.3469303588867187,1.0,5
2025-11-22,ABBV,2026-02-20,P,100.0,0.0,2.17,0.18,0.9719241088867188,43.0,0
2025-11-22,ABBV,2026-02-20,P,115.0,0.0,0.91,0.95,0.7148466015625,5.0,12
2025-11-22,ABBV,2026-02-20,P,120.0,0.0,2.28,0.47,0.7934590966796875,1.0,2
2025-11-22,ABBV,2026-02-20,P,125.0,0.0,1.57,1.0,0.70117486328125,1.0,7
2025-11-22,ABBV,2026-02-20,P,130.0,0.0,1.35,1.55,0.6455113574218749,5.0,22
2025-11-22,ABBV,2026-02-20,P,135.0,0.0,0.0,0.81,0.2500075,2.0,9
2025-11-22,ABBV,2026-02-20,P,140.0,0.0,1.71,0.98,0.6001016552734376,5.0,9
2025-11-22,ABBV,2026-02-20,P,145.0,0.0,0.73,0.42,0.5488326367187502,6.0,128
2025-11-22,ABBV,2026-02-20,P,150.0,0.0,0.56,0.35,0.4919484399414063,3.0,59
2025-11-22,ABBV,2026-02-20,P,155.0,0.0,1.51,0.01,0.561527822265625,1.0,54
2025-11-22,ABBV,2026-02-20,P,160.0,0.0,1.55,0.17,0.5296677893066408,2.0,146
2025-11-22,ABBV,2026-02-20,P,165.0,0.0,1.8,1.39,0.5133105310058592,5.0,159
2025-11-22,ABBV,2026-02-20,P,170.0,0.03,0.66,0.45,0.38477177734374995,2.0,269
2025-11-22,ABBV,2026-02-20,P,175.0,0.41,1.16,0.74,0.4008848974609375,7.0,255
2025-11-22,ABBV,2026-02-20,P,180.0,0.0,1.05,1.11,0.36206692626953124,46.0,442
2025-11-22,ABBV,2026-02-20,P,185.0,0.59,1.11,1.72,0.33667655517578127,3.0,634
2025-11-22,ABBV,2026-02-20,P,190.0,0.87,1.68,1.29,0.3414372497558594,68.0,496
2025-11-22,ABBV,2026-02-20,P,195.0,1.19,2.64,1.78,0.35480381530761707,1.0,1623
2025-11-22,ABBV,2026-02-20,P,200.0,1.71,2.95,1.95,0.3333196551513672,916.0,5341
2025-11-22,ABBV,2026-02-20,P,210.0,3.5,4.35,3.65,0.30951618225097655,44.0,407
2025-11-22,ABBV,2026-02-20,P,220.0,5.95,6.75,6.2,0.29560030578613283,136.0,483
2025-11-22,ABBV,2026-02-20,P,230.0,9.25,10.3,9.55,0.2862009857177734,44.0,419
2025-11-22,ABBV,2026-02-20,P,240.0,13.85,14.95,13.9,0.2759776992797851,6.0,108
2025-11-22,ABBV,2026-02-20,P,250.0,20.1,20.65,20.77,0.2623975128173829,2.0,6
2025-11-22,ABBV,2026-02-20,P,260.0,28.1,30.95,28.0,0.33518120880126956,,1
2025-11-22,ABBV,2026-03-20,C,85.0,113.85,115.65,103.5,1.0000000000000003e-05,2.0,0
2025-11-22,ABBV,2026-03-20,C,90.0,141.7,144.95,154.18,1.0000000000000003e-05,1.0,0
2025-11-22,ABBV,2026-03-20,C,95.0,89.9,92.0,83.9,1.0000000000000003e-05,,11
2025-11-22,ABBV,2026-03-20,C,100.0,82.15,83.5,71.14,1.0000000000000003e-05,1.0,4
2025-11-22,ABBV,2026-03-20,C,105.0,112.35,114.2,99.59,1.0000000000000003e-05,5.0,5
2025-11-22,ABBV,2026-03-20,C,110.0,68.1,70.45,70.64,1.0000000000000003e-05,1.0,14
2025-11-22,ABBV,2026-03-20,C,115.0,70.7,72.35,55.46,1.0000000000000003e-05,,1
2025-11-22,ABBV,2026-03-20,C,120.0,111.95,115.2,109.23,1.0000000000000003e-05,4.0,0
2025-11-22,ABBV,2026-03-20,C,125.0,0.0,0.0,82.8,1.0000000000000003e-05,1.0,3
2025-11-22,ABBV,2026-03-20,C,130.0,0.0,0.0,49.7,1.0000000000000003e-05,,0
2025-11-22,ABBV,2026-03-20,C,135.0,100.4,103.35,84.86,0.5202684692382812,1.0,0
2025-11-22,ABBV,2026-03-20,C,140.0,92.2,95.4,89.61,1.0000000000000003e-05,2.0,0
2025-11-22,ABBV,2026-03-20,C,145.0,86.9,90.45,88.76,1.0000000000000003e-05,1.0,43
2025-11-22,ABBV,2026-03-20,C,150.0,82.3,85.55,82.68,1.0000000000000003e-05,38.0,18
2025-11-22,ABBV,2026-03-20,C,155.0,77.6,80.6,76.8,1.0000000000000003e-05,1.0,18
2025-11-22,ABBV,2026-03-20,C,160.0,76.35,79.3,70.1,0.5471236694335939,8.0,24
2025-11-22,ABBV,2026-03-20,C,165.0,71.4,74.45,53.55,0.5204515728759764,1.0,70
2025-11-22,ABBV,2026-03-20,C,170.0,66.5,69.75,68.88,0.5003101727294923,2.0,89
2025-11-22,ABBV,2026-03-20,C,175.0,58.55,61.2,55.69,1.0000000000000003e-05,2.0,118
2025-11-22,ABBV,2026-03-20,C,180.0,56.9,60.0,56.24,0.4440363214111328,2.0,100
2025-11-22,ABBV,2026-03-20,C,185.0,52.6,55.45,51.47,0.4276180285644532,1.0,192
2025-11-22,ABBV,2026-03-20,C,190.0,48.4,50.95,50.5,0.411138701171875,1.0,193
2025-11-22,ABBV,2026-03-20,C,195.0,43.8,46.5,29.0,0.39441523559570313,1.0,146
2025-11-22,ABBV,2026-03-20,C,200.0,39.6,42.35,41.43,0.38410039733886714,4.0,276
2025-11-22,ABBV,2026-03-20,C,210.0,31.5,33.7,32.72,0.34683880706787107,1.0,583
2025-11-22,ABBV,2026-03-20,C,220.0,24.55,25.95,24.46,0.32031929687499994,11.0,1121
2025-11-22,ABBV,2026-03-20,C,230.0,18.25,19.45,19.75,0.3050606604003906,62.0,1268
2025-11-22,ABBV,2026-03-20,C,240.0,12.85,14.0,13.84,0.2926096130371093,33.0,2147
2025-11-22,ABBV,2026-03-20,C,250.0,8.7,9.1,8.75,0.27173579833984374,155.0,6455
2025-11-22,ABBV,2026-03-20,C,260.0,5.55,6.35,6.23,0.2738414901733398,82.0,1156
2025-11-22,ABBV,2026-03-20,C,270.0,3.3,4.05,3.75,0.2683178637695312,110.0,1004
2025-11-22,ABBV,2026-03-20,C,280.0,0.92,3.5,2.12,0.2948678912353515,3.0,119
2025-11-22,ABBV,2026-03-20,C,290.0,0.61,3.3,1.39,0.32642275146484373,1.0,47
2025-11-22,ABBV,2026-03-20,C,300.0,0.2,1.07,2.15,0.27094234924316407,4.0,5
2025-11-22,ABBV,2026-03-20,C,310.0,0.0,2.42,0.22,0.3618227880859375,2.0,2
2025-11-22,ABBV,2026-03-20,C,320.0,0.0,0.95,0.48,0.3175117077636719,1.0,26
2025-11-22,ABBV,2026-03-20,P,85.0,0.0,2.17,0.13,0.9941406835937501,2.0,5
2025-11-22,ABBV,2026-03-20,P,90.0,0.0,0.97,0.46,0.8247087841796874,1.0,7
2025-11-22,ABBV,2026-03-20,P,95.0,0.0,0.99,0.47,0.7841818457031251,1.0,5
2025-11-22,ABBV,2026-03-20,P,100.0,0.0,0.77,0.21,0.7158231542968749,43.0,44
2025-11-22,ABBV,2026-03-20,P,105.0,0.52,2.07,3.78,0.8330094824218748,,0
2025-11-22,ABBV,2026-03-20,P,110.0,0.0,2.2,0.41,0.7658714819335939,1.0,7
2025-11-22,ABBV,2026-03-20,P,115.0,0.0,2.25,0.31,0.729494892578125,5.0,11
2025-11-22,ABBV,2026-03-20,P,120.0,0.0,2.22,0.45,0.6894562304687502,1.0,15
2025-11-22,ABBV,2026-03-20,P,125.0,0.01,0.41,0.36,0.5498091894531252,1.0,27
2025-11-22,ABBV,2026-03-20,P,130.0,0.0,0.67,0.46,0.5039112109375,3.0,73
2025-11-22,ABBV,2026-03-20,P,135.0,0.0,2.05,0.7,0.5749554223632812,4.0,554
2025-11-22,ABBV,2026-03-20,P,140.0,0.0,2.28,0.71,0.5540816076660158,10.0,224
2025-11-22,ABBV,2026-03-20,P,145.0,0.4,1.4,0.43,0.5451705639648439,4.0,573
2025-11-22,ABBV,2026-03-20,P,150.0,0.01,1.44,0.54,0.5163622583007812,2.0,236
2025-11-22,ABBV,2026-03-20,P,155.0,0.13,1.03,0.63,0.4519097778320313,1.0,308
2025-11-22,ABBV,2026-03-20,P,160.0,0.25,1.58,0.38,0.4646049633789063,2.0,323
2025-11-22,ABBV,2026-03-20,P,165.0,0.36,2.75,0.51,0.5003712072753908,4.0,354
2025-11-22,ABBV,2026-03-20,P,170.0,0.5,1.46,0.66,0.39771110107421875,1.0,436
2025-11-22,ABBV,2026-03-20,P,175.0,0.3,1.88,0.88,0.3931945446777344,1.0,444
2025-11-22,ABBV,2026-03-20,P,180.0,0.71,1.67,1.17,0.35315588256835934,1.0,443
2025-11-22,ABBV,2026-03-20,P,185.0,1.05,2.65,1.58,0.37000141723632807,3.0,1229
2025-11-22,ABBV,2026-03-20,P,190.0,1.6,3.15,2.24,0.3590151989746094,10.0,542
2025-11-22,ABBV,2026-03-20,P,195.0,1.45,3.1,2.28,0.3265448205566406,1.0,658
2025-11-22,ABBV,2026-03-20,P,200.0,2.8,3.85,3.06,0.32019722778320303,39.0,1634
2025-11-22,ABBV,2026-03-20,P,210.0,4.55,5.65,4.8,0.30383996948242187,7.0,1523
2025-11-22,ABBV,2026-03-20,P,220.0,7.35,8.25,7.72,0.290473403930664,14.0,822
2025-11-22,ABBV,2026-03-20,P,230.0,10.85,11.9,11.68,0.28076891113281244,49.0,612
2025-11-22,ABBV,2026-03-20,P,240.0,15.15,16.55,15.6,0.27091183197021484,28.0,193
2025-11-22,ABBV,2026-03-20,P,250.0,20.95,22.15,22.0,0.25879647460937505,1.0,21
2025-11-22,ABBV,2026-03-20,P,260.0,26.75,29.05,30.1,0.25168595001220706,1.0,2
2025-11-22,ABBV,2026-03-20,P,270.0,37.25,40.1,43.84,0.32450016326904285,,1
2025-11-22,ABBV,2026-03-20,P,290.0,55.7,58.9,51.67,0.38031625549316406,1.0,0
2025-11-22,ABBV,2026-03-20,P,300.0,65.55,69.5,61.08,0.4339045867919922,,0
2025-11-22,ABBV,2026-03-20,P,310.0,75.55,78.8,67.38,0.4497125341796875,,0
2025-11-22,ABBV,2026-05-15,C,150.0,85.5,89.1,83.4,0.49927258544921876,2.0,2
2025-11-22,ABBV,2026-05-15,C,155.0,77.7,80.8,86.3,1.0000000000000003e-05,7.0,3
2025-11-22,ABBV,2026-05-15,C,170.0,66.55,70.15,65.91,0.42590906127929695,1.0,4
2025-11-22,ABBV,2026-05-15,C,175.0,62.45,65.55,59.55,0.41071145935058595,2.0,2
2025-11-22,ABBV,2026-05-15,C,180.0,54.75,57.7,61.5,0.27893787475585935,,1
2025-11-22,ABBV,2026-05-15,C,190.0,49.75,52.4,39.4,0.37555556091308595,2.0,7
2025-11-22,ABBV,2026-05-15,C,195.0,41.9,44.8,40.0,0.2805858074951171,2.0,6
2025-11-22,ABBV,2026-05-15,C,200.0,40.8,44.2,42.23,0.35657381713867187,1.0,13
2025-11-22,ABBV,2026-05-15,C,210.0,34.15,36.4,35.74,0.33707327972412116,4.0,1015
2025-11-22,ABBV,2026-05-15,C,220.0,26.95,29.7,26.3,0.3276129251098633,25.0,78
2025-11-22,ABBV,2026-05-15,C,230.0,20.85,22.4,22.03,0.2978280667114257,62.0,209
2025-11-22,ABBV,2026-05-15,C,240.0,16.1,17.45,16.92,0.29395237304687494,24.0,517
2025-11-22,ABBV,2026-05-15,C,250.0,11.15,13.45,12.92,0.2923959921264647,57.0,446
2025-11-22,ABBV,2026-05-15,C,260.0,7.15,9.35,9.17,0.2769237347412109,20.0,317
2025-11-22,ABBV,2026-05-15,C,270.0,5.9,6.75,6.2,0.2739330419921875,13.0,841
2025-11-22,ABBV,2026-05-15,C,280.0,3.1,6.05,4.25,0.29764496307373034,10.0,172
2025-11-22,ABBV,2026-05-15,C,290.0,1.92,3.2,5.2,0.26618165466308596,35.0,4
2025-11-22,ABBV,2026-05-15,C,300.0,1.43,3.85,1.83,0.31180497772216786,3.0,4
2025-11-22,ABBV,2026-05-15,C,310.0,0.0,1.76,1.38,0.27509269836425776,2.0,1
2025-11-22,ABBV,2026-05-15,C,320.0,0.59,2.37,0.59,0.3205024005126953,4.0,15
2025-11-22,ABBV,2026-05-15,P,140.0,0.0,0.75,0.7,0.42127043579101564,5.0,21
2025-11-22,ABBV,2026-05-15,P,145.0,0.0,2.56,0.68,0.5164843273925781,25.0,32
2025-11-22,ABBV,2026-05-15,P,150.0,0.2,1.35,1.46,0.4193173303222656,2.0,10
2025-11-22,ABBV,2026-05-15,P,160.0,0.0,3.05,1.53,0.45203184692382814,1.0,9
2025-11-22,ABBV,2026-05-15,P,165.0,0.0,3.25,1.65,0.4318904467773438,1.0,6
2025-11-22,ABBV,2026-05-15,P,170.0,1.2,3.55,1.84,0.415044912109375,2.0,25
2025-11-22,ABBV,2026-05-15,P,175.0,1.5,3.75,2.28,0.39417109741210943,1.0,60
2025-11-22,ABBV,2026-05-15,P,180.0,1.06,4.0,2.48,0.3746400427246094,3.0,28
2025-11-22,ABBV,2026-05-15,P,185.0,1.59,4.65,3.5,0.3660036544799804,5.0,154
2025-11-22,ABBV,2026-05-15,P,190.0,2.29,4.5,4.5,0.33420465606689453,37.0,58
2025-11-22,ABBV,2026-05-15,P,195.0,3.8,6.45,4.95,0.35431553894042955,14.0,360
2025-11-22,ABBV,2026-05-15,P,200.0,4.7,7.35,5.05,0.3446110461425781,20.0,855
2025-11-22,ABBV,2026-05-15,P,210.0,6.9,8.9,8.45,0.3143073941040039,18.0,963
2025-11-22,ABBV,2026-05-15,P,220.0,9.75,12.65,10.3,0.3147956704711914,21.0,197
2025-11-22,ABBV,2026-05-15,P,230.0,13.5,16.15,15.1,0.29846892944335934,2.0,378
2025-11-22,ABBV,2026-05-15,P,240.0,18.05,20.75,20.55,0.28766581481933584,5.0,110
2025-11-22,ABBV,2026-05-15,P,250.0,23.3,26.3,29.0,0.2789683920288085,1.0,24
2025-11-22,ABBV,2026-05-15,P,300.0,65.8,69.2,58.56,0.3507755352783203,,0
2025-11-22,ABBV,2026-06-18,C,85.0,146.7,149.9,144.15,1.0000000000000003e-05,5.0,0
2025-11-22,ABBV,2026-06-18,C,90.0,141.25,144.95,139.05,1.0000000000000003e-05,10.0,10
2025-11-22,ABBV,2026-06-18,C,100.0,112.4,113.05,97.96,1.0000000000000003e-05,1.0,1
2025-11-22,ABBV,2026-06-18,C,105.0,112.6,114.35,101.24,1.0000000000000003e-05,5.0,5
2025-11-22,ABBV,2026-06-18,C,110.0,80.05,83.9,71.8,1.0000000000000003e-05,1.0,7
2025-11-22,ABBV,2026-06-18,C,115.0,69.7,73.45,69.2,1.0000000000000003e-05,1.0,1
2025-11-22,ABBV,2026-06-18,C,120.0,111.95,115.2,107.36,1.0000000000000003e-05,4.0,4
2025-11-22,ABBV,2026-06-18,C,130.0,0.0,0.0,70.32,1.0000000000000003e-05,1.0,2
2025-11-22,ABBV,2026-06-18,C,135.0,76.55,78.15,57.67,1.0000000000000003e-05,1.0,4
2025-11-22,ABBV,2026-06-18,C,140.0,95.55,99.0,75.25,0.5073291455078125,2.0,72
2025-11-22,ABBV,2026-06-18,C,145.0,68.55,70.6,57.16,1.0000000000000003e-05,1.0,13
2025-11-22,ABBV,2026-06-18,C,150.0,86.35,89.4,68.05,0.4691215197753906,1.0,60
2025-11-22,ABBV,2026-06-18,C,155.0,81.4,84.7,65.49,0.453557710571289,1.0,54
2025-11-22,ABBV,2026-06-18,C,160.0,77.3,79.9,76.65,0.4339045867919922,1.0,374
2025-11-22,ABBV,2026-06-18,C,165.0,68.9,71.8,69.18,0.2600171655273438,33.0,135
2025-11-22,ABBV,2026-06-18,C,170.0,67.35,70.7,70.03,0.40631697204589845,2.0,226
2025-11-22,ABBV,2026-06-18,C,175.0,62.95,66.15,45.1,0.39255368194580076,1.0,70
2025-11-22,ABBV,2026-06-18,C,180.0,59.25,61.8,42.6,0.3828797064208984,1.0,330
2025-11-22,ABBV,2026-06-18,C,185.0,55.0,57.4,48.75,0.3704896936035156,3.0,262
2025-11-22,ABBV,2026-06-18,C,190.0,50.7,53.25,51.92,0.36225002990722655,1.0,803
2025-11-22,ABBV,2026-06-18,C,195.0,46.4,49.15,43.0,0.35321691711425773,8.0,802
2025-11-22,ABBV,2026-06-18,C,200.0,42.7,45.25,43.28,0.3461674270629882,3.0,956
2025-11-22,ABBV,2026-06-18,C,210.0,35.0,37.7,31.5,0.33029844512939455,3.0,765
2025-11-22,ABBV,2026-06-18,C,220.0,28.65,31.0,27.97,0.31961739959716784,3.0,1072
2025-11-22,ABBV,2026-06-18,C,230.0,22.6,24.95,23.72,0.30918049224853517,2.0,1153
2025-11-22,ABBV,2026-06-18,C,240.0,16.9,19.8,18.84,0.30188686401367193,11.0,1138
2025-11-22,ABBV,2026-06-18,C,250.0,13.45,14.7,14.61,0.2852244329833984,22.0,786
2025-11-22,ABBV,2026-06-18,C,260.0,9.95,11.95,11.18,0.29230444030761704,107.0,586
2025-11-22,ABBV,2026-06-18,C,270.0,6.35,8.8,7.85,0.28424788024902337,6.0,2508
2025-11-22,ABBV,2026-06-18,C,280.0,4.1,6.0,6.05,0.2713085565185547,8.0,223
2025-11-22,ABBV,2026-06-18,C,290.0,2.2,4.85,4.0,0.2795482202148437,50.0,21
2025-11-22,ABBV,2026-06-18,C,300.0,0.68,4.85,3.07,0.3073799731445312,11.0,555
2025-11-22,ABBV,2026-06-18,C,310.0,0.47,3.65,0.93,0.3054573849487304,1.0,9
2025-11-22,ABBV,2026-06-18,C,320.0,0.5,3.3,0.8,0.3198310205078124,10.0,41
2025-11-22,ABBV,2026-06-18,P,85.0,0.0,1.2,0.17,0.6772493212890626,6.0,24
2025-11-22,ABBV,2026-06-18,P,90.0,0.39,2.37,2.0,0.743044561767578,,8
2025-11-22,ABBV,2026-06-18,P,95.0,0.0,1.5,0.89,0.6315954809570312,26.0,28
2025-11-22,ABBV,2026-06-18,P,100.0,0.0,0.53,0.33,0.5117236328125,1.0,5
2025-11-22,ABBV,2026-06-18,P,105.0,0.0,2.21,0.21,0.6086464916992189,30.0,84
2025-11-22,ABBV,2026-06-18,P,110.0,0.0,1.08,0.58,0.5102588037109376,5.0,8
2025-11-22,ABBV,2026-06-18,P,115.0,0.0,0.0,0.9,0.2500075,2.0,8
2025-11-22,ABBV,2026-06-18,P,120.0,0.0,2.6,0.96,0.5356491748046875,5.0,286
2025-11-22,ABBV,2026-06-18,P,125.0,0.0,2.39,0.34,0.5792278405761719,1.0,232
2025-11-22,ABBV,2026-06-18,P,130.0,0.3,2.1,0.44,0.5325974475097657,1.0,519
2025-11-22,ABBV,2026-06-18,P,135.0,0.23,0.84,0.86,0.41699801757812494,10.0,476
2025-11-22,ABBV,2026-06-18,P,140.0,0.0,2.47,0.77,0.49561051269531253,1.0,403
2025-11-22,ABBV,2026-06-18,P,145.0,0.0,2.53,1.05,0.4710135906982422,16.0,270
2025-11-22,ABBV,2026-06-18,P,150.0,0.35,2.25,1.23,0.43140217041015627,1.0,1113
2025-11-22,ABBV,2026-06-18,P,155.0,0.75,2.53,1.23,0.41834077758789057,2.0,586
2025-11-22,ABBV,2026-06-18,P,160.0,1.03,2.8,1.34,0.403875590209961,10.0,744
2025-11-22,ABBV,2026-06-18,P,165.0,0.34,2.51,1.71,0.3676821044921875,5.0,833
2025-11-22,ABBV,2026-06-18,P,170.0,1.55,3.05,2.23,0.3629214099121094,1.0,1337
2025-11-22,ABBV,2026-06-18,P,175.0,1.6,4.35,2.62,0.3782410809326171,13.0,1529
2025-11-22,ABBV,2026-06-18,P,180.0,2.41,4.2,3.2,0.3482731188964844,2.0,1652
2025-11-22,ABBV,2026-06-18,P,185.0,3.0,4.55,3.85,0.33219051605224614,2.0,598
2025-11-22,ABBV,2026-06-18,P,190.0,3.95,5.45,4.25,0.3283758569335937,21.0,417
2025-11-22,ABBV,2026-06-18,P,195.0,3.85,6.25,5.85,0.3198005032348632,2.0,493
2025-11-22,ABBV,2026-06-18,P,200.0,5.0,6.7,7.75,0.30228358856201176,18.0,271
2025-11-22,ABBV,2026-06-18,P,210.0,6.65,10.4,8.6,0.31323928955078123,12.0,779
2025-11-22,ABBV,2026-06-18,P,220.0,10.8,12.65,11.5,0.28794047027587877,1.0,175
2025-11-22,ABBV,2026-06-18,P,230.0,14.85,17.5,15.43,0.2924875439453124,21.0,353
2025-11-22,ABBV,2026-06-18,P,240.0,19.3,20.7,20.0,0.2624280300903321,69.0,120
2025-11-22,ABBV,2026-06-18,P,250.0,24.75,27.1,28.0,0.26663941375732425,1.0,22
2025-11-22,ABBV,2026-06-18,P,260.0,31.0,33.75,30.03,0.26380130737304686,1.0,3
2025-11-22,ABBV,2026-06-18,P,270.0,43.1,45.45,51.2,0.33029844512939455,1.0,1
2025-11-22,ABBV,2026-06-18,P,280.0,45.9,48.5,63.67,0.24860370544433597,1.0,1
2025-11-22,ABBV,2026-06-18,P,290.0,57.5,59.9,59.6,0.30597617858886716,1.0,0
2025-11-22,ABBV,2026-06-18,P,300.0,117.3,120.35,115.4,1.0619553738403322,1.0,0
2025-11-22,ABBV,2026-09-18,C,95.0,114.3,117.45,93.86,1.0000000000000003e-05,,2
2025-11-22,ABBV,2026-09-18,C,100.0,110.55,112.25,87.5,1.0000000000000003e-05,,5
2025-11-22,ABBV,2026-09-18,C,110.0,125.0,129.0,103.73,0.581180946044922,1.0,1
2025-11-22,ABBV,2026-09-18,C,120.0,0.0,0.0,73.09,1.0000000000000003e-05,1.0,5
2025-11-22,ABBV,2026-09-18,C,125.0,85.25,88.3,71.07,1.0000000000000003e-05,1.0,1
2025-11-22,ABBV,2026-09-18,C,130.0,81.3,83.7,58.9,1.0000000000000003e-05,,1
2025-11-22,ABBV,2026-09-18,C,135.0,0.0,0.0,73.58,1.0000000000000003e-05,,1
2025-11-22,ABBV,2026-09-18,C,140.0,92.1,96.0,90.55,1.0000000000000003e-05,2.0,16
2025-11-22,ABBV,2026-09-18,C,150.0,84.0,86.9,82.93,0.27332269653320307,5.0,13
2025-11-22,ABBV,2026-09-18,C,155.0,78.15,82.35,79.25,0.2849192602539062,2.0,3
2025-11-22,ABBV,2026-09-18,C,160.0,54.0,56.6,42.73,1.0000000000000003e-05,1.0,13
2025-11-22,ABBV,2026-09-18,C,165.0,69.5,73.5,72.25,0.29596651306152344,1.0,10
2025-11-22,ABBV,2026-09-18,C,170.0,69.0,72.5,71.7,0.3802552209472656,10.0,47
2025-11-22,ABBV,2026-09-18,C,175.0,65.5,68.5,50.2,0.3772645281982422,1.0,72
2025-11-22,ABBV,2026-09-18,C,180.0,61.0,64.4,60.31,0.3704286590576171,2.0,44
2025-11-22,ABBV,2026-09-18,C,185.0,57.0,60.0,51.3,0.35681795532226557,5.0,91
2025-11-22,ABBV,2026-09-18,C,190.0,53.0,56.35,46.96,0.3551700225830078,9.0,94
2025-11-22,ABBV,2026-09-18,C,195.0,49.5,52.3,33.6,0.3451908743286133,1.0,96
2025-11-22,ABBV,2026-09-18,C,200.0,45.5,48.85,32.4,0.3430851824951171,1.0,246
2025-11-22,ABBV,2026-09-18,C,210.0,38.55,41.5,40.06,0.3272772351074219,2.0,257
2025-11-22,ABBV,2026-09-18,C,220.0,32.0,35.35,31.5,0.32128059097290035,1.0,125
2025-11-22,ABBV,2026-09-18,C,230.0,26.0,29.5,27.5,0.31214066772460936,9.0,586
2025-11-22,ABBV,2026-09-18,C,240.0,21.5,23.7,22.2,0.29706513488769526,38.0,338
2025-11-22,ABBV,2026-09-18,C,250.0,16.5,20.5,18.1,0.3057625576782227,26.0,257
2025-11-22,ABBV,2026-09-18,C,260.0,12.5,16.2,14.6,0.2949594430541992,16.0,454
2025-11-22,ABBV,2026-09-18,C,270.0,10.35,13.2,11.0,0.29335728622436513,1.0,219
2025-11-22,ABBV,2026-09-18,C,280.0,6.9,9.4,8.46,0.27466545654296876,40.0,144
2025-11-22,ABBV,2026-09-18,C,290.0,5.7,8.6,6.7,0.2908396112060546,10.0,352
2025-11-22,ABBV,2026-09-18,C,300.0,3.1,6.4,3.95,0.28211167114257807,5.0,19
2025-11-22,ABBV,2026-09-18,C,320.0,1.02,4.0,2.05,0.28125718749999995,1.0,16
2025-11-22,ABBV,2026-09-18,C,330.0,0.75,2.86,2.0,0.27411614562988285,30.0,25
2025-11-22,ABBV,2026-09-18,C,340.0,0.04,3.6,0.56,0.30902790588378903,,15
2025-11-22,ABBV,2026-09-18,P,95.0,0.0,0.6,2.5,0.506840869140625,1.0,32
2025-11-22,ABBV,2026-09-18,P,100.0,0.0,0.65,2.51,0.4870656762695313,1.0,4
2025-11-22,ABBV,2026-09-18,P,105.0,0.91,2.52,2.08,0.55273884765625,5.0,5
2025-11-22,ABBV,2026-09-18,P,110.0,0.0,2.75,0.7,0.5015918981933594,2.0,12
2025-11-22,ABBV,2026-09-18,P,115.0,0.0,0.93,0.7,0.4415339050292969,3.0,5
2025-11-22,ABBV,2026-09-18,P,120.0,0.0,2.73,0.75,0.5248460601806642,1.0,26
2025-11-22,ABBV,2026-09-18,P,125.0,0.0,0.0,1.38,0.12500875,1.0,2
2025-11-22,ABBV,2026-09-18,P,130.0,0.0,3.05,1.04,0.4854787780761719,1.0,20
2025-11-22,ABBV,2026-09-18,P,135.0,0.19,2.93,1.92,0.45532771240234376,1.0,17
2025-11-22,ABBV,2026-09-18,P,140.0,0.08,3.35,1.45,0.4464166687011719,3.0,88
2025-11-22,ABBV,2026-09-18,P,145.0,0.34,3.45,1.28,0.4255428540039063,1.0,88
2025-11-22,ABBV,2026-09-18,P,150.0,0.56,3.7,1.69,0.40991801025390623,1.0,134
2025-11-22,ABBV,2026-09-18,P,155.0,0.9,3.95,2.61,0.3940490283203125,2.0,247
2025-11-22,ABBV,2026-09-18,P,160.0,0.73,4.4,2.43,0.38349005187988283,5.0,117
2025-11-22,ABBV,2026-09-18,P,165.0,1.4,4.85,3.1,0.37201555725097657,32.0,153
2025-11-22,ABBV,2026-09-18,P,170.0,2.42,5.8,3.85,0.37116107360839845,1.0,381
2025-11-22,ABBV,2026-09-18,P,175.0,3.65,6.45,4.45,0.3617007189941406,1.0,43
2025-11-22,ABBV,2026-09-18,P,180.0,3.6,6.85,5.2,0.3461979443359374,6.0,615
2025-11-22,ABBV,2026-09-18,P,185.0,4.0,7.9,6.1,0.34229173339843744,2.0,814
2025-11-22,ABBV,2026-09-18,P,190.0,5.95,8.05,7.05,0.3210517114257812,2.0,170
2025-11-22,ABBV,2026-09-18,P,195.0,6.0,9.8,8.15,0.32602602691650384,1.0,476
2025-11-22,ABBV,2026-09-18,P,200.0,7.55,10.55,9.35,0.3129035995483398,2.0,157
2025-11-22,ABBV,2026-09-18,P,210.0,10.05,13.5,12.2,0.3040230731201171,1.0,476
2025-11-22,ABBV,2026-09-18,P,220.0,13.2,16.75,15.75,0.292151853942871,1.0,135
2025-11-22,ABBV,2026-09-18,P,230.0,17.0,20.05,21.75,0.27423821472167964,10.0,122
2025-11-22,ABBV,2026-09-18,P,240.0,22.2,24.65,24.8,0.2648083773803711,3.0,320
2025-11-22,ABBV,2026-09-18,P,250.0,27.0,31.0,31.65,0.26818053604125974,4.0,16
2025-11-22,ABBV,2026-09-18,P,260.0,34.9,38.0,44.15,0.2720714883422851,2.0,2
2025-11-22,ABBV,2026-09-18,P,270.0,50.15,53.95,61.21,0.3794312545776367,1.0,1
2025-11-22,ABBV,2026-09-18,P,280.0,52.05,54.95,60.7,0.2995065167236328,1.0,0
2025-11-22,ABBV,2026-09-18,P,300.0,64.0,67.45,69.65,0.2356033471679687,1.0,0
2025-11-22,ABBV,2026-09-18,P,310.0,73.0,76.0,78.92,0.22400678344726557,1.0,0
2025-11-22,ABBV,2026-09-18,P,320.0,85.5,89.25,99.95,0.31116411499023433,1.0,0
2025-11-22,ABBV,2026-10-16,C,105.0,126.65,130.5,124.0,1.0000000000000003e-05,1.0,0
2025-11-22,ABBV,2026-10-16,C,110.0,125.0,129.0,104.36,0.555790574951172,,1
2025-11-22,ABBV,2026-10-16,C,130.0,98.5,103.4,79.5,1.0000000000000003e-05,,16
2025-11-22,ABBV,2026-10-16,C,135.0,101.0,104.5,95.75,0.44574528869628904,1.0,2
2025-11-22,ABBV,2026-10-16,C,140.0,95.65,100.0,92.52,0.4389094195556641,1.0,2
2025-11-22,ABBV,2026-10-16,C,145.0,91.0,95.5,80.87,0.4304866522216797,,1
2025-11-22,ABBV,2026-10-16,C,150.0,82.75,86.25,72.93,1.0000000000000003e-05,,1
2025-11-22,ABBV,2026-10-16,C,155.0,81.75,86.0,64.95,0.39740592834472654,1.0,3
2025-11-22,ABBV,2026-10-16,C,165.0,0.0,0.0,55.64,1.0000000000000003e-05,,0
2025-11-22,ABBV,2026-10-16,C,170.0,69.5,73.0,68.2,0.3740907318115234,1.0,6
2025-11-22,ABBV,2026-10-16,C,175.0,51.9,54.35,44.36,1.0000000000000003e-05,,1
2025-11-22,ABBV,2026-10-16,C,180.0,53.15,57.45,45.8,0.19373364868164064,8.0,7
2025-11-22,ABBV,2026-10-16,C,185.0,57.5,61.0,53.9,0.35806916351318363,1.0,71
2025-11-22,ABBV,2026-10-16,C,190.0,53.5,57.0,48.2,0.34992105163574216,2.0,4
2025-11-22,ABBV,2026-10-16,C,195.0,50.0,53.0,49.6,0.34058276611328125,1.0,19
2025-11-22,ABBV,2026-10-16,C,200.0,46.5,49.5,47.45,0.33728690063476563,1.0,31
2025-11-22,ABBV,2026-10-16,C,210.0,39.5,42.15,34.1,0.32141791870117187,1.0,65
2025-11-22,ABBV,2026-10-16,C,220.0,33.0,36.0,33.9,0.31510084320068354,4.0,86
2025-11-22,ABBV,2026-10-16,C,230.0,27.0,30.5,25.98,0.3100349758911133,6.0,36
2025-11-22,ABBV,2026-10-16,C,240.0,22.55,25.1,23.82,0.299811689453125,3.0,43
2025-11-22,ABBV,2026-10-16,C,250.0,18.1,20.45,19.25,0.29184668121337876,2.0,203
2025-11-22,ABBV,2026-10-16,C,260.0,13.5,17.05,14.15,0.29181616394042953,1.0,173
2025-11-22,ABBV,2026-10-16,C,270.0,10.2,13.9,11.2,0.2889170230102538,2.0,116
2025-11-22,ABBV,2026-10-16,C,280.0,7.55,10.0,8.91,0.27045407287597656,40.0,41
2025-11-22,ABBV,2026-10-16,C,290.0,3.95,7.25,5.55,0.25913216461181643,,2
2025-11-22,ABBV,2026-10-16,C,300.0,3.55,7.25,4.83,0.2827067579650879,1.0,11
2025-11-22,ABBV,2026-10-16,C,310.0,1.83,4.0,5.5,0.24997698272705077,22.0,21
2025-11-22,ABBV,2026-10-16,C,320.0,1.49,2.98,2.11,0.24768818725585937,1.0,6
2025-11-22,ABBV,2026-10-16,C,330.0,0.56,2.93,1.54,0.26380130737304686,1.0,16
2025-11-22,ABBV,2026-10-16,C,340.0,0.11,3.65,1.54,0.296607375793457,4.0,15
2025-11-22,ABBV,2026-10-16,P,110.0,0.0,0.95,0.92,0.44714908325195313,5.0,23
2025-11-22,ABBV,2026-10-16,P,115.0,0.0,0.0,1.05,0.12500875,2.0,0
2025-11-22,ABBV,2026-10-16,P,125.0,0.64,3.1,0.64,0.49158223266601564,1.0,10
2025-11-22,ABBV,2026-10-16,P,130.0,0.5,3.2,1.04,0.4700370379638672,1.0,4
2025-11-22,ABBV,2026-10-16,P,135.0,0.12,3.35,1.05,0.45087219055175787,1.0,8
2025-11-22,ABBV,2026-10-16,P,140.0,0.38,3.5,1.9,0.43201251586914063,3.0,4
2025-11-22,ABBV,2026-10-16,P,145.0,0.59,3.75,2.31,0.4165097412109374,4.0,8
2025-11-22,ABBV,2026-10-16,P,150.0,0.92,3.95,3.2,0.3994811029052735,1.0,14
2025-11-22,ABBV,2026-10-16,P,155.0,0.74,4.3,3.2,0.3865417791748046,1.0,8
2025-11-22,ABBV,2026-10-16,P,160.0,1.21,4.75,2.94,0.37567763000488286,2.0,17
2025-11-22,ABBV,2026-10-16,P,165.0,2.05,5.7,3.9,0.37555556091308595,2.0,8
2025-11-22,ABBV,2026-10-16,P,170.0,2.37,6.15,3.85,0.36249416809082036,1.0,3
2025-11-22,ABBV,2026-10-16,P,175.0,3.0,7.05,4.7,0.3577945080566406,7.0,18
2025-11-22,ABBV,2026-10-16,P,180.0,4.15,7.7,5.55,0.3468998416137695,10.0,14
2025-11-22,ABBV,2026-10-16,P,185.0,4.7,7.45,6.8,0.3194648132324218,1.0,26
2025-11-22,ABBV,2026-10-16,P,190.0,5.75,9.55,7.65,0.33161068786621095,3.0,34
2025-11-22,ABBV,2026-10-16,P,195.0,6.8,10.55,9.05,0.3232794723510741,2.0,46
2025-11-22,ABBV,2026-10-16,P,200.0,8.0,11.15,10.15,0.30799031860351556,8.0,172
2025-11-22,ABBV,2026-10-16,P,210.0,10.85,14.25,13.4,0.30060513854980464,1.0,266
2025-11-22,ABBV,2026-10-16,P,220.0,14.95,18.0,16.65,0.29456271850585936,4.0,132
2025-11-22,ABBV,2026-10-16,P,230.0,18.6,22.0,20.9,0.28470563934326165,1.0,145
2025-11-22,ABBV,2026-10-16,P,240.0,22.65,25.7,25.7,0.2650372569274902,1.0,7
2025-11-22,ABBV,2026-10-16,P,250.0,29.0,32.5,30.75,0.2733532138061523,6.0,16
2025-11-22,ABBV,2026-10-16,P,300.0,67.0,70.5,71.88,0.27603873382568356,,0
2025-11-22,ABBV,2026-10-16,P,310.0,73.5,77.75,80.77,0.25107560455322264,1.0,0
2025-11-22,ABBV,2026-12-18,C,175.0,65.5,70.0,63.25,0.3563601962280273,2.0,2
2025-11-22,ABBV,2026-12-18,C,190.0,54.0,57.95,36.76,0.3340215524291992,1.0,1
2025-11-22,ABBV,2026-12-18,C,195.0,51.5,55.0,47.25,0.33887379882812496,1.0,12
2025-11-22,ABBV,2026-12-18,C,200.0,46.5,51.5,46.6,0.3345098287963867,3.0,3
2025-11-22,ABBV,2026-12-18,C,210.0,41.5,44.3,28.7,0.31972421005249013,,2
2025-11-22,ABBV,2026-12-18,C,220.0,34.0,38.5,33.17,0.3161689477539062,22.0,17
2025-11-22,ABBV,2026-12-18,C,230.0,29.5,33.0,26.82,0.3103096313476562,2.0,62
2025-11-22,ABBV,2026-12-18,C,240.0,24.0,28.0,25.9,0.30445031494140623,6.0,28
2025-11-22,ABBV,2026-12-18,C,250.0,19.5,23.5,18.64,0.2985909985351562,1.0,267
2025-11-22,ABBV,2026-12-18,C,260.0,16.15,19.85,17.5,0.29645478942871095,8.0,11
2025-11-22,ABBV,2026-12-18,C,270.0,12.35,15.95,13.09,0.2867502966308593,5.0,7
2025-11-22,ABBV,2026-12-18,C,280.0,9.4,13.0,10.44,0.2822489988708496,5.0,6
2025-11-22,ABBV,2026-12-18,C,300.0,5.1,8.85,7.21,0.2801280484008788,1.0,74
2025-11-22,ABBV,2026-12-18,C,310.0,3.85,7.7,5.2,0.2853770193481445,260.0,253
2025-11-22,ABBV,2026-12-18,P,115.0,0.0,3.05,1.15,0.4975636181640626,2.0,2
2025-11-22,ABBV,2026-12-18,P,120.0,0.9,3.25,1.06,0.4801077380371094,1.0,5
2025-11-22,ABBV,2026-12-18,P,125.0,0.06,3.35,1.6,0.45929495788574226,4.0,4
2025-11-22,ABBV,2026-12-18,P,140.0,0.9,3.9,2.75,0.40772076660156253,1.0,1
2025-11-22,ABBV,2026-12-18,P,145.0,0.68,4.2,3.51,0.394110062866211,,6
2025-11-22,ABBV,2026-12-18,P,150.0,1.14,4.65,3.2,0.38410039733886714,4.0,36
2025-11-22,ABBV,2026-12-18,P,155.0,1.66,5.75,4.32,0.38825074645996094,,1
2025-11-22,ABBV,2026-12-18,P,160.0,2.25,6.35,3.78,0.3790345300292969,1.0,2
2025-11-22,ABBV,2026-12-18,P,165.0,2.89,6.7,4.18,0.36414210083007814,4.0,9
2025-11-22,ABBV,2026-12-18,P,175.0,4.4,7.5,5.93,0.33566948516845707,1.0,7
2025-11-22,ABBV,2026-12-18,P,180.0,5.3,8.05,7.65,0.32355412780761705,3.0,4
2025-11-22,ABBV,2026-12-18,P,185.0,7.4,10.2,11.0,0.33551689880371094,1.0,2
2025-11-22,ABBV,2026-12-18,P,190.0,7.95,10.9,10.1,0.3233405068969726,3.0,45
2025-11-22,ABBV,2026-12-18,P,200.0,9.85,13.0,13.0,0.30634238586425777,4.0,8
2025-11-22,ABBV,2026-12-18,P,210.0,12.85,16.2,14.7,0.2985299639892578,1.0,5
2025-11-22,ABBV,2026-12-18,P,220.0,16.0,20.0,20.5,0.29193823303222644,4.0,22
2025-11-22,ABBV,2026-12-18,P,230.0,21.0,23.1,25.05,0.27237666107177727,4.0,10
2025-11-22,ABBV,2026-12-18,P,240.0,24.5,28.5,26.85,0.2715526947021484,1.0,5
2025-11-22,ABBV,2026-12-18,P,250.0,30.0,34.0,30.1,0.26581544738769536,,1
2025-11-22,ABBV,2026-12-18,P,320.0,83.0,87.5,87.27,0.24298852722167968,,1
2025-11-22,ABBV,2027-01-15,C,85.0,105.35,108.8,104.3,1.0000000000000003e-05,2.0,2
2025-11-22,ABBV,2027-01-15,C,90.0,119.45,122.25,100.64,1.0000000000000003e-05,1.0,0
2025-11-22,ABBV,2027-01-15,C,95.0,139.5,144.0,136.15,0.5734295587158205,1.0,5
2025-11-22,ABBV,2027-01-15,C,100.0,134.5,139.0,134.92,0.5447433221435547,1.0,25
2025-11-22,ABBV,2027-01-15,C,105.0,126.5,130.5,127.3,1.0000000000000003e-05,2.0,2
2025-11-22,ABBV,2027-01-15,C,110.0,121.5,125.5,122.0,1.0000000000000003e-05,1.0,4
2025-11-22,ABBV,2027-01-15,C,115.0,117.0,120.5,114.25,1.0000000000000003e-05,1.0,0
2025-11-22,ABBV,2027-01-15,C,120.0,111.5,115.5,112.75,1.0000000000000003e-05,4.0,2
2025-11-22,ABBV,2027-01-15,C,125.0,110.5,114.5,94.7,0.4386652813720704,6.0,50
2025-11-22,ABBV,2027-01-15,C,130.0,102.5,106.0,106.75,1.0000000000000003e-05,5.0,76
2025-11-22,ABBV,2027-01-15,C,135.0,100.5,105.0,92.2,0.40991801025390623,1.0,116
2025-11-22,ABBV,2027-01-15,C,140.0,96.0,100.5,78.98,0.4023497265625,10.0,199
2025-11-22,ABBV,2027-01-15,C,145.0,91.5,96.0,76.69,0.39374385559082037,9.0,61
2025-11-22,ABBV,2027-01-15,C,150.0,87.0,91.5,87.45,0.38422246643066404,3.0,151
2025-11-22,ABBV,2027-01-15,C,155.0,82.5,87.0,69.4,0.37399917999267573,1.0,91
2025-11-22,ABBV,2027-01-15,C,160.0,79.65,83.0,81.41,0.37317521362304684,1.0,225
2025-11-22,ABBV,2027-01-15,C,165.0,75.5,78.5,58.37,0.36118192535400384,1.0,133
2025-11-22,ABBV,2027-01-15,C,170.0,70.0,74.5,58.25,0.3574588180541992,1.0,213
2025-11-22,ABBV,2027-01-15,C,175.0,67.5,70.5,68.41,0.3523013989257812,4.0,488
2025-11-22,ABBV,2027-01-15,C,180.0,63.5,66.5,59.34,0.3459538061523437,5.0,599
2025-11-22,ABBV,2027-01-15,C,185.0,58.85,62.4,57.76,0.33707327972412116,1.0,247
2025-11-22,ABBV,2027-01-15,C,190.0,55.0,59.0,54.6,0.3368901760864258,2.0,672
2025-11-22,ABBV,2027-01-15,C,195.0,52.5,55.5,51.5,0.33374689697265625,4.0,526
2025-11-22,ABBV,2027-01-15,C,200.0,49.0,52.0,48.4,0.32926085784912107,1.0,1252
2025-11-22,ABBV,2027-01-15,C,210.0,42.5,45.5,44.0,0.322424988708496,1.0,2068
2025-11-22,ABBV,2027-01-15,C,220.0,36.4,39.5,33.85,0.31607739593505857,1.0,785
2025-11-22,ABBV,2027-01-15,C,230.0,30.5,34.0,32.13,0.30997394134521483,5.0,1814
2025-11-22,ABBV,2027-01-15,C,240.0,25.6,28.45,27.85,0.2985757398986816,30.0,296
2025-11-22,ABBV,2027-01-15,C,250.0,21.05,23.95,22.95,0.29288426849365223,101.0,997
2025-11-22,ABBV,2027-01-15,C,260.0,17.0,19.95,19.0,0.2873606420898437,5.0,579
2025-11-22,ABBV,2027-01-15,C,270.0,13.7,17.5,15.2,0.2929758203124999,1.0,369
2025-11-22,ABBV,2027-01-15,C,280.0,10.0,13.75,11.42,0.28076891113281244,7.0,194
2025-11-22,ABBV,2027-01-15,C,290.0,8.0,11.35,8.6,0.2784801156616211,1.0,276
2025-11-22,ABBV,2027-01-15,C,300.0,7.1,9.4,7.26,0.2773967524719238,44.0,360
2025-11-22,ABBV,2027-01-15,C,310.0,4.0,9.0,5.65,0.2926096130371093,5.0,273
2025-11-22,ABBV,2027-01-15,C,320.0,3.0,6.55,4.0,0.27805287384033206,2.0,36
2025-11-22,ABBV,2027-01-15,C,330.0,2.0,6.5,2.75,0.294379614868164,1.0,0
2025-11-22,ABBV,2027-01-15,C,340.0,2.52,4.0,2.47,0.26901976104736325,3.0,18
2025-11-22,ABBV,2027-01-15,P,85.0,0.0,0.63,0.29,0.4809622216796875,1.0,39
2025-11-22,ABBV,2027-01-15,P,90.0,0.0,1.0,0.34,0.4931691308593751,1.0,25
2025-11-22,ABBV,2027-01-15,P,95.0,0.0,1.9,1.7,0.5301560656738282,1.0,29
2025-11-22,ABBV,2027-01-15,P,100.0,0.05,1.0,0.5,0.44385321777343745,10.0,1098
2025-11-22,ABBV,2027-01-15,P,105.0,0.47,2.99,0.72,0.5299119274902344,1.0,36
2025-11-22,ABBV,2027-01-15,P,110.0,0.47,2.0,0.75,0.4588677160644532,3.0,73
2025-11-22,ABBV,2027-01-15,P,115.0,0.47,3.2,1.25,0.4864553308105469,2.0,63
2025-11-22,ABBV,2027-01-15,P,120.0,0.85,3.35,1.6,0.4674125524902344,1.0,87
2025-11-22,ABBV,2027-01-15,P,125.0,0.32,3.5,1.77,0.4487970159912109,1.0,41
2025-11-22,ABBV,2027-01-15,P,130.0,0.59,3.65,2.12,0.4306087213134766,1.0,425
2025-11-22,ABBV,2027-01-15,P,135.0,0.83,3.9,2.27,0.41571629211425776,1.0,249
2025-11-22,ABBV,2027-01-15,P,140.0,0.0,4.25,2.3,0.4036314520263672,3.0,999
2025-11-22,ABBV,2027-01-15,P,145.0,0.8,4.65,3.02,0.3923705783081054,1.0,370
2025-11-22,ABBV,2027-01-15,P,150.0,1.0,5.5,3.52,0.3910888528442382,1.0,278
2025-11-22,ABBV,2027-01-15,P,155.0,1.5,6.0,4.28,0.38040780731201174,1.0,188
2025-11-22,ABBV,2027-01-15,P,160.0,3.7,6.45,3.88,0.36817038085937503,5.0,885
2025-11-22,ABBV,2027-01-15,P,165.0,2.5,7.5,4.75,0.3667055517578125,1.0,352
2025-11-22,ABBV,2027-01-15,P,170.0,3.5,8.0,5.97,0.3540103662109374,1.0,1186
2025-11-22,ABBV,2027-01-15,P,175.0,4.9,7.35,7.05,0.321723091430664,1.0,580
2025-11-22,ABBV,2027-01-15,P,180.0,7.0,9.0,8.0,0.32755189056396483,15.0,481
2025-11-22,ABBV,2027-01-15,P,185.0,6.0,10.5,8.5,0.3284674087524414,1.0,618
2025-11-22,ABBV,2027-01-15,P,190.0,8.5,10.4,9.2,0.3053963504028321,1.0,873
2025-11-22,ABBV,2027-01-15,P,195.0,8.5,12.1,11.62,0.3065865240478516,2.0,148
2025-11-22,ABBV,2027-01-15,P,200.0,9.5,13.65,11.9,0.3040230731201171,8.0,380
2025-11-22,ABBV,2027-01-15,P,210.0,13.0,16.5,16.27,0.29181616394042953,82.0,1096
2025-11-22,ABBV,2027-01-15,P,220.0,16.5,19.85,18.35,0.28041796249389644,18.0,446
2025-11-22,ABBV,2027-01-15,P,230.0,20.5,25.0,24.08,0.28249313705444334,3.0,239
2025-11-22,ABBV,2027-01-15,P,240.0,25.35,29.5,29.25,0.272269850616455,1.0,252
2025-11-22,ABBV,2027-01-15,P,250.0,30.85,34.5,36.62,0.26175665008544924,1.0,24
2025-11-22,ABBV,2027-01-15,P,260.0,37.5,42.0,36.1,0.27089657333374023,10.0,10
2025-11-22,ABBV,2027-01-15,P,270.0,43.0,46.5,44.9,0.24407189041137695,1.0,1
2025-11-22,ABBV,2027-01-15,P,280.0,52.0,55.0,60.05,0.25406629730224617,2.0,2
2025-11-22,ABBV,2027-01-15,P,290.0,58.0,62.0,65.13,0.2425612854003906,2.0,2
2025-11-22,ABBV,2027-01-15,P,300.0,68.0,71.0,77.35,0.25095353546142574,4.0,2
2025-11-22,ABBV,2027-01-15,P,310.0,74.5,77.5,78.43,0.2180253979492187,1.0,1
2025-11-22,ABBV,2027-01-15,P,320.0,83.0,87.5,85.91,0.23474886352539062,1.0,0
2025-11-22,ABBV,2027-06-17,C,125.0,106.5,111.0,104.89,1.0000000000000003e-05,,2
2025-11-22,ABBV,2027-06-17,C,130.0,103.0,106.5,112.37,0.21265435791015624,,3
2025-11-22,ABBV,2027-06-17,C,140.0,93.0,97.5,91.49,0.25427991821289064,,2
2025-11-22,ABBV,2027-06-17,C,150.0,84.5,89.0,83.04,0.2724071783447265,,1
2025-11-22,ABBV,2027-06-17,C,170.0,72.0,76.5,59.6,0.33444879425048823,3.0,2
2025-11-22,ABBV,2027-06-17,C,180.0,64.5,69.0,46.79,0.32758240783691406,,1
2025-11-22,ABBV,2027-06-17,C,190.0,57.5,62.0,45.27,0.32227240234374993,1.0,1
2025-11-22,ABBV,2027-06-17,C,195.0,54.0,58.5,55.9,0.3180305014038085,3.0,7
2025-11-22,ABBV,2027-06-17,C,200.0,51.0,55.5,49.7,0.3179847254943847,,1
2025-11-22,ABBV,2027-06-17,C,210.0,44.5,49.0,45.09,0.30962299270629884,2.0,5
2025-11-22,ABBV,2027-06-17,C,220.0,39.0,43.5,36.7,0.30689169677734374,2.0,24
2025-11-22,ABBV,2027-06-17,C,230.0,33.5,38.0,21.45,0.30025418991088865,2.0,18
2025-11-22,ABBV,2027-06-17,C,240.0,28.5,33.5,31.05,0.2986672917175292,200.0,23
2025-11-22,ABBV,2027-06-17,C,250.0,25.5,29.0,26.9,0.2934488380432128,2.0,9
2025-11-22,ABBV,2027-06-17,C,260.0,21.55,25.0,23.41,0.2890238334655761,3.0,59
2025-11-22,ABBV,2027-06-17,C,270.0,15.5,18.25,20.1,0.2573011282348633,,1
2025-11-22,ABBV,2027-06-17,C,280.0,14.0,18.5,12.7,0.2831797756958008,,2
2025-11-22,ABBV,2027-06-17,C,290.0,9.5,12.8,13.25,0.2523268127441406,1.0,1
2025-11-22,ABBV,2027-06-17,C,300.0,9.5,14.0,10.85,0.28330184478759757,1.0,9
2025-11-22,ABBV,2027-06-17,C,310.0,7.5,11.6,9.5,0.2777477011108398,,11
2025-11-22,ABBV,2027-06-17,C,340.0,3.5,7.15,4.45,0.27413140426635746,,13
2025-11-22,ABBV,2027-06-17,P,115.0,0.37,3.7,1.85,0.4321345849609375,2.0,10
2025-11-22,ABBV,2027-06-17,P,120.0,0.86,2.97,2.78,0.3880676428222656,130.0,134
2025-11-22,ABBV,2027-06-17,P,140.0,2.16,5.85,3.18,0.380590910949707,,1
2025-11-22,ABBV,2027-06-17,P,150.0,3.15,6.25,4.49,0.34909708526611327,,1
2025-11-22,ABBV,2027-06-17,P,155.0,3.5,8.0,5.06,0.3603274417114257,17.0,21
2025-11-22,ABBV,2027-06-17,P,170.0,6.0,10.5,8.25,0.33872121246337883,1.0,10
2025-11-22,ABBV,2027-06-17,P,180.0,10.0,11.8,11.5,0.3164741204833984,,1
2025-11-22,ABBV,2027-06-17,P,195.0,12.55,15.65,15.43,0.3014748808288575,,1
2025-11-22,ABBV,2027-06-17,P,220.0,21.0,25.0,23.48,0.2869944348144531,,1
2025-11-22,ABBV,2027-06-17,P,230.0,25.0,29.0,26.73,0.27675588973999016,16.0,159
2025-11-22,ABBV,2027-06-17,P,240.0,29.5,34.0,29.9,0.2714458842468262,3.0,1
2025-11-22,ABBV,2027-06-17,P,250.0,35.5,40.5,33.82,0.27495537063598635,,11
2025-11-22,ABBV,2027-06-17,P,310.0,76.5,81.0,82.35,0.23165136032104489,1.0,2
2025-11-22,ABBV,2027-09-17,C,115.0,119.5,124.5,99.15,0.3864197100830078,1.0,1
2025-11-22,ABBV,2027-09-17,C,130.0,102.5,106.5,112.74,0.19702951416015624,,5
2025-11-22,ABBV,2027-09-17,C,135.0,98.0,102.45,97.7,0.2477492218017578,,4
2025-11-22,ABBV,2027-09-17,C,150.0,88.5,93.5,75.75,0.3400029379272461,2.0,2
2025-11-22,ABBV,2027-09-17,C,160.0,80.5,85.5,68.6,0.3335943106079102,2.0,3
2025-11-22,ABBV,2027-09-17,C,165.0,77.0,81.5,70.5,0.3288030987548828,1.0,1
2025-11-22,ABBV,2027-09-17,C,170.0,73.0,77.5,70.85,0.3231574032592772,15.0,16
2025-11-22,ABBV,2027-09-17,C,175.0,69.5,73.65,69.87,0.31856455368041986,12.0,14
2025-11-22,ABBV,2027-09-17,C,180.0,66.0,70.5,63.15,0.3210517114257812,3.0,10
2025-11-22,ABBV,2027-09-17,C,185.0,62.5,67.0,64.12,0.3182593809509277,14.0,21
2025-11-22,ABBV,2027-09-17,C,190.0,59.0,63.5,47.33,0.31453627365112297,5.0,3
2025-11-22,ABBV,2027-09-17,C,195.0,55.5,60.5,44.95,0.31487196365356435,2.0,19
2025-11-22,ABBV,2027-09-17,C,200.0,53.25,56.7,49.96,0.3065102308654785,6.0,6
2025-11-22,ABBV,2027-09-17,C,210.0,46.5,51.0,35.88,0.30513695358276366,3.0,8
2025-11-22,ABBV,2027-09-17,C,220.0,41.0,45.5,39.8,0.3017190190124512,3.0,15
2025-11-22,ABBV,2027-09-17,C,230.0,35.5,40.5,39.09,0.2990182403564453,3.0,27
2025-11-22,ABBV,2027-09-17,C,240.0,31.0,35.5,33.33,0.2930978894042968,2.0,26
2025-11-22,ABBV,2027-09-17,C,260.0,23.0,27.5,23.32,0.2879557289123534,1.0,6
2025-11-22,ABBV,2027-09-17,C,270.0,20.5,24.0,19.95,0.28496503616332997,15.0,4
2025-11-22,ABBV,2027-09-17,C,280.0,16.0,20.4,11.32,0.2783580465698242,2.0,1
2025-11-22,ABBV,2027-09-17,C,290.0,13.5,18.0,9.76,0.27889209884643557,2.0,1
2025-11-22,ABBV,2027-09-17,C,300.0,11.0,15.15,7.98,0.27307855834960937,6.0,3
2025-11-22,ABBV,2027-09-17,C,330.0,6.0,10.5,7.75,0.2771373556518554,,4
2025-11-22,ABBV,2027-09-17,C,340.0,4.5,9.5,6.63,0.2804942556762695,1.0,4
2025-11-22,ABBV,2027-09-17,P,115.0,1.12,3.9,2.4,0.40668317932128906,1.0,52
2025-11-22,ABBV,2027-09-17,P,120.0,0.5,4.3,2.8,0.39685661743164063,3.0,143
2025-11-22,ABBV,2027-09-17,P,130.0,1.0,6.0,4.35,0.39514765014648445,14.0,14
2025-11-22,ABBV,2027-09-17,P,135.0,2.0,6.5,5.2,0.38504643280029294,,1
2025-11-22,ABBV,2027-09-17,P,140.0,2.5,7.0,5.05,0.3746400427246094,1.0,5
2025-11-22,ABBV,2027-09-17,P,145.0,3.0,6.95,5.2,0.35455967712402336,1.0,12
2025-11-22,ABBV,2027-09-17,P,150.0,3.9,8.5,6.25,0.3610903735351562,,4
2025-11-22,ABBV,2027-09-17,P,165.0,6.75,10.05,8.65,0.32692628646850586,,10
2025-11-22,ABBV,2027-09-17,P,170.0,7.85,11.2,11.3,0.32329473098754874,15.0,15
2025-11-22,ABBV,2027-09-17,P,175.0,8.5,13.0,10.55,0.32642275146484373,15.0,11
2025-11-22,ABBV,2027-09-17,P,180.0,9.5,13.6,14.75,0.31441420455932617,1.0,2
2025-11-22,ABBV,2027-09-17,P,190.0,12.0,17.0,16.05,0.31262894409179687,1.0,5
2025-11-22,ABBV,2027-09-17,P,195.0,13.5,18.5,16.0,0.3081429049682617,1.0,3
2025-11-22,ABBV,2027-09-17,P,210.0,18.5,23.5,26.2,0.2946237530517578,1.0,2
2025-11-22,ABBV,2027-09-17,P,220.0,22.5,27.0,27.0,0.28330184478759757,1.0,2
2025-11-22,ABBV,2027-09-17,P,230.0,27.0,30.85,29.1,0.271918901977539,1.0,4
2025-11-22,ABBV,2027-09-17,P,240.0,32.0,36.0,33.84,0.26782958740234375,10.0,10
2025-11-22,ABBV,2027-09-17,P,250.0,37.5,42.0,42.4,0.2670361383056641,,0
2025-11-22,ABBV,2027-09-17,P,280.0,55.0,60.0,55.1,0.24483482223510744,,3
2025-11-22,ABBV,2027-09-17,P,310.0,77.5,81.0,88.3,0.21508048110961914,,1
2025-11-22,ABBV,2028-01-21,C,115.0,120.0,124.5,103.0,0.3541324353027343,3.0,15
2025-11-22,ABBV,2028-01-21,C,120.0,115.0,120.0,98.75,0.34918863708496095,3.0,21
2025-11-22,ABBV,2028-01-21,C,125.0,110.5,115.0,95.81,0.3315496533203125,2.0,5
2025-11-22,ABBV,2028-01-21,C,130.0,103.0,107.0,102.4,0.21887988159179686,1.0,5
2025-11-22,ABBV,2028-01-21,C,135.0,102.0,106.5,87.18,0.32898620239257803,3.0,30
2025-11-22,ABBV,2028-01-21,C,140.0,97.5,102.0,83.6,0.3210517114257812,1.0,22
2025-11-22,ABBV,2028-01-21,C,145.0,93.5,98.0,79.3,0.3208686077880859,3.0,20
2025-11-22,ABBV,2028-01-21,C,150.0,89.5,94.0,91.02,0.31915964050292955,2.0,114
2025-11-22,ABBV,2028-01-21,C,155.0,87.0,90.0,81.0,0.3162299822998046,1.0,7
2025-11-22,ABBV,2028-01-21,C,160.0,82.0,86.5,64.0,0.3187018814086914,1.0,21
2025-11-22,ABBV,2028-01-21,C,165.0,78.0,82.5,60.46,0.31354446228027344,10.0,86
2025-11-22,ABBV,2028-01-21,C,170.0,74.5,79.0,62.6,0.3133613586425781,2.0,22
2025-11-22,ABBV,2028-01-21,C,175.0,71.0,75.5,59.9,0.3119880813598632,1.0,21
2025-11-22,ABBV,2028-01-21,C,180.0,67.5,72.0,62.65,0.3096077340698242,1.0,159
2025-11-22,ABBV,2028-01-21,C,185.0,64.0,69.0,61.8,0.31119463226318356,2.0,58
2025-11-22,ABBV,2028-01-21,C,190.0,61.0,65.5,59.35,0.3069832485961914,4.0,80
2025-11-22,ABBV,2028-01-21,C,195.0,57.5,62.5,57.51,0.30654074813842774,7.0,143
2025-11-22,ABBV,2028-01-21,C,200.0,55.0,59.5,55.7,0.3051827294921875,8.0,151
2025-11-22,ABBV,2028-01-21,C,210.0,49.0,53.5,50.0,0.3000405690002441,1.0,165
2025-11-22,ABBV,2028-01-21,C,220.0,43.5,48.0,44.97,0.29596651306152344,2.0,176
2025-11-22,ABBV,2028-01-21,C,230.0,38.5,43.0,40.5,0.2928384925842284,4.0,213
2025-11-22,ABBV,2028-01-21,C,240.0,34.0,38.5,34.76,0.29062599029541014,1.0,158
2025-11-22,ABBV,2028-01-21,C,250.0,29.5,34.0,30.55,0.2857661145782471,2.0,201
2025-11-22,ABBV,2028-01-21,C,260.0,25.5,30.5,27.25,0.2856211575317382,1.0,97
2025-11-22,ABBV,2028-01-21,C,270.0,22.6,27.0,23.45,0.28305770660400387,2.0,50
2025-11-22,ABBV,2028-01-21,C,280.0,20.0,24.0,20.68,0.28185227432250975,2.0,20
2025-11-22,ABBV,2028-01-21,C,290.0,16.5,21.0,10.8,0.2784801156616211,4.0,6
2025-11-22,ABBV,2028-01-21,C,300.0,14.0,18.5,10.5,0.27675588973999016,1.0,32
2025-11-22,ABBV,2028-01-21,C,310.0,12.05,16.2,10.5,0.27460442199707036,1.0,3
2025-11-22,ABBV,2028-01-21,C,320.0,10.5,13.65,11.66,0.2683331224060058,1.0,3
2025-11-22,ABBV,2028-01-21,C,330.0,8.5,13.0,8.5,0.27649649291992184,1.0,24
2025-11-22,ABBV,2028-01-21,C,340.0,6.5,10.45,4.65,0.2662274305725098,,4
2025-11-22,ABBV,2028-01-21,P,115.0,1.0,4.0,3.85,0.3753724572753906,1.0,40
2025-11-22,ABBV,2028-01-21,P,120.0,2.4,6.0,4.65,0.40085438018798825,3.0,11
2025-11-22,ABBV,2028-01-21,P,125.0,2.4,6.5,5.14,0.39087523193359375,12.0,12
2025-11-22,ABBV,2028-01-21,P,130.0,2.5,7.0,6.05,0.3806214282226562,2.0,17
2025-11-22,ABBV,2028-01-21,P,135.0,3.0,7.5,4.85,0.37021503814697265,8.0,18
2025-11-22,ABBV,2028-01-21,P,140.0,3.5,8.5,7.8,0.36749900085449216,10.0,13
2025-11-22,ABBV,2028-01-21,P,145.0,5.7,8.35,8.35,0.3467472552490234,3.0,41
2025-11-22,ABBV,2028-01-21,P,150.0,5.5,9.0,8.05,0.3382024188232422,2.0,7
2025-11-22,ABBV,2028-01-21,P,155.0,6.0,9.95,9.25,0.3333196551513672,,1
2025-11-22,ABBV,2028-01-21,P,160.0,7.05,10.3,9.25,0.3201514518737792,1.0,3
2025-11-22,ABBV,2028-01-21,P,170.0,9.0,14.0,12.53,0.32804016693115234,6.0,27
2025-11-22,ABBV,2028-01-21,P,175.0,10.5,15.0,16.1,0.3206549868774413,1.0,9
2025-11-22,ABBV,2028-01-21,P,180.0,11.5,16.5,14.5,0.3178779150390625,1.0,9
2025-11-22,ABBV,2028-01-21,P,185.0,13.5,17.25,14.45,0.30704428314208976,2.0,11
2025-11-22,ABBV,2028-01-21,P,190.0,14.5,19.0,21.57,0.305320057220459,1.0,49
2025-11-22,ABBV,2028-01-21,P,195.0,16.0,20.15,22.4,0.2973550489807128,2.0,53
2025-11-22,ABBV,2028-01-21,P,200.0,17.5,22.0,24.25,0.29503573623657225,14.0,44
2025-11-22,ABBV,2028-01-21,P,210.0,22.0,25.5,23.19,0.2864298652648925,2.0,89
2025-11-22,ABBV,2028-01-21,P,220.0,25.0,29.5,26.8,0.27912097839355465,10.0,154
2025-11-22,ABBV,2028-01-21,P,230.0,29.5,32.5,31.56,0.26163458099365233,1.0,53
2025-11-22,ABBV,2028-01-21,P,240.0,35.8,38.5,36.19,0.26380130737304686,1.0,43
2025-11-22,ABBV,2028-01-21,P,250.0,40.0,44.15,42.65,0.26036811416625977,1.0,5
2025-11-22,ABBV,2028-01-21,P,260.0,46.0,50.5,55.75,0.25917794052124027,,4
2025-11-22,ABBV,2028-01-21,P,270.0,52.0,56.5,56.7,0.25273879592895504,5.0,10
2025-11-22,ABBV,2028-01-21,P,280.0,58.5,63.0,69.3,0.24724568679809572,4.0,9
2025-11-22,ABBV,2028-01-21,P,290.0,65.5,70.0,74.75,0.24285119949340817,,2
2025-11-22,ABBV,2028-01-21,P,330.0,97.5,102.5,98.33,0.23842619491577144,,0
