date,ticker,expiration,option_type,strike,bid,ask,last,implied_vol,volume,open_interest
2025-11-22,ABT,2025-11-28,C,110.0,17.05,19.05,17.36,1.0224658251953125,,1
2025-11-22,ABT,2025-11-28,C,120.0,7.4,9.2,5.2,0.6093789062500001,2.0,7
2025-11-22,ABT,2025-11-28,C,121.0,6.45,8.25,10.5,0.5722699023437501,2.0,18
2025-11-22,ABT,2025-11-28,C,122.0,5.35,7.3,4.5,0.53320779296875,9.0,31
2025-11-22,ABT,2025-11-28,C,123.0,4.5,6.35,2.81,0.49219257812500006,4.0,6
2025-11-22,ABT,2025-11-28,C,124.0,3.95,5.0,4.48,0.37354142089843745,9.0,20
2025-11-22,ABT,2025-11-28,C,125.0,2.96,4.2,3.74,0.35864899169921877,33.0,47
2025-11-22,ABT,2025-11-28,C,126.0,2.78,3.55,2.83,0.36084623535156246,5.0,62
2025-11-22,ABT,2025-11-28,C,127.0,2.08,2.42,2.39,0.2775951147460937,56.0,293
2025-11-22,ABT,2025-11-28,C,128.0,1.48,1.88,1.55,0.27857166748046874,383.0,351
2025-11-22,ABT,2025-11-28,C,129.0,0.99,1.3,0.78,0.25977302734375,43.0,156
2025-11-22,ABT,2025-11-28,C,130.0,0.63,0.78,0.8,0.23389437988281248,108.0,252
2025-11-22,ABT,2025-11-28,C,131.0,0.4,0.58,0.51,0.24658956542968752,16.0,270
2025-11-22,ABT,2025-11-28,C,132.0,0.25,0.51,0.38,0.2758861474609374,4.0,73
2025-11-22,ABT,2025-11-28,C,133.0,0.01,0.43,0.24,0.2978585839843749,1.0,18
2025-11-22,ABT,2025-11-28,C,134.0,0.01,0.65,0.68,0.38794557373046873,3.0,93
2025-11-22,ABT,2025-11-28,C,135.0,0.05,0.3,0.25,0.33350275878906255,5.0,31
2025-11-22,ABT,2025-11-28,C,136.0,0.0,2.31,0.15,0.5766643896484375,1.0,51
2025-11-22,ABT,2025-11-28,C,137.0,0.0,2.18,0.05,0.6030313134765627,61.0,49
2025-11-22,ABT,2025-11-28,C,140.0,0.0,0.28,0.5,0.4819387744140625,,7
2025-11-22,ABT,2025-11-28,C,141.0,0.0,0.27,0.47,0.506840869140625,,2
2025-11-22,ABT,2025-11-28,C,142.0,0.0,2.14,0.41,0.782228740234375,2.0,2
2025-11-22,ABT,2025-11-28,C,145.0,0.0,0.25,0.86,0.5302781347656251,,1
2025-11-22,ABT,2025-11-28,P,113.0,0.0,2.14,0.12,0.9272468212890624,,1
2025-11-22,ABT,2025-11-28,P,115.0,0.0,0.76,0.28,0.6171913281250001,1.0,7
2025-11-22,ABT,2025-11-28,P,116.0,0.0,0.38,0.52,0.579105771484375,1.0,2
2025-11-22,ABT,2025-11-28,P,117.0,0.0,2.17,0.05,0.7485376708984376,1.0,6
2025-11-22,ABT,2025-11-28,P,118.0,0.0,2.19,0.29,0.7045927978515626,4.0,7
2025-11-22,ABT,2025-11-28,P,119.0,0.0,0.83,0.26,0.5937540625000001,4.0,216
2025-11-22,ABT,2025-11-28,P,120.0,0.0,1.05,0.31,0.6005899316406251,12.0,41
2025-11-22,ABT,2025-11-28,P,121.0,0.02,0.77,0.85,0.4892629199218751,12.0,79
2025-11-22,ABT,2025-11-28,P,122.0,0.01,0.95,1.54,0.48340360351562506,100.0,31
2025-11-22,ABT,2025-11-28,P,123.0,0.08,0.5,0.23,0.335944140625,12.0,76
2025-11-22,ABT,2025-11-28,P,124.0,0.28,0.54,0.54,0.3012765185546875,47.0,129
2025-11-22,ABT,2025-11-28,P,125.0,0.33,0.67,0.46,0.28076891113281244,93.0,122
2025-11-22,ABT,2025-11-28,P,126.0,0.61,0.85,0.59,0.2617261328125,5.0,54
2025-11-22,ABT,2025-11-28,P,127.0,0.88,1.3,1.1,0.2761302856445312,63.0,18
2025-11-22,ABT,2025-11-28,P,128.0,1.26,1.74,1.58,0.2739330419921875,588.0,106
2025-11-22,ABT,2025-11-28,P,129.0,1.78,2.29,1.83,0.27539787109374997,28.0,34
2025-11-22,ABT,2025-11-28,P,130.0,2.4,3.35,2.16,0.34570966796874997,58.0,21
2025-11-22,ABT,2025-11-28,P,131.0,2.47,4.25,7.5,0.38477177734374995,89.0,113
2025-11-22,ABT,2025-11-28,P,132.0,3.25,5.3,2.65,0.4445856323242187,7.0,7
2025-11-22,ABT,2025-11-28,P,133.0,4.3,6.3,3.3,0.49341326904296884,1.0,1
2025-11-22,ABT,2025-11-28,P,136.0,7.1,9.5,12.0,0.6660189648437502,1.0,0
2025-11-22,ABT,2025-12-05,C,110.0,16.95,19.45,15.77,0.7763694238281251,1.0,1
2025-11-22,ABT,2025-12-05,C,111.0,16.15,18.25,19.27,0.7055693505859376,1.0,1
2025-11-22,ABT,2025-12-05,C,120.0,7.6,9.55,9.92,0.46533737792968755,10.0,13
2025-11-22,ABT,2025-12-05,C,122.0,5.8,7.75,3.95,0.42163664306640625,,1
2025-11-22,ABT,2025-12-05,C,124.0,4.6,5.35,5.0,0.2985909985351562,13.0,42
2025-11-22,ABT,2025-12-05,C,125.0,4.05,4.65,4.26,0.2966378930664062,9.0,59
2025-11-22,ABT,2025-12-05,C,126.0,3.5,4.0,3.82,0.29492892578124996,1.0,42
2025-11-22,ABT,2025-12-05,C,127.0,2.68,3.1,2.95,0.26099371826171874,2.0,11
2025-11-22,ABT,2025-12-05,C,128.0,2.19,2.65,2.1,0.2690502783203125,17.0,27
2025-11-22,ABT,2025-12-05,C,129.0,1.71,2.04,1.63,0.2541578491210938,12.0,15
2025-11-22,ABT,2025-12-05,C,130.0,1.1,1.63,1.26,0.25318129638671877,18.0,56
2025-11-22,ABT,2025-12-05,C,131.0,0.84,1.34,1.25,0.2590406127929688,15.0,27
2025-11-22,ABT,2025-12-05,C,132.0,0.63,1.05,0.92,0.25879647460937505,2.0,57
2025-11-22,ABT,2025-12-05,C,133.0,0.47,0.85,0.59,0.26392337646484376,27.0,25
2025-11-22,ABT,2025-12-05,C,134.0,0.3,0.8,0.51,0.28565167480468745,5.0,11
2025-11-22,ABT,2025-12-05,C,135.0,0.0,1.51,0.85,0.40991801025390623,2.0,4
2025-11-22,ABT,2025-12-05,C,136.0,0.0,2.31,0.76,0.5390671093750001,5.0,50
2025-11-22,ABT,2025-12-05,C,138.0,0.0,0.4,0.1,0.31519239501953117,7.0,21
2025-11-22,ABT,2025-12-05,P,100.0,0.0,2.13,0.03,1.0327196801757816,,5
2025-11-22,ABT,2025-12-05,P,115.0,0.0,1.17,0.53,0.5861857788085938,12.0,13
2025-11-22,ABT,2025-12-05,P,116.0,0.0,2.27,0.53,0.5485884985351563,2.0,4
2025-11-22,ABT,2025-12-05,P,117.0,0.0,2.29,0.28,0.5185595019531251,,2
2025-11-22,ABT,2025-12-05,P,118.0,0.0,2.33,0.87,0.6589389575195312,3.0,6
2025-11-22,ABT,2025-12-05,P,119.0,0.03,2.37,0.71,0.6269568554687501,1.0,7
2025-11-22,ABT,2025-12-05,P,120.0,0.11,1.28,0.87,0.442388388671875,76.0,70
2025-11-22,ABT,2025-12-05,P,121.0,0.27,0.85,0.33,0.3452213916015625,31.0,4
2025-11-22,ABT,2025-12-05,P,122.0,0.24,0.91,1.25,0.3225165405273437,5.0,20
2025-11-22,ABT,2025-12-05,P,123.0,0.53,0.79,1.6,0.27295648925781246,6.0,18
2025-11-22,ABT,2025-12-05,P,124.0,0.69,0.96,1.25,0.2629468237304688,10.0,48
2025-11-22,ABT,2025-12-05,P,125.0,0.87,1.17,0.85,0.25318129638671877,1.0,51
2025-11-22,ABT,2025-12-05,P,126.0,1.11,1.43,1.44,0.24414818359375,1.0,11
2025-11-22,ABT,2025-12-05,P,127.0,1.3,1.95,4.1,0.256843369140625,50.0,73
2025-11-22,ABT,2025-12-05,P,128.0,1.71,2.47,1.8,0.26197027099609377,11.0,28
2025-11-22,ABT,2025-12-05,P,129.0,2.21,2.75,2.4,0.23535920898437498,,1
2025-11-22,ABT,2025-12-05,P,130.0,2.79,3.55,2.97,0.25659923095703124,6.0,311
2025-11-22,ABT,2025-12-05,P,137.0,8.05,10.55,11.3,0.4880422290039063,,0
2025-11-22,ABT,2025-12-12,C,110.0,16.45,20.05,17.9,0.7131376342773439,,1
2025-11-22,ABT,2025-12-12,C,123.0,5.7,7.25,5.42,0.35925933715820313,,1
2025-11-22,ABT,2025-12-12,C,124.0,5.05,5.9,6.76,0.29431858032226554,1.0,4
2025-11-22,ABT,2025-12-12,C,125.0,4.25,5.25,2.5,0.2941965112304687,10.0,21
2025-11-22,ABT,2025-12-12,C,126.0,4.0,4.6,4.27,0.29016823120117186,2.0,4
2025-11-22,ABT,2025-12-12,C,127.0,3.35,3.85,3.59,0.27417718017578124,37.0,307
2025-11-22,ABT,2025-12-12,C,128.0,2.75,3.1,2.67,0.2546461254882813,23.0,8
2025-11-22,ABT,2025-12-12,C,129.0,2.23,2.68,2.2,0.2585523364257813,2.0,4
2025-11-22,ABT,2025-12-12,C,130.0,1.78,2.19,2.1,0.2524488818359375,7.0,6
2025-11-22,ABT,2025-12-12,C,131.0,1.39,1.77,1.7,0.2475661181640625,3.0,23
2025-11-22,ABT,2025-12-12,C,132.0,1.17,1.54,1.51,0.2556226782226563,40.0,19
2025-11-22,ABT,2025-12-12,C,133.0,0.84,1.28,1.1,0.2573316455078125,7.0,21
2025-11-22,ABT,2025-12-12,C,134.0,0.63,1.07,0.88,0.2602613037109375,13.0,51
2025-11-22,ABT,2025-12-12,C,135.0,0.31,1.02,0.95,0.27808339111328123,20.0,22
2025-11-22,ABT,2025-12-12,C,136.0,0.27,1.34,1.07,0.33618827880859375,2.0,1
2025-11-22,ABT,2025-12-12,C,140.0,0.0,2.28,0.35,0.5268602001953125,2.0,9
2025-11-22,ABT,2025-12-12,P,115.0,0.25,2.28,0.45,0.6140175317382813,16.0,19
2025-11-22,ABT,2025-12-12,P,116.0,0.0,2.32,1.13,0.5893595751953126,1.0,4
2025-11-22,ABT,2025-12-12,P,117.0,0.0,2.36,0.7,0.5642133422851563,1.0,11
2025-11-22,ABT,2025-12-12,P,118.0,0.0,2.41,0.97,0.5400436621093752,1.0,18
2025-11-22,ABT,2025-12-12,P,119.0,0.0,1.26,0.99,0.38086556640624997,6.0,206
2025-11-22,ABT,2025-12-12,P,121.0,0.5,1.16,1.71,0.3156806713867187,5.0,6
2025-11-22,ABT,2025-12-12,P,122.0,0.55,1.26,1.99,0.299811689453125,1.0,4
2025-11-22,ABT,2025-12-12,P,123.0,0.71,1.18,2.29,0.26319096191406255,5.0,7
2025-11-22,ABT,2025-12-12,P,124.0,0.9,1.36,2.38,0.25269302001953126,5.0,88
2025-11-22,ABT,2025-12-12,P,125.0,1.18,1.66,1.72,0.25049577636718745,28.0,21
2025-11-22,ABT,2025-12-12,P,126.0,1.45,1.94,3.65,0.242195078125,19.0,28
2025-11-22,ABT,2025-12-12,P,127.0,1.92,2.21,2.2,0.2291336853027344,511.0,8
2025-11-22,ABT,2025-12-12,P,128.0,2.14,2.86,2.36,0.24378197631835938,4.0,21
2025-11-22,ABT,2025-12-12,P,129.0,2.81,3.35,3.05,0.24024197265624997,8.0,2699
2025-11-22,ABT,2025-12-12,P,130.0,3.35,4.05,3.33,0.2500075,2.0,14
2025-11-22,ABT,2025-12-19,C,100.0,27.3,29.3,31.58,0.7390162817382812,1.0,1
2025-11-22,ABT,2025-12-19,C,105.0,22.3,24.35,26.3,0.6355016918945313,1.0,1
2025-11-22,ABT,2025-12-19,C,110.0,17.4,20.0,16.51,0.6079140771484376,2.0,7
2025-11-22,ABT,2025-12-19,C,115.0,12.7,14.6,15.5,0.44434149414062496,1.0,1
2025-11-22,ABT,2025-12-19,C,120.0,8.15,10.0,6.49,0.3654848608398438,3.0,20
2025-11-22,ABT,2025-12-19,C,125.0,5.15,5.55,5.1,0.27637442382812494,322.0,1707
2025-11-22,ABT,2025-12-19,C,130.0,2.29,2.52,2.26,0.24146266357421875,2477.0,1841
2025-11-22,ABT,2025-12-19,C,135.0,0.73,0.95,0.84,0.23242955078125,939.0,2501
2025-11-22,ABT,2025-12-19,C,140.0,0.04,0.4,0.2,0.2485426708984375,1507.0,1974
2025-11-22,ABT,2025-12-19,C,145.0,0.01,0.35,0.18,0.30762411132812495,20.0,365
2025-11-22,ABT,2025-12-19,C,150.0,0.0,0.2,0.08,0.331061376953125,1.0,69
2025-11-22,ABT,2025-12-19,C,155.0,0.0,0.55,0.08,0.4721732470703125,1.0,2
2025-11-22,ABT,2025-12-19,C,160.0,0.0,0.25,0.05,0.45313046875,1.0,26
2025-11-22,ABT,2025-12-19,C,165.0,0.0,0.71,0.16,0.5361374511718751,,300
2025-11-22,ABT,2025-12-19,P,100.0,0.0,0.1,0.07,0.44336494140625,1.0,89
2025-11-22,ABT,2025-12-19,P,105.0,0.0,0.82,0.1,0.5651898950195313,10.0,18
2025-11-22,ABT,2025-12-19,P,110.0,0.0,0.4,0.18,0.3842835009765625,1.0,85
2025-11-22,ABT,2025-12-19,P,115.0,0.25,0.47,0.32,0.3073799731445312,44.0,620
2025-11-22,ABT,2025-12-19,P,120.0,0.69,1.0,0.85,0.2775951147460937,88.0,798
2025-11-22,ABT,2025-12-19,P,125.0,1.49,2.02,1.76,0.24390404541015626,196.0,1887
2025-11-22,ABT,2025-12-19,P,130.0,3.75,4.65,3.8,0.2590406127929688,190.0,612
2025-11-22,ABT,2025-12-19,P,135.0,6.6,8.25,9.34,0.2711254528808594,1.0,120
2025-11-22,ABT,2025-12-19,P,140.0,9.0,11.2,9.2,1.0000000000000003e-05,,10
2025-11-22,ABT,2025-12-19,P,145.0,12.4,16.15,13.25,1.0000000000000003e-05,,0
2025-11-22,ABT,2025-12-26,C,123.0,5.7,8.55,10.15,0.3684145190429688,3.0,3
2025-11-22,ABT,2025-12-26,C,125.0,5.0,6.2,4.3,0.29041236938476556,4.0,7
2025-11-22,ABT,2025-12-26,C,127.0,4.05,4.95,4.08,0.28162339477539056,,1
2025-11-22,ABT,2025-12-26,C,128.0,3.5,4.4,1.93,0.2786937365722656,2.0,1
2025-11-22,ABT,2025-12-26,C,129.0,2.94,3.9,2.11,0.27674063110351554,2.0,3
2025-11-22,ABT,2025-12-26,C,130.0,2.45,2.9,2.85,0.2399978344726562,63.0,68
2025-11-22,ABT,2025-12-26,C,131.0,2.06,3.05,1.05,0.27539787109374997,1.0,3
2025-11-22,ABT,2025-12-26,C,132.0,0.63,2.63,1.9,0.27149166015625,1.0,3
2025-11-22,ABT,2025-12-26,C,133.0,1.38,2.52,0.85,0.28650615844726557,1.0,5
2025-11-22,ABT,2025-12-26,C,135.0,0.89,1.15,1.05,0.2243729907226562,85.0,126
2025-11-22,ABT,2025-12-26,C,136.0,0.0,1.46,1.23,0.26770751831054684,,1
2025-11-22,ABT,2025-12-26,C,137.0,0.0,2.41,1.23,0.35986968261718744,,1
2025-11-22,ABT,2025-12-26,C,139.0,0.0,2.48,0.76,0.40210558837890625,1.0,16
2025-11-22,ABT,2025-12-26,C,140.0,0.0,0.93,0.48,0.2846751220703124,8.0,15
2025-11-22,ABT,2025-12-26,C,141.0,0.0,2.38,0.6,0.4292049267578125,1.0,1
2025-11-22,ABT,2025-12-26,P,114.0,0.0,2.34,0.51,0.49878430908203125,,1
2025-11-22,ABT,2025-12-26,P,118.0,0.0,1.81,0.73,0.36304347900390627,3.0,3
2025-11-22,ABT,2025-12-26,P,123.0,1.19,2.25,2.51,0.2836985693359374,5.0,5
2025-11-22,ABT,2025-12-26,P,126.0,1.7,3.25,3.49,0.27295648925781246,1.0,1
2025-11-22,ABT,2025-12-26,P,127.0,2.29,3.65,1.88,0.26929441650390623,8.0,8
2025-11-22,ABT,2025-12-26,P,128.0,2.78,4.05,2.25,0.26343510009765625,17.0,9
2025-11-22,ABT,2026-01-02,C,125.0,5.6,6.6,7.4,0.288947540283203,1.0,1
2025-11-22,ABT,2026-01-02,C,129.0,2.69,4.35,1.84,0.2782054602050781,3.0,3
2025-11-22,ABT,2026-01-02,C,130.0,2.8,3.55,3.0,0.256843369140625,94.0,6
2025-11-22,ABT,2026-01-02,P,130.0,4.0,5.2,4.42,0.24280542358398435,9.0,5
2025-11-22,ABT,2026-01-02,P,135.0,6.05,9.45,6.2,0.30213100219726563,5.0,5
2025-11-22,ABT,2026-01-16,C,50.0,79.65,82.5,83.25,1.9504397009277343,2.0,23
2025-11-22,ABT,2026-01-16,C,55.0,0.0,0.0,84.1,1.0000000000000003e-05,3.0,5
2025-11-22,ABT,2026-01-16,C,60.0,66.95,69.4,67.69,0.8007832421875,1.0,7
2025-11-22,ABT,2026-01-16,C,65.0,62.0,64.65,66.51,0.8476577734374999,5.0,6
2025-11-22,ABT,2026-01-16,C,70.0,53.6,57.5,67.0,1.0000000000000003e-05,1.0,31
2025-11-22,ABT,2026-01-16,C,75.0,52.1,54.75,49.37,0.7304714453125,10.0,26
2025-11-22,ABT,2026-01-16,C,80.0,47.1,49.6,49.0,0.62305064453125,1.0,47
2025-11-22,ABT,2026-01-16,C,85.0,42.2,45.5,45.4,0.6865265722656251,3.0,23
2025-11-22,ABT,2026-01-16,C,90.0,37.2,39.75,35.4,0.5239305419921875,1.0,1508
2025-11-22,ABT,2026-01-16,C,95.0,34.5,37.45,39.07,0.7834494311523439,1.0,85
2025-11-22,ABT,2026-01-16,C,97.5,34.15,37.45,35.55,0.9302985485839843,2.0,38
2025-11-22,ABT,2026-01-16,C,100.0,29.75,32.15,30.55,0.6853058813476562,15.0,948
2025-11-22,ABT,2026-01-16,C,105.0,22.9,25.05,27.44,0.514531221923828,1.0,724
2025-11-22,ABT,2026-01-16,C,110.0,18.05,20.2,17.37,0.4422663195800781,20.0,853
2025-11-22,ABT,2026-01-16,C,115.0,13.4,15.45,11.35,0.37439590454101557,5.0,699
2025-11-22,ABT,2026-01-16,C,120.0,9.25,11.2,10.23,0.33008482421874996,3.0,1119
2025-11-22,ABT,2026-01-16,C,125.0,6.25,6.7,6.13,0.25476819458007816,47.0,2960
2025-11-22,ABT,2026-01-16,C,130.0,3.5,3.85,3.97,0.23694610717773437,146.0,3891
2025-11-22,ABT,2026-01-16,C,135.0,1.68,1.98,1.64,0.22748575256347653,551.0,7279
2025-11-22,ABT,2026-01-16,C,140.0,0.61,0.85,0.83,0.21717091430664062,469.0,6715
2025-11-22,ABT,2026-01-16,C,145.0,0.3,0.62,0.25,0.2485426708984375,2.0,11126
2025-11-22,ABT,2026-01-16,C,150.0,0.1,0.25,0.15,0.24195093994140626,38.0,4786
2025-11-22,ABT,2026-01-16,C,155.0,0.0,0.5,0.07,0.3237372314453124,10.0,1609
2025-11-22,ABT,2026-01-16,C,160.0,0.0,0.1,0.1,0.273444765625,20.0,509
2025-11-22,ABT,2026-01-16,C,165.0,0.0,2.0,0.06,0.5686078295898438,8.0,333
2025-11-22,ABT,2026-01-16,C,170.0,0.0,0.65,0.1,0.4624077197265626,1.0,268
2025-11-22,ABT,2026-01-16,C,175.0,0.0,0.2,0.05,0.4023497265625,1.0,5
2025-11-22,ABT,2026-01-16,C,180.0,0.0,2.13,0.02,0.5918009570312501,1.0,62
2025-11-22,ABT,2026-01-16,C,185.0,0.0,1.13,0.2,0.5493209130859377,1.0,88
2025-11-22,ABT,2026-01-16,C,190.0,0.0,2.05,0.38,0.6543003320312502,1.0,2
2025-11-22,ABT,2026-01-16,C,195.0,0.0,2.03,0.38,0.684573466796875,1.0,20
2025-11-22,ABT,2026-01-16,P,50.0,0.01,0.09,0.01,0.9492192578124999,1.0,288
2025-11-22,ABT,2026-01-16,P,55.0,0.0,1.48,0.03,1.2793004785156248,1.0,137
2025-11-22,ABT,2026-01-16,P,60.0,0.0,0.2,0.07,0.8437515624999999,2.0,76
2025-11-22,ABT,2026-01-16,P,65.0,0.01,0.26,0.04,0.7929708203125,6.0,328
2025-11-22,ABT,2026-01-16,P,70.0,0.0,0.0,0.15,0.2500075,1.0,0
2025-11-22,ABT,2026-01-16,P,75.0,0.0,0.73,0.06,0.7495142236328125,2.0,357
2025-11-22,ABT,2026-01-16,P,80.0,0.02,1.68,0.05,0.7939473730468749,87.0,430
2025-11-22,ABT,2026-01-16,P,85.0,0.03,0.52,0.02,0.5664105859375,1.0,692
2025-11-22,ABT,2026-01-16,P,90.0,0.0,0.73,0.15,0.524418818359375,70.0,1431
2025-11-22,ABT,2026-01-16,P,95.0,0.05,0.52,0.15,0.49023947265625006,3.0,510
2025-11-22,ABT,2026-01-16,P,97.5,0.01,0.41,0.16,0.432622861328125,23.0,1211
2025-11-22,ABT,2026-01-16,P,100.0,0.0,0.75,0.24,0.4585015087890626,3.0,1064
2025-11-22,ABT,2026-01-16,P,105.0,0.26,0.45,0.3,0.34180345703125,3.0,1362
2025-11-22,ABT,2026-01-16,P,110.0,0.38,0.85,0.51,0.3278875805664062,20.0,2225
2025-11-22,ABT,2026-01-16,P,115.0,0.75,1.17,0.88,0.28504132934570303,16.0,1851
2025-11-22,ABT,2026-01-16,P,120.0,1.41,1.89,1.5,0.25623302368164064,264.0,5759
2025-11-22,ABT,2026-01-16,P,125.0,2.74,3.0,2.94,0.22364057617187497,108.0,6360
2025-11-22,ABT,2026-01-16,P,130.0,4.8,5.55,5.24,0.2274247180175781,177.0,3106
2025-11-22,ABT,2026-01-16,P,135.0,8.05,9.4,9.3,0.2580640600585938,1.0,1692
2025-11-22,ABT,2026-01-16,P,140.0,11.35,13.45,13.22,0.27075924560546877,37.0,271
2025-11-22,ABT,2026-01-16,P,145.0,16.0,18.05,16.34,0.29944548217773437,5.0,0
2025-11-22,ABT,2026-01-16,P,150.0,17.8,21.15,15.15,1.0000000000000003e-05,15.0,0
2025-11-22,ABT,2026-01-16,P,155.0,22.85,26.15,26.7,1.0000000000000003e-05,5.0,9
2025-11-22,ABT,2026-01-16,P,160.0,28.05,31.15,31.72,1.0000000000000003e-05,5.0,0
2025-11-22,ABT,2026-01-16,P,165.0,31.2,34.0,44.02,1.0000000000000003e-05,1.0,0
2025-11-22,ABT,2026-01-16,P,170.0,52.6,56.05,53.5,1.261478302001953,,0
2025-11-22,ABT,2026-01-16,P,180.0,46.35,48.0,54.41,1.0000000000000003e-05,2.0,0
2025-11-22,ABT,2026-01-16,P,185.0,46.9,50.25,56.91,1.0000000000000003e-05,,0
2025-11-22,ABT,2026-01-16,P,195.0,61.2,62.85,60.8,1.0000000000000003e-05,5.0,0
2025-11-22,ABT,2026-02-20,C,85.0,48.25,49.85,49.25,1.0069629730224607,,0
2025-11-22,ABT,2026-02-20,C,90.0,43.0,45.3,44.55,0.9166268103027344,,0
2025-11-22,ABT,2026-02-20,C,95.0,0.0,0.0,38.56,1.0000000000000003e-05,16.0,8
2025-11-22,ABT,2026-02-20,C,100.0,27.65,30.25,32.68,0.4848684326171875,1.0,2
2025-11-22,ABT,2026-02-20,C,105.0,25.05,27.65,29.49,0.5642133422851563,1.0,1
2025-11-22,ABT,2026-02-20,C,110.0,18.45,20.65,16.8,0.3734193518066406,5.0,18
2025-11-22,ABT,2026-02-20,C,115.0,14.1,16.1,12.46,0.3272772351074219,4.0,81
2025-11-22,ABT,2026-02-20,C,120.0,11.15,12.2,10.4,0.30359583129882806,22.0,301
2025-11-22,ABT,2026-02-20,C,125.0,7.65,8.5,7.0,0.2727123510742187,21.0,376
2025-11-22,ABT,2026-02-20,C,130.0,4.9,5.55,4.9,0.2524488818359375,50.0,620
2025-11-22,ABT,2026-02-20,C,135.0,2.94,3.25,3.25,0.23365024169921872,89.0,6401
2025-11-22,ABT,2026-02-20,C,140.0,1.62,1.98,1.78,0.233406103515625,103.0,665
2025-11-22,ABT,2026-02-20,C,145.0,0.75,1.0,0.8,0.22315229980468748,31.0,624
2025-11-22,ABT,2026-02-20,C,150.0,0.36,1.08,0.35,0.2690502783203125,2.0,306
2025-11-22,ABT,2026-02-20,C,155.0,0.0,0.45,0.35,0.24732197998046873,2.0,200
2025-11-22,ABT,2026-02-20,C,160.0,0.0,0.37,0.85,0.26734131103515624,1.0,2
2025-11-22,ABT,2026-02-20,C,165.0,0.0,2.19,0.14,0.45715874877929696,1.0,22
2025-11-22,ABT,2026-02-20,C,170.0,0.0,0.29,0.35,0.3090889404296875,2.0,1
2025-11-22,ABT,2026-02-20,C,180.0,0.0,2.13,0.04,0.551762294921875,,1
2025-11-22,ABT,2026-02-20,P,70.0,0.0,0.52,0.38,0.6162147753906251,1.0,1
2025-11-22,ABT,2026-02-20,P,75.0,0.0,0.0,0.27,0.2500075,1.0,2
2025-11-22,ABT,2026-02-20,P,80.0,0.0,0.0,0.34,0.2500075,,1
2025-11-22,ABT,2026-02-20,P,95.0,0.0,1.48,0.33,0.49658706542968756,2.0,50
2025-11-22,ABT,2026-02-20,P,100.0,0.0,1.05,0.32,0.39111937011718745,1.0,44
2025-11-22,ABT,2026-02-20,P,105.0,0.5,2.38,0.75,0.43286699951171875,3.0,214
2025-11-22,ABT,2026-02-20,P,110.0,0.87,1.4,1.26,0.2995675512695312,21.0,127
2025-11-22,ABT,2026-02-20,P,115.0,1.48,1.78,1.51,0.26099371826171874,11.0,6060
2025-11-22,ABT,2026-02-20,P,120.0,2.39,2.67,2.61,0.23841093627929685,91.0,2124
2025-11-22,ABT,2026-02-20,P,125.0,3.85,4.35,4.0,0.23041541076660155,51.0,1247
2025-11-22,ABT,2026-02-20,P,130.0,6.05,6.8,6.3,0.22730264892578123,68.0,1681
2025-11-22,ABT,2026-02-20,P,135.0,9.0,10.4,8.5,0.2447585290527344,4.0,245
2025-11-22,ABT,2026-02-20,P,140.0,12.25,14.05,16.15,0.2425612854003906,5.0,8
2025-11-22,ABT,2026-02-20,P,160.0,28.35,31.05,24.33,1.0000000000000003e-05,1.0,0
2025-11-22,ABT,2026-03-20,C,75.0,58.05,60.25,59.0,1.069950939331055,2.0,10
2025-11-22,ABT,2026-03-20,C,80.0,53.25,54.2,47.22,0.9471440832519531,1.0,1
2025-11-22,ABT,2026-03-20,C,85.0,48.45,49.35,49.59,0.870240555419922,2.0,1
2025-11-22,ABT,2026-03-20,C,90.0,43.65,45.1,36.9,0.8132342895507811,2.0,5
2025-11-22,ABT,2026-03-20,C,95.0,38.95,41.2,29.17,0.767702518310547,1.0,3
2025-11-22,ABT,2026-03-20,C,100.0,28.2,30.5,30.1,0.43970286865234376,5.0,66
2025-11-22,ABT,2026-03-20,C,105.0,23.6,25.85,22.7,0.39856558471679693,2.0,58
2025-11-22,ABT,2026-03-20,C,110.0,19.1,21.35,16.3,0.3614565808105469,2.0,56
2025-11-22,ABT,2026-03-20,C,115.0,14.85,17.05,13.25,0.32782654602050776,5.0,229
2025-11-22,ABT,2026-03-20,C,120.0,12.05,13.15,12.21,0.3019478985595704,3.0,444
2025-11-22,ABT,2026-03-20,C,125.0,8.65,9.45,9.1,0.2717968328857422,4.0,994
2025-11-22,ABT,2026-03-20,C,130.0,5.85,6.45,6.15,0.2514723291015625,12.0,1087
2025-11-22,ABT,2026-03-20,C,135.0,3.8,4.1,3.9,0.23517610534667968,25.0,2319
2025-11-22,ABT,2026-03-20,C,140.0,2.33,2.73,2.47,0.2357254162597656,43.0,860
2025-11-22,ABT,2026-03-20,C,145.0,1.26,1.8,1.51,0.23804472900390622,6.0,766
2025-11-22,ABT,2026-03-20,C,150.0,0.62,1.5,0.8,0.2601392346191406,3.0,534
2025-11-22,ABT,2026-03-20,C,155.0,0.32,0.7,0.65,0.2391433508300781,16.0,354
2025-11-22,ABT,2026-03-20,C,160.0,0.15,2.31,1.66,0.3736024554443359,4.0,253
2025-11-22,ABT,2026-03-20,C,165.0,0.0,2.22,0.28,0.4008848974609375,2.0,120
2025-11-22,ABT,2026-03-20,C,170.0,0.0,2.19,0.12,0.4295100994873047,10.0,222
2025-11-22,ABT,2026-03-20,C,175.0,0.0,0.0,0.37,0.12500875,1.0,202
2025-11-22,ABT,2026-03-20,C,180.0,0.0,2.1,0.88,0.47998566894531247,2.0,4
2025-11-22,ABT,2026-03-20,C,185.0,0.0,1.4,0.69,0.4559380578613281,8.0,114
2025-11-22,ABT,2026-03-20,C,190.0,0.0,0.86,0.3,0.43030354858398445,1.0,16
2025-11-22,ABT,2026-03-20,C,195.0,0.0,2.07,0.29,0.5524947094726562,1.0,13
2025-11-22,ABT,2026-03-20,C,200.0,0.0,0.66,0.33,0.44824770507812495,1.0,15
2025-11-22,ABT,2026-03-20,P,60.0,0.0,0.85,0.09,0.7153348779296875,2.0,4
2025-11-22,ABT,2026-03-20,P,65.0,0.0,2.21,0.46,0.7827170166015626,1.0,10
2025-11-22,ABT,2026-03-20,P,70.0,0.0,0.0,0.27,0.2500075,1.0,150
2025-11-22,ABT,2026-03-20,P,75.0,0.0,0.0,0.33,0.2500075,1.0,1
2025-11-22,ABT,2026-03-20,P,80.0,0.0,2.36,0.58,0.584965087890625,1.0,2
2025-11-22,ABT,2026-03-20,P,85.0,0.0,0.49,0.28,0.43018147949218755,2.0,2
2025-11-22,ABT,2026-03-20,P,90.0,0.05,2.35,0.45,0.5649457568359376,1.0,27
2025-11-22,ABT,2026-03-20,P,95.0,0.0,2.45,0.39,0.5069629382324219,2.0,59
2025-11-22,ABT,2026-03-20,P,100.0,0.0,1.2,0.44,0.354376573486328,2.0,239
2025-11-22,ABT,2026-03-20,P,105.0,0.53,2.9,1.3,0.40759869750976563,1.0,468
2025-11-22,ABT,2026-03-20,P,110.0,1.14,1.79,1.31,0.2851023638916015,4.0,877
2025-11-22,ABT,2026-03-20,P,115.0,1.83,2.33,2.13,0.25525647094726567,160.0,1418
2025-11-22,ABT,2026-03-20,P,120.0,2.92,3.9,2.92,0.257819921875,23.0,2872
2025-11-22,ABT,2026-03-20,P,125.0,4.45,4.65,4.55,0.21198297790527343,80.0,1062
2025-11-22,ABT,2026-03-20,P,130.0,6.55,6.75,6.95,0.19678537597656248,16.0,1110
2025-11-22,ABT,2026-03-20,P,135.0,9.4,10.55,10.8,0.21930712341308595,1.0,223
2025-11-22,ABT,2026-03-20,P,140.0,13.0,14.45,14.0,0.22888954711914064,1.0,105
2025-11-22,ABT,2026-03-20,P,145.0,0.0,0.0,15.75,1.0000000000000003e-05,1.0,0
2025-11-22,ABT,2026-03-20,P,150.0,21.1,23.2,24.45,0.2493971545410156,2.0,1
2025-11-22,ABT,2026-03-20,P,155.0,22.4,26.35,20.2,1.0000000000000003e-05,1.0,0
2025-11-22,ABT,2026-03-20,P,160.0,0.0,0.0,22.05,1.0000000000000003e-05,1.0,1
2025-11-22,ABT,2026-03-20,P,165.0,30.3,33.05,34.3,1.0000000000000003e-05,1.0,1
2025-11-22,ABT,2026-05-15,C,115.0,17.05,18.3,13.72,0.3133613586425781,1.0,15
2025-11-22,ABT,2026-05-15,C,120.0,13.3,14.55,11.35,0.29242650939941395,13.0,15
2025-11-22,ABT,2026-05-15,C,125.0,10.05,11.35,8.1,0.2790599438476562,2.0,43
2025-11-22,ABT,2026-05-15,C,130.0,7.5,8.5,5.9,0.2651440673828125,18.0,107
2025-11-22,ABT,2026-05-15,C,135.0,5.3,6.1,5.7,0.25238784729003905,18.0,173
2025-11-22,ABT,2026-05-15,C,140.0,3.5,4.3,3.9,0.24488059814453128,25.0,508
2025-11-22,ABT,2026-05-15,C,145.0,2.33,2.93,2.65,0.23853300537109373,30.0,247
2025-11-22,ABT,2026-05-15,C,150.0,1.31,1.97,1.69,0.2348709326171875,8.0,101
2025-11-22,ABT,2026-05-15,C,155.0,0.78,2.9,1.32,0.30322962402343745,1.0,48
2025-11-22,ABT,2026-05-15,C,160.0,0.46,1.12,0.95,0.24805439453125,6.0,6
2025-11-22,ABT,2026-05-15,C,165.0,0.36,0.91,0.44,0.25830819824218754,6.0,8
2025-11-22,ABT,2026-05-15,P,80.0,0.0,0.57,0.37,0.4101621484375,,1
2025-11-22,ABT,2026-05-15,P,85.0,0.0,0.89,0.46,0.4023497265625,,1
2025-11-22,ABT,2026-05-15,P,90.0,0.0,2.6,0.61,0.4805960144042969,1.0,6
2025-11-22,ABT,2026-05-15,P,95.0,0.58,2.83,0.86,0.43860424682617194,1.0,6
2025-11-22,ABT,2026-05-15,P,100.0,0.88,3.15,1.45,0.40064075927734377,1.0,72
2025-11-22,ABT,2026-05-15,P,105.0,1.33,2.72,2.08,0.32739930419921875,16.0,47
2025-11-22,ABT,2026-05-15,P,110.0,2.1,2.64,2.21,0.27295648925781246,66.0,220
2025-11-22,ABT,2026-05-15,P,115.0,2.98,3.3,4.1,0.24701680725097658,23.0,547
2025-11-22,ABT,2026-05-15,P,120.0,4.2,4.5,4.5,0.2316361016845703,26.0,227
2025-11-22,ABT,2026-05-15,P,125.0,5.8,6.0,5.9,0.2140581524658203,149.0,190
2025-11-22,ABT,2026-05-15,P,130.0,7.0,8.55,8.25,0.2132036688232422,14.0,79
2025-11-22,ABT,2026-05-15,P,135.0,10.6,12.2,13.2,0.22956092712402343,3.0,36
2025-11-22,ABT,2026-05-15,P,140.0,14.0,15.5,17.35,0.22321333435058593,10.0,27
2025-11-22,ABT,2026-06-18,C,60.0,75.05,76.5,74.49,1.1553997308349608,,0
2025-11-22,ABT,2026-06-18,C,70.0,65.7,67.3,64.45,1.0080616003417968,2.0,3
2025-11-22,ABT,2026-06-18,C,80.0,47.55,50.8,45.05,0.5518843640136719,1.0,6
2025-11-22,ABT,2026-06-18,C,85.0,45.2,48.05,49.0,0.5429733203125001,1.0,2
2025-11-22,ABT,2026-06-18,C,90.0,38.45,41.4,41.67,0.4758353198242187,1.0,1
2025-11-22,ABT,2026-06-18,C,95.0,39.7,42.55,33.9,0.6185340881347658,1.0,4
2025-11-22,ABT,2026-06-18,C,100.0,29.35,32.1,32.04,0.40204455383300786,2.0,29
2025-11-22,ABT,2026-06-18,C,105.0,32.05,33.1,31.8,0.5410812493896486,1.0,6
2025-11-22,ABT,2026-06-18,C,110.0,20.9,23.2,20.0,0.3372258660888672,1.0,147
2025-11-22,ABT,2026-06-18,C,115.0,17.8,19.2,18.1,0.3143379113769531,1.0,126
2025-11-22,ABT,2026-06-18,C,120.0,14.15,15.3,14.35,0.28864236755371087,4.0,56
2025-11-22,ABT,2026-06-18,C,125.0,10.9,12.2,10.0,0.2778392529296875,1.0,367
2025-11-22,ABT,2026-06-18,C,130.0,8.1,9.4,10.0,0.26581544738769536,2.0,289
2025-11-22,ABT,2026-06-18,C,135.0,6.0,6.95,6.6,0.2533033654785156,6.0,199
2025-11-22,ABT,2026-06-18,C,140.0,4.05,5.15,4.2,0.2478712908935547,42.0,452
2025-11-22,ABT,2026-06-18,C,145.0,2.7,4.35,3.3,0.2620923400878906,3.0,431
2025-11-22,ABT,2026-06-18,C,150.0,1.75,2.72,2.12,0.24225611267089842,1.0,265
2025-11-22,ABT,2026-06-18,C,155.0,1.09,3.15,2.02,0.2862009857177734,1.0,1109
2025-11-22,ABT,2026-06-18,C,160.0,0.67,2.8,1.17,0.30048306945800785,16.0,334
2025-11-22,ABT,2026-06-18,C,165.0,0.0,2.55,0.87,0.3156196368408203,5.0,28
2025-11-22,ABT,2026-06-18,C,170.0,0.0,2.39,0.44,0.3321599987792969,2.0,115
2025-11-22,ABT,2026-06-18,C,175.0,0.0,0.9,0.53,0.2747875256347656,30.0,30
2025-11-22,ABT,2026-06-18,C,180.0,0.31,2.35,0.55,0.37317521362304684,,1
2025-11-22,ABT,2026-06-18,C,185.0,0.0,0.91,0.95,0.31116411499023433,,0
2025-11-22,ABT,2026-06-18,C,190.0,0.0,1.24,0.69,0.35108070800781244,1.0,1
2025-11-22,ABT,2026-06-18,C,195.0,0.0,0.0,0.21,0.12500875,10.0,24
2025-11-22,ABT,2026-06-18,C,200.0,0.0,0.51,0.12,0.3220282641601562,2.0,3
2025-11-22,ABT,2026-06-18,P,60.0,0.0,0.34,0.14,0.5190477783203125,,1
2025-11-22,ABT,2026-06-18,P,65.0,0.0,1.46,0.68,0.5400436621093752,1.0,0
2025-11-22,ABT,2026-06-18,P,70.0,0.0,1.53,0.73,0.577152666015625,1.0,0
2025-11-22,ABT,2026-06-18,P,75.0,0.0,1.4,1.41,0.5105029418945313,1.0,3
2025-11-22,ABT,2026-06-18,P,80.0,0.0,1.52,0.43,0.4694877270507813,1.0,26
2025-11-22,ABT,2026-06-18,P,85.0,0.0,1.07,0.61,0.3845276391601562,1.0,6
2025-11-22,ABT,2026-06-18,P,90.0,0.48,2.69,0.53,0.4445245977783203,2.0,55
2025-11-22,ABT,2026-06-18,P,95.0,0.65,2.81,1.07,0.4002135174560547,1.0,212
2025-11-22,ABT,2026-06-18,P,100.0,0.98,3.2,1.37,0.36865865722656255,3.0,293
2025-11-22,ABT,2026-06-18,P,105.0,1.6,3.2,1.71,0.31940377868652337,10.0,939
2025-11-22,ABT,2026-06-18,P,110.0,2.31,2.97,2.97,0.26233647827148443,1.0,400
2025-11-22,ABT,2026-06-18,P,115.0,3.3,3.95,3.6,0.24738301452636718,52.0,831
2025-11-22,ABT,2026-06-18,P,120.0,4.6,5.1,4.85,0.2293167889404297,36.0,1875
2025-11-22,ABT,2026-06-18,P,125.0,6.3,6.5,6.6,0.20911435424804684,88.0,397
2025-11-22,ABT,2026-06-18,P,130.0,8.45,8.85,8.5,0.20276676147460934,202.0,378
2025-11-22,ABT,2026-06-18,P,135.0,11.15,12.75,12.45,0.22467816345214842,1.0,420
2025-11-22,ABT,2026-06-18,P,140.0,14.5,15.85,16.85,0.21442435974121093,12.0,47
2025-11-22,ABT,2026-06-18,P,145.0,17.0,19.6,16.4,0.21125056335449216,2.0,3
2025-11-22,ABT,2026-06-18,P,150.0,19.7,22.4,21.5,0.14576049560546872,2.0,3
2025-11-22,ABT,2026-06-18,P,155.0,22.6,23.2,26.25,1.0000000000000003e-05,20.0,20
2025-11-22,ABT,2026-06-18,P,160.0,25.85,27.05,30.15,1.0000000000000003e-05,20.0,20
2025-11-22,ABT,2026-06-18,P,165.0,33.35,36.5,36.54,1.0000000000000003e-05,1.0,1
2025-11-22,ABT,2026-09-18,C,75.0,52.5,55.85,56.06,0.5107470800781251,1.0,1
2025-11-22,ABT,2026-09-18,C,80.0,0.0,0.0,51.87,1.0000000000000003e-05,1.0,1
2025-11-22,ABT,2026-09-18,C,85.0,0.0,0.0,48.57,1.0000000000000003e-05,2.0,2
2025-11-22,ABT,2026-09-18,C,90.0,40.6,44.5,47.79,0.5143481182861327,1.0,4
2025-11-22,ABT,2026-09-18,C,95.0,34.0,37.5,33.75,0.3936828210449219,1.0,3
2025-11-22,ABT,2026-09-18,C,100.0,30.2,32.7,33.55,0.3550479534912109,9.0,9
2025-11-22,ABT,2026-09-18,C,105.0,25.75,28.55,28.4,0.33624931335449215,2.0,8
2025-11-22,ABT,2026-09-18,C,110.0,21.7,25.05,24.5,0.33136654968261714,2.0,409
2025-11-22,ABT,2026-09-18,C,115.0,19.4,20.85,20.0,0.3031075549316406,1.0,53
2025-11-22,ABT,2026-09-18,C,120.0,15.95,17.45,13.82,0.29041236938476556,4.0,271
2025-11-22,ABT,2026-09-18,C,125.0,12.8,14.45,12.17,0.2810740838623046,1.0,27
2025-11-22,ABT,2026-09-18,C,130.0,10.15,11.95,9.7,0.2764354583740234,6.0,166
2025-11-22,ABT,2026-09-18,C,135.0,7.95,9.65,8.35,0.2696606237792969,19.0,102
2025-11-22,ABT,2026-09-18,C,140.0,5.75,7.25,6.7,0.2541578491210938,125.0,146
2025-11-22,ABT,2026-09-18,C,145.0,4.2,5.65,4.2,0.24970232727050778,12.0,59
2025-11-22,ABT,2026-09-18,C,150.0,3.4,4.1,4.1,0.2395095581054687,1.0,103
2025-11-22,ABT,2026-09-18,C,155.0,2.07,3.05,3.0,0.23535920898437498,1.0,60
2025-11-22,ABT,2026-09-18,C,160.0,0.51,3.25,2.13,0.2639844110107422,4.0,99
2025-11-22,ABT,2026-09-18,C,165.0,1.18,2.28,2.57,0.25354750366210943,2.0,103
2025-11-22,ABT,2026-09-18,C,170.0,0.0,3.1,1.21,0.3006661730957031,1.0,7
2025-11-22,ABT,2026-09-18,C,185.0,0.0,2.46,0.48,0.3315496533203125,,5
2025-11-22,ABT,2026-09-18,C,190.0,0.0,0.59,0.38,0.2503737072753906,1.0,2
2025-11-22,ABT,2026-09-18,C,195.0,0.0,0.47,0.35,0.2524488818359375,1.0,2
2025-11-22,ABT,2026-09-18,C,200.0,0.0,0.68,0.17,0.2827220166015625,20.0,41
2025-11-22,ABT,2026-09-18,P,70.0,0.0,1.7,0.75,0.4936574072265626,1.0,1
2025-11-22,ABT,2026-09-18,P,75.0,0.0,1.82,0.85,0.4549615051269531,1.0,1
2025-11-22,ABT,2026-09-18,P,80.0,0.0,2.14,0.95,0.4294490649414063,1.0,13
2025-11-22,ABT,2026-09-18,P,85.0,0.2,1.27,0.9,0.33411310424804685,8.0,24
2025-11-22,ABT,2026-09-18,P,90.0,0.7,3.2,0.86,0.39264523376464844,1.0,36
2025-11-22,ABT,2026-09-18,P,95.0,0.39,2.1,1.9,0.3023751403808594,1.0,934
2025-11-22,ABT,2026-09-18,P,100.0,1.78,2.5,2.0,0.2803416693115234,2.0,223
2025-11-22,ABT,2026-09-18,P,105.0,2.42,3.75,2.6,0.28412581115722646,1.0,105
2025-11-22,ABT,2026-09-18,P,110.0,3.35,4.85,3.85,0.27423821472167964,7.0,243
2025-11-22,ABT,2026-09-18,P,115.0,4.45,5.25,4.85,0.24036404174804685,5.0,537
2025-11-22,ABT,2026-09-18,P,120.0,5.9,6.9,6.35,0.23371127624511717,8.0,1069
2025-11-22,ABT,2026-09-18,P,125.0,7.75,8.65,9.15,0.22180953979492185,2.0,123
2025-11-22,ABT,2026-09-18,P,130.0,10.0,10.9,10.4,0.21314263427734376,3.0,145
2025-11-22,ABT,2026-09-18,P,135.0,12.65,14.3,11.08,0.2211991943359375,1.0,108
2025-11-22,ABT,2026-09-18,P,140.0,12.7,16.25,14.5,0.18811847045898436,20.0,207
2025-11-22,ABT,2026-09-18,P,145.0,14.8,16.35,17.07,1.0000000000000003e-05,,1
2025-11-22,ABT,2026-09-18,P,150.0,17.7,19.35,20.39,1.0000000000000003e-05,2.0,1
2025-11-22,ABT,2026-09-18,P,155.0,21.15,22.35,24.18,1.0000000000000003e-05,,0
2025-11-22,ABT,2026-09-18,P,160.0,29.0,31.65,26.29,1.0000000000000003e-05,2.0,0
2025-11-22,ABT,2026-09-18,P,165.0,29.45,32.95,32.18,1.0000000000000003e-05,1.0,2
2025-11-22,ABT,2026-09-18,P,170.0,37.5,41.3,33.43,1.0000000000000003e-05,,0
2025-11-22,ABT,2026-12-18,C,75.0,53.0,55.65,52.35,0.43726148681640625,,1
2025-11-22,ABT,2026-12-18,C,80.0,48.5,51.1,46.23,0.41602146484374997,1.0,1
2025-11-22,ABT,2026-12-18,C,85.0,44.0,46.7,40.24,0.39880972290039063,1.0,3
2025-11-22,ABT,2026-12-18,C,90.0,39.5,42.35,40.87,0.38080453186035157,1.0,2
2025-11-22,ABT,2026-12-18,C,95.0,39.25,43.0,42.38,0.502080174560547,2.0,2
2025-11-22,ABT,2026-12-18,C,100.0,33.0,36.0,37.49,0.4012511047363281,1.0,7
2025-11-22,ABT,2026-12-18,C,105.0,27.1,30.05,30.4,0.3327703442382813,1.0,8
2025-11-22,ABT,2026-12-18,C,110.0,27.1,31.1,30.28,0.42731285583496104,2.0,2
2025-11-22,ABT,2026-12-18,C,115.0,20.8,22.7,23.6,0.3053963504028321,1.0,9
2025-11-22,ABT,2026-12-18,C,120.0,17.45,20.05,15.0,0.3070137658691406,1.0,15
2025-11-22,ABT,2026-12-18,C,125.0,14.4,16.45,16.4,0.2849802947998046,1.0,43
2025-11-22,ABT,2026-12-18,C,130.0,11.65,13.95,13.85,0.28003649658203117,1.0,46
2025-11-22,ABT,2026-12-18,C,135.0,9.9,11.35,10.5,0.26840941558837883,2.0,59
2025-11-22,ABT,2026-12-18,C,140.0,7.25,9.45,8.57,0.2652661364746094,1.0,34
2025-11-22,ABT,2026-12-18,C,145.0,6.15,7.35,6.54,0.2533033654785156,2.0,172
2025-11-22,ABT,2026-12-18,C,150.0,3.95,6.55,4.05,0.26297734100341796,25.0,98
2025-11-22,ABT,2026-12-18,C,155.0,3.35,5.25,4.25,0.25843026733398444,1.0,32
2025-11-22,ABT,2026-12-18,C,160.0,2.26,4.0,2.3,0.25025163818359375,1.0,13
2025-11-22,ABT,2026-12-18,C,165.0,1.66,3.9,2.42,0.26700562103271486,7.0,22
2025-11-22,ABT,2026-12-18,C,170.0,1.27,2.72,2.85,0.2523268127441406,2.0,46
2025-11-22,ABT,2026-12-18,C,175.0,1.01,2.14,2.29,0.2500075,38.0,45
2025-11-22,ABT,2026-12-18,C,180.0,1.08,2.23,0.94,0.26807372558593745,1.0,0
2025-11-22,ABT,2026-12-18,C,195.0,0.0,2.59,0.44,0.32221136779785153,8.0,10
2025-11-22,ABT,2026-12-18,C,200.0,0.0,2.7,0.46,0.33899586791992187,1.0,3
2025-11-22,ABT,2026-12-18,P,65.0,0.0,1.73,0.5,0.47839877075195314,,5
2025-11-22,ABT,2026-12-18,P,70.0,0.0,2.57,0.6,0.4840139489746094,4.0,12
2025-11-22,ABT,2026-12-18,P,75.0,0.0,2.06,0.55,0.41223732299804683,1.0,2
2025-11-22,ABT,2026-12-18,P,80.0,0.0,3.0,0.88,0.4168149139404296,1.0,25
2025-11-22,ABT,2026-12-18,P,85.0,0.08,3.3,1.36,0.3877624700927734,6.0,15
2025-11-22,ABT,2026-12-18,P,90.0,1.16,2.93,1.97,0.3336858624267578,2.0,5
2025-11-22,ABT,2026-12-18,P,95.0,2.2,3.85,2.2,0.32770447692871096,1.0,22
2025-11-22,ABT,2026-12-18,P,100.0,2.06,3.4,3.07,0.2752758020019531,2.0,23
2025-11-22,ABT,2026-12-18,P,105.0,3.15,5.15,4.5,0.28711650390624993,1.0,18
2025-11-22,ABT,2026-12-18,P,110.0,4.05,6.25,4.9,0.2742076974487304,5.0,16
2025-11-22,ABT,2026-12-18,P,115.0,5.45,7.25,6.75,0.2550733673095704,1.0,300
2025-11-22,ABT,2026-12-18,P,120.0,6.1,8.15,7.85,0.23038489349365232,10.0,61
2025-11-22,ABT,2026-12-18,P,125.0,8.85,10.8,10.45,0.23596955444335935,3.0,23
2025-11-22,ABT,2026-12-18,P,130.0,11.1,13.15,14.24,0.2292862716674805,2.0,14
2025-11-22,ABT,2026-12-18,P,135.0,13.7,15.8,13.5,0.2224198852539062,2.0,189
2025-11-22,ABT,2026-12-18,P,140.0,14.75,17.4,15.9,0.18836260864257812,1.0,23
2025-11-22,ABT,2026-12-18,P,145.0,16.95,18.3,18.9,0.12018702087402343,2.0,2
2025-11-22,ABT,2026-12-18,P,150.0,23.8,26.3,25.38,0.21717091430664062,1.0,3
2025-11-22,ABT,2026-12-18,P,155.0,24.0,27.95,25.29,0.14692015197753905,2.0,3
2025-11-22,ABT,2026-12-18,P,160.0,30.5,34.4,32.05,0.21149470153808592,1.0,4
2025-11-22,ABT,2026-12-18,P,165.0,35.0,39.0,35.9,0.2172929833984375,1.0,0
2025-11-22,ABT,2026-12-18,P,170.0,36.55,40.6,37.09,1.0000000000000003e-05,,1
2025-11-22,ABT,2026-12-18,P,180.0,47.0,52.0,45.9,0.1518639501953125,,0
2025-11-22,ABT,2027-01-15,C,60.0,67.5,70.0,65.0,0.5191698474121094,2.0,6
2025-11-22,ABT,2027-01-15,C,65.0,66.0,70.5,66.82,0.6403844555664062,10.0,11
2025-11-22,ABT,2027-01-15,C,70.0,57.5,61.5,56.98,0.5081225946044923,1.0,1
2025-11-22,ABT,2027-01-15,C,75.0,53.0,55.85,54.39,0.4321345849609375,1.0,2
2025-11-22,ABT,2027-01-15,C,80.0,48.5,52.5,48.0,0.45795219787597663,1.0,10
2025-11-22,ABT,2027-01-15,C,85.0,44.05,47.0,43.8,0.3963683410644532,2.0,13
2025-11-22,ABT,2027-01-15,C,90.0,40.0,43.5,43.1,0.404730073852539,5.0,70
2025-11-22,ABT,2027-01-15,C,95.0,36.25,38.5,36.25,0.36286037536621096,2.0,13
2025-11-22,ABT,2027-01-15,C,100.0,31.5,34.45,30.0,0.34778484252929687,3.0,56
2025-11-22,ABT,2027-01-15,C,105.0,27.55,30.5,30.5,0.33228206787109377,4.0,154
2025-11-22,ABT,2027-01-15,C,110.0,24.5,27.55,22.65,0.3359746578979492,2.0,56
2025-11-22,ABT,2027-01-15,C,115.0,20.5,23.25,19.3,0.306372903137207,1.0,1183
2025-11-22,ABT,2027-01-15,C,120.0,17.05,20.0,16.05,0.29560030578613283,7.0,182
2025-11-22,ABT,2027-01-15,C,125.0,14.7,17.05,15.7,0.2865366757202148,1.0,125
2025-11-22,ABT,2027-01-15,C,130.0,12.65,15.5,11.99,0.29895720581054686,1.0,134
2025-11-22,ABT,2027-01-15,C,135.0,10.3,12.05,10.65,0.2720714883422851,14.0,442
2025-11-22,ABT,2027-01-15,C,140.0,8.5,9.5,8.5,0.2571790591430664,45.0,1537
2025-11-22,ABT,2027-01-15,C,145.0,7.0,8.15,6.95,0.2600782000732422,8.0,315
2025-11-22,ABT,2027-01-15,C,150.0,4.75,6.55,4.79,0.25403578002929694,1.0,212
2025-11-22,ABT,2027-01-15,C,155.0,3.05,5.2,3.65,0.2485426708984375,4.0,1026
2025-11-22,ABT,2027-01-15,C,160.0,1.16,6.0,4.3,0.28671977935791015,3.0,348
2025-11-22,ABT,2027-01-15,C,165.0,0.66,3.8,3.27,0.255439574584961,1.0,385
2025-11-22,ABT,2027-01-15,C,170.0,1.11,3.1,3.28,0.25440198730468755,2.0,47
2025-11-22,ABT,2027-01-15,C,175.0,0.11,3.2,2.0,0.2732616619873046,1.0,325
2025-11-22,ABT,2027-01-15,C,180.0,0.49,1.91,2.24,0.24811542907714845,14.0,10
2025-11-22,ABT,2027-01-15,C,185.0,0.0,3.15,0.73,0.301764794921875,1.0,5
2025-11-22,ABT,2027-01-15,C,190.0,0.09,1.9,0.75,0.27436028381347655,1.0,16
2025-11-22,ABT,2027-01-15,C,195.0,0.0,5.0,0.59,0.38049935913085936,1.0,11
2025-11-22,ABT,2027-01-15,C,200.0,0.0,2.77,0.41,0.3297796514892578,2.0,26
2025-11-22,ABT,2027-01-15,P,60.0,0.0,0.55,0.41,0.39771110107421875,2.0,3
2025-11-22,ABT,2027-01-15,P,65.0,0.0,0.77,0.53,0.3846497082519531,1.0,1
2025-11-22,ABT,2027-01-15,P,70.0,0.07,0.96,0.63,0.36475244628906256,1.0,340
2025-11-22,ABT,2027-01-15,P,75.0,0.0,2.94,0.78,0.44196114685058596,5.0,51
2025-11-22,ABT,2027-01-15,P,80.0,0.34,1.48,1.24,0.3286199951171874,1.0,65
2025-11-22,ABT,2027-01-15,P,85.0,0.57,1.85,1.57,0.31287308227539057,1.0,25
2025-11-22,ABT,2027-01-15,P,90.0,0.71,3.2,2.1,0.33228206787109377,5.0,104
2025-11-22,ABT,2027-01-15,P,95.0,0.98,4.05,2.75,0.3228827478027343,1.0,106
2025-11-22,ABT,2027-01-15,P,100.0,1.7,4.5,3.65,0.29813323944091785,5.0,74
2025-11-22,ABT,2027-01-15,P,105.0,3.25,5.45,4.07,0.2849802947998046,33.0,447
2025-11-22,ABT,2027-01-15,P,110.0,4.45,6.6,5.25,0.272895454711914,8.0,239
2025-11-22,ABT,2027-01-15,P,115.0,6.25,8.1,6.75,0.26428958374023437,5.0,203
2025-11-22,ABT,2027-01-15,P,120.0,6.95,8.65,8.25,0.23242955078125,7.0,874
2025-11-22,ABT,2027-01-15,P,125.0,8.75,10.55,11.25,0.22327436889648436,6.0,99
2025-11-22,ABT,2027-01-15,P,130.0,10.85,12.9,12.7,0.21692677612304687,3.0,58
2025-11-22,ABT,2027-01-15,P,135.0,13.3,16.3,16.29,0.22403730072021477,10.0,396
2025-11-22,ABT,2027-01-15,P,140.0,16.95,19.1,18.45,0.214576946105957,3.0,27
2025-11-22,ABT,2027-01-15,P,145.0,17.8,18.35,19.0,0.11756253540039063,4.0,44
2025-11-22,ABT,2027-01-15,P,150.0,21.5,24.5,20.8,0.16834327758789067,2.0,26
2025-11-22,ABT,2027-01-15,P,155.0,25.0,28.35,25.54,0.1555870574951172,2.0,7
2025-11-22,ABT,2027-01-15,P,160.0,30.5,34.5,32.95,0.20703917968749996,1.0,9
2025-11-22,ABT,2027-01-15,P,165.0,35.0,39.0,37.4,0.20996883789062498,1.0,1
2025-11-22,ABT,2027-01-15,P,170.0,40.0,44.5,42.41,0.24109645629882812,1.0,0
2025-11-22,ABT,2027-01-15,P,175.0,42.0,47.0,42.2,0.13672738281250002,2.0,0
2025-11-22,ABT,2028-01-21,C,70.0,60.5,64.5,65.24,0.4624077197265626,2.0,4
2025-11-22,ABT,2028-01-21,C,75.0,54.0,56.9,53.66,0.34888346435546874,1.0,3
2025-11-22,ABT,2028-01-21,C,80.0,49.5,54.0,50.15,0.372778489074707,2.0,2
2025-11-22,ABT,2028-01-21,C,90.0,42.5,46.0,44.8,0.34860880889892576,5.0,14
2025-11-22,ABT,2028-01-21,C,95.0,38.5,42.5,36.4,0.34363449340820307,3.0,7
2025-11-22,ABT,2028-01-21,C,100.0,37.5,41.0,41.7,0.37091693542480464,1.0,22
2025-11-22,ABT,2028-01-21,C,110.0,28.95,31.9,30.25,0.3129951513671875,2.0,27
2025-11-22,ABT,2028-01-21,C,115.0,25.0,29.0,30.0,0.3086006640625,6.0,9
2025-11-22,ABT,2028-01-21,C,120.0,22.15,25.05,24.1,0.28693340026855463,2.0,21
2025-11-22,ABT,2028-01-21,C,125.0,19.5,22.55,19.3,0.284064776611328,6.0,24
2025-11-22,ABT,2028-01-21,C,130.0,17.0,21.0,18.6,0.2916330603027343,1.0,24
2025-11-22,ABT,2028-01-21,C,135.0,14.55,18.5,14.08,0.28394270751953116,1.0,31
2025-11-22,ABT,2028-01-21,C,140.0,12.55,15.0,14.17,0.2608563905334473,2.0,32
2025-11-22,ABT,2028-01-21,C,145.0,10.5,14.75,12.36,0.2789073574829102,1.0,16
2025-11-22,ABT,2028-01-21,C,150.0,8.9,12.05,10.7,0.2620923400878906,1.0,8
2025-11-22,ABT,2028-01-21,C,155.0,7.35,10.5,7.57,0.25858285369873046,1.0,128
2025-11-22,ABT,2028-01-21,C,160.0,6.05,9.1,8.26,0.2551191432189942,1.0,2
2025-11-22,ABT,2028-01-21,C,170.0,3.55,7.1,5.7,0.25431043548583987,2.0,6
2025-11-22,ABT,2028-01-21,C,180.0,2.84,6.1,5.48,0.26352665191650393,,2
2025-11-22,ABT,2028-01-21,C,190.0,1.0,4.0,3.03,0.2475661181640625,1.0,7
2025-11-22,ABT,2028-01-21,C,200.0,1.05,3.05,3.0,0.2467116345214844,25.0,26
2025-11-22,ABT,2028-01-21,P,65.0,0.0,1.3,1.0,0.31403273864746095,1.0,10
2025-11-22,ABT,2028-01-21,P,70.0,0.0,3.5,1.38,0.37415176635742187,1.0,15
2025-11-22,ABT,2028-01-21,P,75.0,0.0,5.0,2.05,0.38507695007324216,3.0,7
2025-11-22,ABT,2028-01-21,P,80.0,0.5,4.05,2.7,0.32434757690429683,2.0,8
2025-11-22,ABT,2028-01-21,P,85.0,1.32,4.4,3.37,0.302314105834961,4.0,41
2025-11-22,ABT,2028-01-21,P,90.0,2.53,5.2,4.05,0.2907175421142577,2.0,6
2025-11-22,ABT,2028-01-21,P,95.0,3.0,6.5,4.5,0.2875132284545897,16.0,17
2025-11-22,ABT,2028-01-21,P,100.0,4.0,7.65,6.0,0.27814442565917963,3.0,5
2025-11-22,ABT,2028-01-21,P,105.0,5.15,9.5,7.9,0.2784495983886719,1.0,6
2025-11-22,ABT,2028-01-21,P,110.0,6.5,10.2,7.95,0.25702647277832036,1.0,6
2025-11-22,ABT,2028-01-21,P,115.0,7.5,12.5,10.75,0.25867440551757814,1.0,84
2025-11-22,ABT,2028-01-21,P,125.0,11.5,16.0,14.55,0.23715972808837887,12.0,17
2025-11-22,ABT,2028-01-21,P,130.0,14.0,18.5,16.85,0.2329178271484375,13.0,8
2025-11-22,ABT,2028-01-21,P,135.0,16.5,21.0,19.61,0.22586833709716797,2.0,2
2025-11-22,ABT,2028-01-21,P,140.0,18.5,22.0,17.08,0.19586985778808597,,2
2025-11-22,ABT,2028-01-21,P,165.0,36.5,40.5,39.19,0.18317467224121092,1.0,2
2025-11-22,ABT,2028-01-21,P,170.0,38.0,42.5,43.37,0.12183495361328125,,1
