date,rate_1m,rate_3m,rate_6m,rate_2y,rate_5y,rate_10y,rate_30y,sofr
2026-06-08,3.6693,3.7092,3.8002,4.1618,4.2903,4.5622,5.0353,3.63
2026-06-09,3.6496,3.691,3.803,4.1181,4.2444,4.5165,4.9967,3.6
2026-06-10,3.6574,3.7114,3.8104,4.1433,4.2798,4.5523,5.0292,3.59
2026-06-11,3.641,3.7028,3.7879,4.0619,4.1845,4.4611,4.9554,3.6
2026-06-12,3.6497,3.6977,3.7925,4.0809,4.2057,4.4789,4.9664,3.65
2026-06-15,3.6547,3.7012,3.7936,4.0663,4.1898,4.473,4.9785,3.69
2026-06-16,3.6278,3.7073,3.7903,4.0516,4.1634,4.4394,4.9434,3.63
2026-06-17,3.6466,3.7531,3.8799,4.1843,4.2624,4.4869,4.9314,3.63
2026-06-18,3.6288,3.7413,3.8868,4.1555,4.2129,4.4414,4.8966,
