ticker,as_of,delta_target,dte,real_exp,quote_date,spot,iv_atm,eng_strike,listed_strike_adj,raw_listed_strike,synthetic_bsm,real_mid_adj,correction,correction_pct,correction_dollars_per_contract,eng_prob_itm,realized_itm,resolved,terminal_close,contract_iv,mkt_prob_itm,risk_premium_wedge,cvar_5,tail_xi,heavy_tail,ev_dollars_synth,distribution_source,open_interest,spread_pct,strike_gap_pct,exp_gap_days,join_ok
TSLA,2024-11-01,0.2,49,2024-12-20,2024-11-01,248.98,0.5044,218.0,220.0,220.0,6.130096433763605,6.6,0.46990356623639506,0.07665516706201232,46.99035662363951,0.24,0.0,True,421.06,0.5219529118479157,0.2801459445733734,0.04014594457337339,-3760.15,,False,38.29,empirical_non_overlapping,12019.0,0.03030303030303033,0.009174311926605505,0,True
TSLA,2024-11-01,0.15,49,2024-12-20,2024-11-01,248.98,0.5044,210.5,210.0,210.0,3.8233717664875897,4.425,0.6016282335124101,0.15735541042222712,60.162823351241016,0.2,0.0,True,421.06,0.5322928117692461,0.2101564518757007,0.01015645187570069,-3176.22,,False,35.97,empirical_non_overlapping,9074.0,0.033898305084745846,0.0023752969121140144,0,True
TSLA,2024-11-01,0.25,49,2024-12-20,2024-11-01,248.98,0.5044,225.0,225.0,225.0,7.581000000002987,7.95,0.36899999999701283,0.0486743173719651,36.89999999970128,0.36,0.0,True,421.06,0.5170600417732092,0.318785804926614,-0.04121419507338597,-4265.71,,False,20.21,empirical_non_overlapping,7569.0,0.02515723270440265,0.0,0,True
TSLA,2024-11-01,0.35,49,2024-12-20,2024-11-01,248.98,0.5044,237.5,235.0,235.0,11.12324357198004,11.325,0.20175642801995863,0.018138272951982486,20.175642801995863,0.36,0.0,True,421.06,0.5104954182194524,0.40241601150225187,0.04241601150225188,-5066.03,,False,19.99,empirical_non_overlapping,3673.0,0.02207505518763797,0.010526315789473684,0,True
TSLA,2024-11-01,0.3,49,2024-12-20,2024-11-01,248.98,0.5044,231.0,230.0,230.0,9.242575744903007,9.525,0.2824242550969931,0.030556877529809942,28.24242550969931,0.36,0.0,True,421.06,0.5134289537364448,0.35980292948062464,-0.00019707051937534192,-4666.66,,False,8.55,empirical_non_overlapping,6753.0,0.026246719160104987,0.004329004329004329,0,True
TSLA,2024-11-01,0.35,35,2024-12-06,2024-11-01,248.98,0.5044,238.5,240.0,240.0,10.708980067616679,10.725000000000001,0.016019932383322555,0.001495934466417197,1.6019932383322555,0.3429,0.0,True,389.22,0.5049518703418082,0.4270739568526196,0.08417395685261964,-5894.28,,False,-200.24,empirical_non_overlapping,494.0,0.0326340326340326,0.006289308176100629,0,True
TSLA,2024-11-01,0.15,35,2024-12-06,2024-11-01,248.98,0.5044,215.5,215.0,215.0,3.1948175706841866,3.725,0.5301824293158135,0.16595076795019384,53.01824293158135,0.2286,0.0,True,389.22,0.5334018203706268,0.20287501148254178,-0.02572498851745822,-4263.53,,False,-201.01,empirical_non_overlapping,738.0,0.06711409395973154,0.002320185614849188,0,True
TSLA,2024-11-01,0.3,35,2024-12-06,2024-11-01,248.98,0.5044,233.0,235.0,235.0,8.713061096242086,8.725000000000001,0.011938903757915398,0.0013702306945907457,1.1938903757915398,0.3429,0.0,True,389.22,0.5048344808095669,0.3750170353497566,0.03211703534975663,-5550.74,,False,-212.55,empirical_non_overlapping,219.0,0.07449856733524358,0.008583690987124463,0,True
TSLA,2024-11-01,0.2,35,2024-12-06,2024-11-01,248.98,0.5044,222.0,220.0,220.0,4.229640423309675,4.75,0.5203595766903248,0.12302690645346769,52.035957669032484,0.2571,0.0,True,389.22,0.5293127479899167,0.2423222237026773,-0.014777776297322687,-4774.14,,False,-213.04,empirical_non_overlapping,677.0,0.06315789473684226,0.009009009009009009,0,True
TSLA,2024-11-01,0.25,35,2024-12-06,2024-11-01,248.98,0.5044,228.0,230.0,230.0,6.974374012503887,7.225,0.25062598749611276,0.035935266311611945,25.062598749611276,0.3143,0.0,True,389.22,0.5142052448309627,0.328178397270234,0.013878397270233989,-5212.12,,False,-213.66,empirical_non_overlapping,538.0,0.04844290657439454,0.008771929824561403,0,True
TSLA,2024-11-01,0.15,28,2024-11-29,2024-11-01,248.98,0.5044,218.5,220.0,220.0,3.2134783857074396,3.75,0.5365216142925604,0.16695977065812642,53.65216142925604,0.25,0.0,True,345.16,0.535179477835196,0.21663905413276902,-0.033360945867230984,-4681.67,,False,-219.33,empirical_non_overlapping,1906.0,0.05333333333333338,0.006864988558352402,0,True
TSLA,2024-11-01,0.15,21,2024-11-22,2024-11-01,248.98,0.5044,222.0,220.0,220.0,2.1635386582555967,3.05,0.8864613417444032,0.40972752595007167,88.64613417444032,0.2034,0.0,True,352.56,0.5687462059155615,0.19558242033458823,-0.007817579665411772,-5352.05,,False,-228.15,empirical_non_overlapping,1804.0,0.03278688524590167,0.009009009009009009,0,True
TSLA,2024-11-01,0.35,42,2024-12-13,2024-11-01,248.98,0.5044,237.5,235.0,235.0,9.967654533995002,10.725,0.7573454660049972,0.07598030844889803,75.73454660049973,0.3793,0.0,True,436.23,0.5292309358664675,0.3972690167810536,0.01796901678105356,-7583.01,,False,-229.61,empirical_non_overlapping,14.0,0.2097902097902098,0.010526315789473684,0,True
TSLA,2024-11-01,0.35,28,2024-11-29,2024-11-01,248.98,0.5044,239.0,240.0,240.0,9.25279620891095,9.45,0.1972037910890485,0.021312886033211284,19.72037910890485,0.3409,0.0,True,345.16,0.512035409250092,0.416058810039187,0.07515881003918701,-6148.37,,False,-229.77,empirical_non_overlapping,936.0,0.03174603174603163,0.0041841004184100415,0,True
TSLA,2024-11-01,0.35,21,2024-11-22,2024-11-01,248.98,0.5044,240.0,240.0,240.0,7.59800000143953,8.425,0.8269999985604706,0.10884443253537586,82.69999985604706,0.3559,0.0,True,352.56,0.5416530944653851,0.40617327639231754,0.050273276392317545,-6650.51,,False,-232.17,empirical_non_overlapping,1764.0,0.029673590504451036,0.0,0,True
TSLA,2024-11-01,0.2,21,2024-11-22,2024-11-01,248.98,0.5044,227.0,225.0,225.0,3.096346885715832,4.025,0.9286531142841685,0.29991895241720534,92.86531142841685,0.2373,0.0,True,352.56,0.5616453401962208,0.2409465179552841,0.00364651795528409,-5750.1,,False,-235.77,empirical_non_overlapping,1343.0,0.06211180124223613,0.00881057268722467,0,True
TSLA,2024-11-01,0.2,28,2024-11-29,2024-11-01,248.98,0.5044,224.5,225.0,225.0,4.329554300681139,4.800000000000001,0.47044569931886215,0.10865915210830136,47.044569931886215,0.2727,0.0,True,345.16,0.5280190776222952,0.26024404998339995,-0.012455950016600048,-5155.26,,False,-236.17,empirical_non_overlapping,861.0,0.06249999999999995,0.0022271714922048997,0,True
TSLA,2024-11-01,0.25,21,2024-11-22,2024-11-01,248.98,0.5044,231.5,230.0,230.0,4.2941702423364205,5.199999999999999,0.9058297576635788,0.21094407220583894,90.58297576635788,0.2881,0.0,True,352.56,0.5532891118569805,0.2910393209648219,0.0029393209648218566,-6085.0,,False,-236.89,empirical_non_overlapping,1061.0,0.0384615384615385,0.0064794816414686825,0,True
TSLA,2024-11-01,0.3,21,2024-11-22,2024-11-01,248.98,0.5044,236.0,235.0,235.0,5.787830007699213,6.699999999999999,0.912169992300786,0.1576013792885035,91.2169992300786,0.322,0.0,True,352.56,0.5487232358619042,0.34731118008750317,0.02531118008750316,-6395.74,,False,-238.1,empirical_non_overlapping,869.0,0.04477611940298505,0.00423728813559322,0,True
TSLA,2024-11-01,0.25,28,2024-11-29,2024-11-01,248.98,0.5044,229.5,230.0,230.0,5.696555287483044,6.075,0.37844471251695655,0.06643395761443895,37.84447125169565,0.3182,0.0,True,345.16,0.5214264909165881,0.30840975016290134,-0.009790249837098641,-5523.16,,False,-244.5,empirical_non_overlapping,1530.0,0.0411522633744856,0.002178649237472767,0,True
TSLA,2024-11-01,0.3,28,2024-11-29,2024-11-01,248.98,0.5044,234.5,235.0,235.0,7.333188655857484,7.625,0.2918113441425163,0.039793241090208153,29.18113441425163,0.3182,0.0,True,345.16,0.5164399681362014,0.36084183444100293,0.042641834441002946,-5864.68,,False,-244.92,empirical_non_overlapping,1166.0,0.03278688524590164,0.0021321961620469083,0,True
TSLA,2024-11-01,0.15,42,2024-12-13,2024-11-01,248.98,0.5044,212.5,215.0,215.0,4.049579804843937,4.55,0.500420195156063,0.12357336298385363,50.0420195156063,0.2414,0.0,True,436.23,0.52782980392533,0.22409692104200635,-0.017303078957993656,-5813.56,,False,-245.75,empirical_non_overlapping,26.0,0.19780219780219788,0.011764705882352941,0,True
TSLA,2024-11-01,0.3,42,2024-12-13,2024-11-01,248.98,0.5044,232.0,230.0,230.0,8.150227029696211,7.55,-0.6002270296962111,-0.07364543680921043,-60.02270296962111,0.2759,0.0,True,436.23,0.4832303039977774,0.33259362842090173,0.056693628420901754,-7241.44,,False,-245.87,empirical_non_overlapping,30.0,0.3178807947019868,0.008620689655172414,0,True
TSLA,2024-11-01,0.2,42,2024-12-13,2024-11-01,248.98,0.5044,220.0,220.0,220.0,5.202000000003764,5.574999999999999,0.37299999999623523,0.07170319107957811,37.29999999962352,0.2759,0.0,True,436.23,0.520001252992195,0.2603959266540047,-0.015504073345995295,-6400.69,,False,-265.29,empirical_non_overlapping,21.0,0.0807174887892377,0.0,0,True
TSLA,2024-11-01,0.25,42,2024-12-13,2024-11-01,248.98,0.5044,226.5,225.0,225.0,6.56421214485794,6.55,-0.014212144857940423,-0.0021650952992239097,-1.4212144857940423,0.2759,0.0,True,436.23,0.5038582783186006,0.2956950937608151,0.01979509376081512,-6871.96,,False,-265.69,empirical_non_overlapping,7.0,0.16793893129770987,0.006622516556291391,0,True
TSLA,2024-12-01,0.35,35,2025-01-03,2024-11-29,345.16,0.5284,330.0,330.0,330.0,14.102663934453744,13.85,-0.2526639344537447,-0.017916043070165623,-25.26639344537447,0.3429,0.0,True,410.44,0.5218194246912794,0.40790094056587567,0.06500094056587569,-8782.86,,False,-237.21,empirical_non_overlapping,2545.0,0.021660649819494636,0.0,2,True
TSLA,2024-12-01,0.15,42,2025-01-10,2024-11-29,345.16,0.5284,293.0,295.0,295.0,5.328253133266507,5.3,-0.02825313326650747,-0.005302513330327978,-2.825313326650747,0.2759,0.0,True,394.74,0.5273643610002191,0.2005929573413191,-0.07530704265868088,-6687.54,,False,-253.08,empirical_non_overlapping,6.0,0.20754716981132068,0.006825938566552901,2,True
TSLA,2024-12-01,0.15,35,2025-01-03,2024-11-29,345.16,0.5284,296.5,295.0,295.0,4.103066279172232,4.225,0.12193372082776754,0.029717706839570455,12.193372082776754,0.2571,0.0,True,410.44,0.5337220935355003,0.17806251367872145,-0.07903748632127855,-6412.19,,False,-259.2,empirical_non_overlapping,310.0,0.0591715976331361,0.00505902192242833,2,True
TSLA,2024-12-01,0.3,35,2025-01-03,2024-11-29,345.16,0.5284,322.5,325.0,325.0,12.154727095853545,11.9,-0.2547270958535446,-0.02095703949950814,-25.47270958535446,0.2857,0.0,True,410.44,0.5214792073428579,0.3705044368498194,0.08480443684981936,-8317.31,,False,-280.65,empirical_non_overlapping,2184.0,0.025210084033613505,0.007751937984496124,2,True
TSLA,2024-12-01,0.35,42,2025-01-10,2024-11-29,345.16,0.5284,329.0,330.0,330.0,16.04438655437825,16.075,0.030613445621749946,0.00190804712402021,3.0613445621749946,0.3448,0.0,True,394.74,0.5291195481143046,0.42225707392630285,0.07745707392630286,-9216.23,,False,-285.92,empirical_non_overlapping,66.0,0.08398133748055986,0.00303951367781155,2,True
TSLA,2024-12-01,0.2,35,2025-01-03,2024-11-29,345.16,0.5284,306.0,305.0,305.0,6.136854356810289,6.050000000000001,-0.08685435681028864,-0.014152911534213487,-8.685435681028864,0.2857,0.0,True,410.44,0.5252969056168111,0.23297136365299503,-0.052728636347004976,-7157.79,,False,-295.06,empirical_non_overlapping,182.0,0.0495867768595041,0.0032679738562091504,2,True
TSLA,2024-12-01,0.2,42,2025-01-10,2024-11-29,345.16,0.5284,303.0,305.0,305.0,7.611364021276486,7.625,0.013635978723513631,0.0017915289145803814,1.363597872351363,0.2759,0.0,True,394.74,0.5288192729395458,0.2590292161455787,-0.016870783854421256,-7467.54,,False,-295.34,empirical_non_overlapping,7.0,0.21639344262295074,0.006600660066006601,2,True
TSLA,2024-12-01,0.25,42,2025-01-10,2024-11-29,345.16,0.5284,312.5,310.0,310.0,8.97542552696845,8.600000000000001,-0.3754255269684492,-0.04182815910403452,-37.54255269684492,0.3103,0.0,True,394.74,0.5176120771797857,0.2846046168493066,-0.02569538315069342,-8155.31,,False,-302.17,empirical_non_overlapping,36.0,0.16279069767441862,0.008,2,True
TSLA,2024-12-01,0.25,35,2025-01-03,2024-11-29,345.16,0.5284,314.5,315.0,315.0,8.800249186160556,8.6,-0.20024918616055665,-0.022754944993543184,-20.024918616055665,0.2857,0.0,True,410.44,0.522293974614366,0.2984853996861999,0.012785399686199905,-7777.72,,False,-304.73,empirical_non_overlapping,244.0,0.03488372093023264,0.001589825119236884,2,True
TSLA,2024-12-01,0.3,42,2025-01-10,2024-11-29,345.16,0.5284,321.0,320.0,320.0,12.180400342399366,12.275,0.09459965760063405,0.007766547481312035,9.459965760063405,0.3448,0.0,True,394.74,0.5308097076839878,0.35567830564099073,0.010878305640990737,-8723.58,,False,-309.74,empirical_non_overlapping,9.0,0.11812627291242356,0.003115264797507788,2,True
TSLA,2024-12-01,0.35,49,2025-01-17,2024-11-29,345.16,0.5284,328.5,330.0,330.0,17.818513759613055,17.6,-0.21851375961305308,-0.012263298867738916,-21.85137596130531,0.36,0.0,True,426.5,0.5236780621718383,0.4305640457987707,0.07056404579877074,-11780.88,,False,-313.94,empirical_non_overlapping,6680.0,0.011363636363636322,0.0045662100456621,2,True
TSLA,2024-12-01,0.3,49,2025-01-17,2024-11-29,345.16,0.5284,319.5,320.0,320.0,13.836747441300247,13.575,-0.26174744130024763,-0.018916833049866744,-26.174744130024763,0.36,0.0,True,426.5,0.5223181867539938,0.3669138050237699,0.0069138050237699256,-11231.08,,False,-333.76,empirical_non_overlapping,4021.0,0.011049723756906105,0.001564945226917058,2,True
TSLA,2024-12-01,0.15,21,2024-12-20,2024-11-29,345.16,0.5284,306.0,305.0,305.0,2.983208482361107,3.025,0.041791517638892994,0.014008916200793465,4.179151763889299,0.2373,0.0,True,421.06,0.5308436276848887,0.16367572436493805,-0.07362427563506196,-8967.11,,False,-336.09,empirical_non_overlapping,5030.0,0.016528925619834652,0.0032679738562091504,2,True
TSLA,2024-12-01,0.25,49,2025-01-17,2024-11-29,345.16,0.5284,310.5,310.0,310.0,10.471374879423124,10.3,-0.1713748794231229,-0.016366034202431694,-17.13748794231229,0.28,0.0,True,426.5,0.5239897682611269,0.30600449937415497,0.026004499374154944,-10632.95,,False,-360.53,empirical_non_overlapping,7595.0,0.019417475728155442,0.001610305958132045,2,True
TSLA,2024-12-01,0.2,21,2024-12-20,2024-11-29,345.16,0.5284,313.5,312.5,312.5,4.3971152747425535,4.3,-0.09711527474255366,-0.022086133447624855,-9.711527474255366,0.3051,0.0,True,421.06,0.5237355230111348,0.21445569407182835,-0.09064430592817163,-9563.0,,False,-369.9,empirical_non_overlapping,1722.0,0.023255813953488292,0.003189792663476874,2,True
TSLA,2024-12-01,0.2,49,2025-01-17,2024-11-29,345.16,0.5284,300.5,300.0,300.0,7.699811101453037,7.675,-0.024811101453036777,-0.0032223000182893652,-2.4811101453036777,0.2,0.0,True,426.5,0.5276705277497473,0.24967005093449635,0.049670050934496335,-9913.56,,False,-391.96,empirical_non_overlapping,20833.0,0.019543973941368125,0.0016638935108153079,2,True
TSLA,2024-12-01,0.25,21,2024-12-20,2024-11-29,345.16,0.5284,320.0,320.0,320.0,6.246841061703108,6.075,-0.1718410617031081,-0.027508473483757595,-17.18410617031081,0.322,0.0,True,421.06,0.5213580487730101,0.2756305453117791,-0.0463694546882209,-10044.92,,False,-398.17,empirical_non_overlapping,10624.0,0.024691358024691416,0.0,2,True
TSLA,2024-12-01,0.15,49,2025-01-17,2024-11-29,345.16,0.5284,289.5,290.0,290.0,5.482845645272718,5.625,0.14215435472728188,0.025927112292472916,14.215435472728188,0.2,0.0,True,426.5,0.5333345316396031,0.19948725795223554,-0.0005127420477644695,-9059.72,,False,-411.75,empirical_non_overlapping,5354.0,0.02666666666666673,0.0017271157167530224,2,True
TSLA,2024-12-01,0.3,21,2024-12-20,2024-11-29,345.16,0.5284,326.5,327.5,327.5,8.583959555877598,8.350000000000001,-0.23395955587759687,-0.02725543548459526,-23.395955587759687,0.3898,0.0,True,421.06,0.5198838682309163,0.34361625415942865,-0.04618374584057133,-10491.88,,False,-415.97,empirical_non_overlapping,2873.0,0.011976047904191572,0.0030627871362940277,2,True
TSLA,2024-12-01,0.35,28,2024-12-27,2024-11-29,345.16,0.5284,331.0,330.0,330.0,11.942893245267484,10.875,-1.0678932452674843,-0.08941662822705461,-106.78932452674843,0.3409,0.0,True,431.66,0.49666874717246984,0.383629608770536,0.042729608770536,-10818.11,,False,-416.65,empirical_non_overlapping,829.0,0.022988505747126436,0.0030211480362537764,2,True
TSLA,2024-12-01,0.35,21,2024-12-20,2024-11-29,345.16,0.5284,332.0,332.5,332.5,10.431757918054757,10.2,-0.23175791805475754,-0.022216573647059305,-23.175791805475754,0.4068,0.0,True,421.06,0.520436721191924,0.39187704652321054,-0.014922953476789458,-10841.28,,False,-427.77,empirical_non_overlapping,891.0,0.009803921568627416,0.0015060240963855422,2,True
TSLA,2024-12-01,0.3,28,2024-12-27,2024-11-29,345.16,0.5284,324.0,325.0,325.0,10.083867590201478,9.024999999999999,-1.05886759020148,-0.10500609817907411,-105.88675902014799,0.2955,0.0,True,431.66,0.49521191672259146,0.3399101052927797,0.04441010529277972,-10378.47,,False,-445.31,empirical_non_overlapping,709.0,0.01662049861495849,0.0030864197530864196,2,True
TSLA,2024-12-01,0.15,28,2024-12-27,2024-11-29,345.16,0.5284,301.0,300.0,300.0,3.6537541938766083,3.25,-0.40375419387660827,-0.1105039289597716,-40.37541938766083,0.2273,0.0,True,431.66,0.5081611957025087,0.1613500196777229,-0.06594998032227711,-8679.89,,False,-458.35,empirical_non_overlapping,3531.0,0.03076923076923066,0.0033222591362126247,2,True
TSLA,2024-12-01,0.25,28,2024-12-27,2024-11-29,345.16,0.5284,317.0,315.0,315.0,6.964006386772596,6.1,-0.864006386772596,-0.12406743170334911,-86.4006386772596,0.2727,0.0,True,431.66,0.4970303531539294,0.2590450031927711,-0.013654996807228925,-9901.28,,False,-464.51,empirical_non_overlapping,2719.0,0.016393442622950907,0.006309148264984227,2,True
TSLA,2024-12-01,0.2,28,2024-12-27,2024-11-29,345.16,0.5284,309.5,310.0,310.0,5.687920053234265,4.975,-0.7129200532342654,-0.12533932378829496,-71.29200532342654,0.2273,0.0,True,431.66,0.49997006386569487,0.2231262717408472,-0.004173728259152798,-9350.27,,False,-468.61,empirical_non_overlapping,1321.0,0.030150753768844116,0.0016155088852988692,2,True
TSLA,2025-01-01,0.35,21,2025-01-24,2024-12-31,403.84,0.6748,385.5,385.0,385.0,17.82466523618936,16.925,-0.8996652361893602,-0.05047305092511767,-89.96652361893602,0.3898,0.0,True,406.58,0.6508310796038432,0.41022857309284555,0.02042857309284557,-11666.03,,False,-55.91,empirical_non_overlapping,541.0,0.020679468242245282,0.0012970168612191958,2,True
TSLA,2025-01-01,0.3,21,2025-01-24,2024-12-31,403.84,0.6748,377.0,375.0,375.0,13.975655007203827,13.25,-0.7256550072038266,-0.05192279051177092,-72.56550072038266,0.322,0.0,True,406.58,0.6540002917089913,0.349976997247992,0.02797699724799202,-11138.49,,False,-64.55,empirical_non_overlapping,614.0,0.022641509433962318,0.005305039787798408,2,True
TSLA,2025-01-01,0.25,21,2025-01-24,2024-12-31,403.84,0.6748,367.5,365.0,365.0,10.711606730865228,10.2,-0.5116067308652283,-0.04776190385995467,-51.160673086522834,0.3051,0.0,True,406.58,0.6585950918675263,0.292876641422769,-0.012223358577231003,-10497.54,,False,-70.9,empirical_non_overlapping,707.0,0.029411764705882252,0.006802721088435374,2,True
TSLA,2025-01-01,0.2,21,2025-01-24,2024-12-31,403.84,0.6748,358.0,360.0,360.0,9.290005183378,8.925,-0.36500518337799903,-0.03929009469564979,-36.5005183377999,0.2373,0.0,True,406.58,0.6625237421449337,0.2663848678242098,0.02908486782420977,-9804.64,,False,-79.53,empirical_non_overlapping,1417.0,0.028011204481792715,0.00558659217877095,2,True
TSLA,2025-01-01,0.15,21,2025-01-24,2024-12-31,403.84,0.6748,347.0,345.0,345.0,5.818883991559886,5.875,0.056116008440113774,0.009643775081529093,5.611600844011377,0.1864,0.0,True,406.58,0.6771548224399424,0.19571068332908836,0.009310683329088354,-8942.14,,False,-84.23,empirical_non_overlapping,471.0,0.0425531914893617,0.005763688760806916,2,True
NVDA,2024-10-01,0.35,35,2024-11-08,2024-10-01,117.0,0.5039,112.0,112.0,112.0,4.966410765252554,5.075,0.10858923474744575,0.021864730865032208,10.858923474744575,0.1143,0.0,True,147.63,0.5116408240182391,0.41680033663821914,0.3025003366382191,-2523.45,,False,189.31,empirical_non_overlapping,89.0,0.14778325123152708,0.0,3,True
NVDA,2024-10-01,0.35,28,2024-11-01,2024-10-01,117.0,0.5039,112.5,113.0,113.0,4.735436517357165,4.65,-0.08543651735716473,-0.01804195179135178,-8.543651735716473,0.2045,0.0,True,135.4,0.4972513875705695,0.42321689570165455,0.21871689570165456,-1474.51,,False,146.78,empirical_non_overlapping,601.0,0.06451612903225802,0.0044444444444444444,3,True
NVDA,2024-10-01,0.3,35,2024-11-08,2024-10-01,117.0,0.5039,109.5,110.0,110.0,4.183795541029703,4.324999999999999,0.14120445897029654,0.03375032493474663,14.120445897029654,0.1143,0.0,True,147.63,0.5144506872191844,0.3757898082722291,0.26148980827222906,-2367.03,,False,139.95,empirical_non_overlapping,491.0,0.12716763005780346,0.0045662100456621,3,True
NVDA,2024-10-01,0.35,42,2024-11-15,2024-10-01,117.0,0.5039,111.5,111.0,111.0,5.138410736588348,5.375,0.23658926341165198,0.04604327593491205,23.6589263411652,0.1379,0.0,True,141.98,0.5196239793448122,0.4100638117169017,0.27216381171690174,-2641.98,,False,123.28,empirical_non_overlapping,6714.0,0.027906976744186112,0.004484304932735426,3,True
NVDA,2024-10-01,0.3,28,2024-11-01,2024-10-01,117.0,0.5039,110.0,110.0,110.0,3.5708763865334205,3.575,0.004123613466579634,0.001154790314817592,0.4123613466579634,0.1818,0.0,True,135.4,0.5042469712306391,0.3549385324845533,0.17313853248455333,-1316.82,,False,115.52,empirical_non_overlapping,2400.0,0.04195804195804193,0.0,3,True
NVDA,2024-10-01,0.25,35,2024-11-08,2024-10-01,117.0,0.5039,107.0,107.0,107.0,3.1665965248052146,3.45,0.2834034751947856,0.08949781665418156,28.34034751947856,0.0857,0.0,True,147.63,0.527118605940344,0.3200675251818493,0.23436752518184928,-2197.3,,False,98.61,empirical_non_overlapping,1042.0,0.20289855072463758,0.0,3,True
NVDA,2024-10-01,0.25,28,2024-11-01,2024-10-01,117.0,0.5039,108.0,108.0,108.0,2.9093343892806303,2.975,0.06566561071936983,0.02257066460332409,6.566561071936983,0.1591,0.0,True,135.4,0.5098295345190454,0.3121242197299319,0.15302421972993188,-1180.05,,False,91.9,empirical_non_overlapping,583.0,0.08403361344537814,0.0,3,True
NVDA,2024-10-01,0.3,42,2024-11-15,2024-10-01,117.0,0.5039,109.0,109.0,109.0,4.371593644001692,4.625,0.2534063559983082,0.05796658533118915,25.34063559983082,0.1379,0.0,True,141.98,0.5215457674332912,0.37252197313856383,0.23462197313856384,-2486.32,,False,77.83,empirical_non_overlapping,3911.0,0.03243243243243251,0.0,3,True
NVDA,2024-10-01,0.2,28,2024-11-01,2024-10-01,117.0,0.5039,105.5,106.0,106.0,2.336507654334657,2.4699999999999998,0.13349234566534296,0.05713327984082988,13.349234566534296,0.1136,0.0,True,135.4,0.5170343306935864,0.2726125188503569,0.15901251885035692,-996.45,,False,69.41,empirical_non_overlapping,687.0,0.06477732793522256,0.004739336492890996,3,True
NVDA,2024-10-01,0.2,35,2024-11-08,2024-10-01,117.0,0.5039,104.5,104.0,104.0,2.3310582611215658,2.705,0.3739417388784343,0.16041715692619193,37.39417388784343,0.0857,0.0,True,147.63,0.5384341625090995,0.2683967786378965,0.18269677863789652,-2014.81,,False,63.63,empirical_non_overlapping,67.0,0.15157116451016642,0.004784688995215311,3,True
NVDA,2024-10-01,0.15,28,2024-11-01,2024-10-01,117.0,0.5039,102.5,103.0,103.0,1.6321576173803045,1.8050000000000002,0.17284238261969564,0.10589809512215885,17.284238261969563,0.1136,0.0,True,135.4,0.5238767893628473,0.2167449677852642,0.10314496778526419,-759.06,,False,47.76,empirical_non_overlapping,444.0,0.060941828254847695,0.004878048780487805,3,True
NVDA,2024-10-01,0.35,21,2024-10-25,2024-10-01,117.0,0.5039,113.0,113.0,113.0,3.999953082691974,3.875,-0.1249530826919738,-0.031238637081183015,-12.49530826919738,0.2881,0.0,True,141.54,0.49276491390491267,0.40698936398810126,0.11888936398810124,-2341.41,,False,45.3,empirical_non_overlapping,789.0,0.06451612903225806,0.0,3,True
NVDA,2024-10-01,0.25,42,2024-11-15,2024-10-01,117.0,0.5039,106.5,107.0,107.0,3.6826816400451854,3.9749999999999996,0.29231835995481426,0.07937649477385388,29.231835995481426,0.1379,0.0,True,141.98,0.5254526492236046,0.3366093328216405,0.19870933282164052,-2318.39,,False,41.7,empirical_non_overlapping,4486.0,0.03773584905660375,0.004694835680751174,3,True
NVDA,2024-10-01,0.15,35,2024-11-08,2024-10-01,117.0,0.5039,101.0,101.0,101.0,1.6637532913782174,2.03,0.36624670862178244,0.22013282288889813,36.62467086217824,0.0571,0.0,True,147.63,0.5433078890952683,0.21845842250374325,0.16135842250374327,-1739.49,,False,29.16,empirical_non_overlapping,44.0,0.03940886699507382,0.0,3,True
NVDA,2024-10-01,0.3,21,2024-10-25,2024-10-01,117.0,0.5039,111.0,111.0,111.0,3.235610822985663,3.125,-0.11061082298566305,-0.03418545339256741,-11.061082298566305,0.2373,0.0,True,141.54,0.49343604383363443,0.3535361995872008,0.11623619958720077,-2214.85,,False,28.76,empirical_non_overlapping,2781.0,0.08,0.0,3,True
NVDA,2024-10-01,0.25,21,2024-10-25,2024-10-01,117.0,0.5039,109.0,109.0,109.0,2.573127951433932,2.5250000000000004,-0.04812795143393167,-0.018704064602427295,-4.812795143393167,0.2034,0.0,True,141.54,0.49897113305874125,0.30412911569810847,0.10072911569810847,-2077.5,,False,15.15,empirical_non_overlapping,1787.0,0.07524752475247522,0.0,3,True
NVDA,2024-10-01,0.2,42,2024-11-15,2024-10-01,117.0,0.5039,103.5,104.0,104.0,2.7907881739784344,3.125,0.33421182602156563,0.11975535411027875,33.42118260215656,0.1379,0.0,True,141.98,0.5313136419107947,0.28523545256276145,0.14733545256276145,-2101.27,,False,10.2,empirical_non_overlapping,9823.0,0.04800000000000011,0.004830917874396135,3,True
NVDA,2024-10-01,0.2,21,2024-10-25,2024-10-01,117.0,0.5039,106.5,107.0,107.0,2.0120876249293254,2.0300000000000002,0.01791237507067489,0.008902383200783348,1.791237507067489,0.1525,0.0,True,141.54,0.5059243518332728,0.2590849695442686,0.10658496954426858,-1891.52,,False,2.14,empirical_non_overlapping,2083.0,0.08866995073891633,0.004694835680751174,3,True
NVDA,2024-10-01,0.15,21,2024-10-25,2024-10-01,117.0,0.5039,104.0,104.0,104.0,1.3398985615724008,1.44,0.10010143842759911,0.0747082214269473,10.010143842759911,0.1186,0.0,True,141.54,0.5175175699841802,0.19950437375374758,0.08090437375374758,-1691.09,,False,-9.93,empirical_non_overlapping,896.0,0.08333333333333341,0.0,3,True
NVDA,2024-10-01,0.15,42,2024-11-15,2024-10-01,117.0,0.5039,100.0,100.0,100.0,1.8481314603197276,2.2199999999999998,0.3718685396802721,0.2012132511482374,37.18685396802721,0.1379,0.0,True,141.98,0.5405173701098491,0.22321356772310397,0.08531356772310397,-1827.92,,False,-11.34,empirical_non_overlapping,47269.0,0.03603603603603587,0.0,3,True
NVDA,2024-12-01,0.35,21,2024-12-20,2024-11-29,138.25,0.4036,134.0,134.0,134.0,3.042834918743189,2.9,-0.1428349187431892,-0.04694139595393682,-14.283491874318921,0.2542,0.0,True,134.7,0.3912294345368997,0.37046995502492275,0.11626995502492277,-2782.47,,False,-22.62,empirical_non_overlapping,17899.0,0.013793103448275874,0.0,2,True
NVDA,2024-12-01,0.3,21,2024-12-20,2024-11-29,138.25,0.4036,132.5,132.0,132.0,2.354264211113332,2.26,-0.09426421111333205,-0.04003977576873349,-9.426421111333205,0.2203,0.0,True,134.7,0.39474463517023656,0.3107079369546477,0.09040793695464772,-2685.56,,False,-36.4,empirical_non_overlapping,20605.0,0.017699115044247607,0.0037735849056603774,2,True
NVDA,2024-12-01,0.25,21,2024-12-20,2024-11-29,138.25,0.4036,130.5,130.0,130.0,1.7826794286769037,1.74,-0.042679428676903663,-0.023941168552430166,-4.267942867690366,0.2203,0.0,True,134.7,0.3991323308012424,0.25626579405563943,0.03596579405563943,-2546.6,,False,-49.54,empirical_non_overlapping,50801.0,0.011494252873563229,0.0038314176245210726,2,True
NVDA,2024-12-01,0.2,21,2024-12-20,2024-11-29,138.25,0.4036,128.5,128.0,128.0,1.3182090573331777,1.335,0.01679094266682224,0.012737693291829904,1.679094266682224,0.2034,0.0,True,134.7,0.4056098070782788,0.20882491354241456,0.005424913542414561,-2397.12,,False,-55.58,empirical_non_overlapping,9227.0,0.007490636704119857,0.0038910505836575876,2,True
NVDA,2024-12-01,0.15,21,2024-12-20,2024-11-29,138.25,0.4036,126.0,126.0,126.0,0.9506096284348793,1.01,0.059390371565120725,0.062476088805142174,5.9390371565120725,0.1525,0.0,True,134.7,0.41194834813643505,0.16749934933721589,0.01499934933721589,-2196.87,,False,-58.75,empirical_non_overlapping,12014.0,0.01980198019801982,0.0,2,True
AAPL,2024-10-01,0.15,21,2024-10-25,2024-10-01,226.21,0.2645,212.5,215.0,215.0,1.8309911731729542,1.74,-0.09099117317295424,-0.04969503649505539,-9.099117317295423,0.2373,0.0,True,231.41,0.2589471021814628,0.21998078387335074,-0.017319216126649273,-2000.39,,False,-66.81,empirical_non_overlapping,2264.0,0.045977011494252915,0.011764705882352941,3,True
AAPL,2024-10-01,0.2,21,2024-10-25,2024-10-01,226.21,0.2645,215.5,215.0,215.0,1.8303429695720652,1.74,-0.09034296957206522,-0.049358492410407344,-9.034296957206521,0.2542,0.0,True,231.41,0.25898604670631487,0.21995590243223617,-0.03424409756776381,-2244.41,,False,-81.22,empirical_non_overlapping,2264.0,0.045977011494252915,0.002320185614849188,3,True
AAPL,2024-10-01,0.35,21,2024-10-25,2024-10-01,226.21,0.2645,221.5,220.0,220.0,3.228038313369737,2.79,-0.438038313369737,-0.135697990806209,-43.8038313369737,0.3051,0.0,True,231.41,0.24302652793663537,0.3233619465960812,0.018261946596081213,-2672.35,,False,-81.91,empirical_non_overlapping,3239.0,0.02150537634408604,0.006772009029345372,3,True
AAPL,2024-10-01,0.25,21,2024-10-25,2024-10-01,226.21,0.2645,217.5,215.0,215.0,1.830225654444078,1.74,-0.09022565444407804,-0.04929755750335804,-9.022565444407803,0.2712,0.0,True,231.41,0.25899309599049375,0.2199513993540237,-0.051248600645976305,-2396.62,,False,-84.88,empirical_non_overlapping,2264.0,0.045977011494252915,0.011494252873563218,3,True
AAPL,2024-10-01,0.3,21,2024-10-25,2024-10-01,226.21,0.2645,220.0,220.0,220.0,3.228095021059872,2.79,-0.43809502105987175,-0.13571317393130305,-43.80950210598718,0.3051,0.0,True,231.41,0.24302383709977982,0.32336447414374625,0.018264474143746268,-2573.67,,False,-85.87,empirical_non_overlapping,3239.0,0.02150537634408604,0.0,3,True
AAPL,2024-12-01,0.35,35,2025-01-03,2024-11-29,237.33,0.1767,233.5,235.0,235.0,3.568276373344659,3.375,-0.1932763733446592,-0.05416519157216936,-19.32763733446592,0.3143,0.0,True,243.36,0.16962803861138637,0.40581855378149356,0.09151855378149354,-2047.3,,False,-98.26,empirical_non_overlapping,162.0,0.07407407407407407,0.006423982869379015,2,True
AAPL,2024-12-01,0.15,35,2025-01-03,2024-11-29,237.33,0.1767,225.5,225.0,225.0,0.8886632532918313,1.0899999999999999,0.2013367467081686,0.2265613503904509,20.13367467081686,0.2286,0.0,True,243.36,0.18914822708079324,0.1653543332963156,-0.0632456667036844,-1450.85,,False,-102.78,empirical_non_overlapping,591.0,0.128440366972477,0.0022172949002217295,2,True
AAPL,2024-12-01,0.3,35,2025-01-03,2024-11-29,237.33,0.1767,232.0,230.0,230.0,1.8984014412673247,1.88,-0.018401441267324792,-0.009693124366277586,-1.8401441267324792,0.2571,0.0,True,243.36,0.17588179023898276,0.26280405220688496,0.005704052206884969,-1948.11,,False,-102.91,empirical_non_overlapping,424.0,0.08510638297872336,0.008620689655172414,2,True
AAPL,2024-12-01,0.25,35,2025-01-03,2024-11-29,237.33,0.1767,230.0,230.0,230.0,1.8989378870831501,1.88,-0.01893788708315025,-0.009972883901031463,-1.893788708315025,0.2286,0.0,True,243.36,0.17585800488234413,0.26283023127813676,0.034230231278136763,-1806.2,,False,-110.76,empirical_non_overlapping,424.0,0.08510638297872336,0.0,2,True
AAPL,2024-12-01,0.35,28,2024-12-27,2024-11-29,237.33,0.1767,234.0,235.0,235.0,3.098485724614875,2.94,-0.15848572461487498,-0.05114941255202133,-15.848572461487498,0.3182,0.0,True,255.59,0.17014266852343088,0.3986391867207898,0.08043918672078981,-3040.22,,False,-111.84,empirical_non_overlapping,816.0,0.07482993197278903,0.004273504273504274,2,True
AAPL,2024-12-01,0.2,35,2025-01-03,2024-11-29,237.33,0.1767,228.0,230.0,230.0,1.898224588406059,1.88,-0.018224588406059006,-0.00960085993900343,-1.8224588406059006,0.2286,0.0,True,243.36,0.17588963251178313,0.26279542197315453,0.03419542197315453,-1654.01,,False,-112.8,empirical_non_overlapping,424.0,0.08510638297872336,0.008771929824561403,2,True
AAPL,2024-12-01,0.3,28,2024-12-27,2024-11-29,237.33,0.1767,232.5,230.0,230.0,1.505761691630795,1.5899999999999999,0.08423830836920487,0.055943984255550895,8.423830836920487,0.2955,0.0,True,255.59,0.18108503507311766,0.24719813310804611,-0.04830186689195387,-2941.41,,False,-116.49,empirical_non_overlapping,3282.0,0.10062893081761003,0.010752688172043012,2,True
AAPL,2024-12-01,0.25,28,2024-12-27,2024-11-29,237.33,0.1767,230.5,230.0,230.0,1.5054812434221958,1.5899999999999999,0.08451875657780406,0.056140690524765106,8.451875657780406,0.25,0.0,True,255.59,0.18109987348831916,0.24718304338546504,-0.00281695661453496,-2798.9,,False,-118.12,empirical_non_overlapping,3282.0,0.10062893081761003,0.0021691973969631237,2,True
AAPL,2024-12-01,0.2,28,2024-12-27,2024-11-29,237.33,0.1767,228.5,230.0,230.0,1.5049522260303405,1.5899999999999999,0.08504777396965935,0.056511942703983714,8.504777396965935,0.1818,0.0,True,255.59,0.1811278681054411,0.24715458020374104,0.06535458020374105,-2645.06,,False,-122.74,empirical_non_overlapping,3282.0,0.10062893081761003,0.006564551422319475,2,True
AAPL,2024-12-01,0.15,28,2024-12-27,2024-11-29,237.33,0.1767,226.5,225.0,225.0,0.6212626104464505,0.85,0.2287373895535495,0.36818148349403274,22.87373895535495,0.1591,0.0,True,255.59,0.19444014562689105,0.14534028698701523,-0.013759713012984759,-2481.15,,False,-123.9,empirical_non_overlapping,2649.0,0.07058823529411772,0.006622516556291391,2,True
AAPL,2024-12-01,0.35,42,2025-01-10,2024-11-29,237.33,0.1767,233.5,235.0,235.0,3.9833026029395597,3.875,-0.10830260293955973,-0.027189147733751286,-10.830260293955973,0.2759,0.0,True,236.85,0.17311022807741502,0.4131655941831761,0.13726559418317613,-3419.12,,False,-154.03,empirical_non_overlapping,5.0,0.06451612903225806,0.006423982869379015,2,True
AAPL,2024-12-01,0.3,42,2025-01-10,2024-11-29,237.33,0.1767,231.5,230.0,230.0,2.2587924641999706,2.43,0.17120753580002956,0.07579604523812179,17.120753580002955,0.2414,0.0,True,236.85,0.18336127767018803,0.28835704460934697,0.046957044609346965,-3287.48,,False,-171.32,empirical_non_overlapping,32.0,0.18930041152263372,0.0064794816414686825,2,True
AAPL,2024-12-01,0.25,42,2025-01-10,2024-11-29,237.33,0.1767,229.5,230.0,230.0,2.2588244981949828,2.43,0.1711755018050174,0.07578078861009477,17.117550180501738,0.2069,0.0,True,236.85,0.18336000667345198,0.2883584888544545,0.08145848885445447,-3145.71,,False,-181.65,empirical_non_overlapping,32.0,0.18930041152263372,0.002178649237472767,2,True
AAPL,2024-12-01,0.2,42,2025-01-10,2024-11-29,237.33,0.1767,227.0,225.0,225.0,1.1520789271204137,1.49,0.3379210728795863,0.2933141687820033,33.79210728795863,0.2069,0.0,True,236.85,0.1939965547417273,0.19312174292973827,-0.013778257070261729,-2955.3,,False,-189.3,empirical_non_overlapping,14.0,0.2684563758389261,0.00881057268722467,2,True
AAPL,2024-12-01,0.15,42,2025-01-10,2024-11-29,237.33,0.1767,224.5,225.0,225.0,1.152455991472145,1.49,0.33754400852785493,0.2928910179873132,33.754400852785494,0.1724,0.0,True,236.85,0.1939754653035405,0.19313781123697765,0.020737811236977655,-2751.74,,False,-190.6,empirical_non_overlapping,14.0,0.2684563758389261,0.0022271714922048997,2,True
AAPL,2024-12-01,0.35,49,2025-01-17,2024-11-29,237.33,0.1767,233.0,235.0,235.0,4.357626560904336,4.275,-0.08262656090433573,-0.01896136801754492,-8.262656090433573,0.32,1.0,True,229.98,0.17417684933389035,0.41751403489307587,0.09751403489307586,-3991.32,,False,-200.7,empirical_non_overlapping,14088.0,0.03508771929824549,0.008583690987124463,2,True
AAPL,2024-12-01,0.3,49,2025-01-17,2024-11-29,237.33,0.1767,231.0,230.0,230.0,2.591932867843397,2.73,0.13806713215660293,0.05326802012101529,13.806713215660293,0.24,1.0,True,229.98,0.18156674707209652,0.2989912349242911,0.05899123492429109,-3858.78,,False,-211.82,empirical_non_overlapping,29927.0,0.0366300366300365,0.004329004329004329,2,True
AAPL,2024-12-01,0.25,49,2025-01-17,2024-11-29,237.33,0.1767,229.0,230.0,230.0,2.591747113574442,2.73,0.13825288642555789,0.053343509365342594,13.825288642555789,0.2,1.0,True,229.98,0.18157338302092071,0.2989834073007174,0.09898340730071736,-3716.89,,False,-226.07,empirical_non_overlapping,29927.0,0.0366300366300365,0.004366812227074236,2,True
AAPL,2024-12-01,0.2,49,2025-01-17,2024-11-29,237.33,0.1767,226.5,225.0,225.0,1.4081301749999682,1.7349999999999999,0.3268698250000317,0.2321304030005884,32.68698250000317,0.2,0.0,True,229.98,0.19138111000707403,0.2069574352944662,0.0069574352944661855,-3527.24,,False,-236.14,empirical_non_overlapping,23741.0,0.0518731988472623,0.006622516556291391,2,True
AAPL,2024-12-01,0.15,49,2025-01-17,2024-11-29,237.33,0.1767,223.5,225.0,225.0,1.408044754864406,1.7349999999999999,0.32695524513559393,0.2322051511545026,32.69552451355939,0.16,0.0,True,229.98,0.19138522314566608,0.20695406565339092,0.046954065653390914,-3283.5,,False,-238.95,empirical_non_overlapping,23741.0,0.0518731988472623,0.006711409395973154,2,True
AAPL,2024-12-01,0.15,21,2024-12-20,2024-11-29,237.33,0.1767,228.0,227.5,227.5,0.6412888136835129,0.895,0.25371118631648715,0.39562702623672774,25.371118631648713,0.2881,0.0,True,254.49,0.1973482273432551,0.1678128861595375,-0.12028711384046253,-2767.48,,False,-241.35,empirical_non_overlapping,2787.0,0.05586592178770954,0.0021929824561403508,2,True
AAPL,2024-12-01,0.2,21,2024-12-20,2024-11-29,237.33,0.1767,229.5,230.0,230.0,1.0731061699116822,1.26,0.18689383008831784,0.1741615464793194,18.689383008831783,0.3051,0.0,True,254.49,0.18884273589919934,0.22524161622145583,-0.07985838377854415,-2890.38,,False,-257.4,empirical_non_overlapping,25212.0,0.04761904761904766,0.002178649237472767,2,True
AAPL,2024-12-01,0.25,21,2024-12-20,2024-11-29,237.33,0.1767,231.5,232.5,232.5,1.6978558684362781,1.8050000000000002,0.10714413156372204,0.06310555186430611,10.714413156372204,0.3051,0.0,True,254.49,0.18254518710132378,0.30064868631769226,-0.004451313682307723,-3044.07,,False,-271.71,empirical_non_overlapping,921.0,0.049861495844875384,0.004319654427645789,2,True
AAPL,2024-12-01,0.3,21,2024-12-20,2024-11-29,237.33,0.1767,233.0,232.5,232.5,1.6975617615447902,1.8050000000000002,0.10743823845520994,0.06328973760426872,10.743823845520994,0.339,0.0,True,254.49,0.18256148828031032,0.3006292887031794,-0.038370711296820625,-3150.79,,False,-275.77,empirical_non_overlapping,921.0,0.049861495844875384,0.002145922746781116,2,True
AAPL,2024-12-01,0.35,21,2024-12-20,2024-11-29,237.33,0.1767,234.0,235.0,235.0,2.550791268547357,2.57,0.01920873145264279,0.0075304991394226925,1.920873145264279,0.3729,0.0,True,254.49,0.1776347772264408,0.39195385805332117,0.01905385805332116,-3217.52,,False,-278.17,empirical_non_overlapping,10072.0,0.04669260700389109,0.004273504273504274,2,True
AAPL,2025-01-01,0.15,21,2025-01-24,2024-12-31,250.42,0.2248,237.5,235.0,235.0,0.8173314398179592,0.925,0.10766856018204085,0.13173182253459065,10.766856018204084,0.2203,1.0,True,222.78,0.2333709250645281,0.13644707430735487,-0.08385292569264513,-2594.31,,False,-103.54,empirical_non_overlapping,1860.0,0.16216216216216217,0.010526315789473684,2,True
AAPL,2025-01-01,0.2,21,2025-01-24,2024-12-31,250.42,0.2248,240.0,240.0,240.0,1.6734002377085133,1.535,-0.1384002377085134,-0.08270599859483294,-13.840023770851339,0.2712,1.0,True,222.78,0.21696139150972077,0.21272621126789942,-0.05847378873210057,-2798.91,,False,-116.23,empirical_non_overlapping,3270.0,0.13680781758957652,0.0,2,True
AAPL,2025-01-01,0.35,21,2025-01-24,2024-12-31,250.42,0.2248,246.0,245.0,245.0,3.0739210073920873,2.4850000000000003,-0.588921007392087,-0.19158625285941464,-58.8921007392087,0.339,1.0,True,222.78,0.19838973501612095,0.3219375337191449,-0.017062466280855115,-3230.62,,False,-124.55,empirical_non_overlapping,2434.0,0.09255533199195169,0.0040650406504065045,2,True
AAPL,2025-01-01,0.25,21,2025-01-24,2024-12-31,250.42,0.2248,242.5,240.0,240.0,1.673345091037831,1.535,-0.138345091037831,-0.08267576830313436,-13.834509103783098,0.3051,1.0,True,222.78,0.21696443188398823,0.21272394849036919,-0.0923760515096308,-2989.8,,False,-124.62,empirical_non_overlapping,3270.0,0.13680781758957652,0.010309278350515464,2,True
AAPL,2025-01-01,0.3,21,2025-01-24,2024-12-31,250.42,0.2248,244.5,245.0,245.0,3.073438324848624,2.4850000000000003,-0.5884383248486236,-0.19145929172911122,-58.84383248486236,0.3051,1.0,True,222.78,0.19841038751029014,0.3219137304964467,0.016813730496446744,-3131.4,,False,-126.29,empirical_non_overlapping,2434.0,0.09255533199195169,0.002044989775051125,2,True
AAPL,2025-03-01,0.35,35,2025-04-04,2025-02-28,241.84,0.2365,236.5,235.0,235.0,3.6892799784896653,4.425000000000001,0.7357200215103354,0.19942103223391788,73.57200215103354,0.2,1.0,True,188.38,0.26428643564494453,0.35983207611846035,0.15983207611846034,-3286.66,,False,22.5,empirical_non_overlapping,458.0,0.21468926553672316,0.006342494714587738,1,True
AAPL,2025-03-01,0.3,35,2025-04-04,2025-02-28,241.84,0.2365,234.0,235.0,235.0,3.689726967120052,4.425000000000001,0.7352730328799488,0.19927572945969294,73.52730328799488,0.2,1.0,True,188.38,0.2642688969830272,0.35984840096591736,0.15984840096591735,-3122.1,,False,-0.63,empirical_non_overlapping,458.0,0.21468926553672316,0.004273504273504274,1,True
AAPL,2025-03-01,0.35,42,2025-04-11,2025-02-28,241.84,0.2365,236.5,235.0,235.0,4.2426232744148535,4.45,0.20737672558514664,0.04887936358519794,20.737672558514664,0.3103,1.0,True,198.15,0.2435982749880376,0.3585153593095236,0.04821535930952359,-2626.13,,False,-3.5,empirical_non_overlapping,129.0,0.47191011235955055,0.006342494714587738,1,True
AAPL,2025-03-01,0.35,28,2025-03-28,2025-02-28,241.84,0.2365,237.0,235.0,235.0,3.0778282518364932,3.8499999999999996,0.7721717481635064,0.25088201321914677,77.21717481635065,0.2955,1.0,True,217.9,0.2697308751513713,0.34739718312405127,0.05189718312405128,-2353.2,,False,-6.73,empirical_non_overlapping,4405.0,0.10389610389610389,0.008438818565400843,1,True
AAPL,2025-03-01,0.3,28,2025-03-28,2025-02-28,241.84,0.2365,235.0,235.0,235.0,3.0773698124912983,3.8499999999999996,0.7726301875087014,0.25106835856143506,77.26301875087015,0.2727,1.0,True,217.9,0.26975162772425604,0.3473786998071313,0.07467869980713132,-2221.99,,False,-15.34,empirical_non_overlapping,4405.0,0.10389610389610389,0.0,1,True
AAPL,2025-03-01,0.3,42,2025-04-11,2025-02-28,241.84,0.2365,233.5,235.0,235.0,4.242144873059701,4.45,0.2078551269402995,0.04899764934015122,20.78551269402995,0.2414,1.0,True,198.15,0.24361480908994873,0.3584987171802275,0.11709871718022752,-2430.59,,False,-16.74,empirical_non_overlapping,129.0,0.47191011235955055,0.006423982869379015,1,True
AAPL,2025-03-01,0.25,35,2025-04-04,2025-02-28,241.84,0.2365,231.5,230.0,230.0,2.2500155731187306,2.81,0.5599844268812695,0.24888024490651817,55.99844268812695,0.1714,1.0,True,188.38,0.26161546910513483,0.26344443913259485,0.09204443913259486,-2944.74,,False,-17.87,empirical_non_overlapping,5536.0,0.49110320284697506,0.0064794816414686825,1,True
AAPL,2025-03-01,0.25,28,2025-03-28,2025-02-28,241.84,0.2365,232.5,235.0,235.0,3.077907102553212,3.8499999999999996,0.7720928974467878,0.25084996776098756,77.20928974467878,0.2273,1.0,True,217.9,0.2697273058952873,0.34740036231194515,0.12010036231194515,-2045.13,,False,-23.37,empirical_non_overlapping,4405.0,0.10389610389610389,0.010752688172043012,1,True
AAPL,2025-03-01,0.15,42,2025-04-11,2025-02-28,241.84,0.2365,224.0,225.0,225.0,1.6443643158900159,3.235,1.590635684109984,0.9673255912568554,159.0635684109984,0.1724,1.0,True,198.15,0.30939477465483495,0.24669594630160274,0.07429594630160274,-1705.72,,False,-23.84,empirical_non_overlapping,31.0,0.41112828438949,0.004464285714285714,1,True
AAPL,2025-03-01,0.2,28,2025-03-28,2025-02-28,241.84,0.2365,230.0,230.0,230.0,1.7447960035283145,2.65,0.9052039964716854,0.5188021950080055,90.52039964716853,0.2273,1.0,True,217.9,0.28353458369193507,0.258302094910776,0.03100209491077599,-1854.96,,False,-25.34,empirical_non_overlapping,1488.0,0.11320754716981125,0.0,1,True
AAPL,2025-03-01,0.25,42,2025-04-11,2025-02-28,241.84,0.2365,231.0,230.0,230.0,2.7230755762551198,4.205,1.4819244237448803,0.544209803307362,148.19244237448802,0.2414,1.0,True,198.15,0.2935164472944847,0.30706790111806276,0.06566790111806275,-2254.66,,False,-25.69,empirical_non_overlapping,11.0,0.7110582639714625,0.004329004329004329,1,True
AAPL,2025-03-01,0.2,42,2025-04-11,2025-02-28,241.84,0.2365,228.0,230.0,230.0,2.723382297343967,4.205,1.4816177026560329,0.5440358865888972,148.16177026560328,0.2069,1.0,True,198.15,0.2935031410098686,0.30707768683054054,0.10017768683054054,-2028.96,,False,-27.06,empirical_non_overlapping,11.0,0.7110582639714625,0.008771929824561403,1,True
AAPL,2025-03-01,0.15,28,2025-03-28,2025-02-28,241.84,0.2365,227.0,225.0,225.0,0.9016016129796753,1.75,0.8483983870203247,0.9409903163510089,84.83983870203247,0.1591,1.0,True,217.9,0.2943401974645651,0.1850484148575755,0.025948414857575514,-1611.06,,False,-27.62,empirical_non_overlapping,1497.0,0.14857142857142844,0.00881057268722467,1,True
AAPL,2025-03-01,0.2,35,2025-04-04,2025-02-28,241.84,0.2365,229.0,230.0,230.0,2.2499341991552626,2.81,0.5600658008447374,0.248925413487654,56.00658008447375,0.1429,1.0,True,188.38,0.2616193670129403,0.2634415805875553,0.12054158058755529,-2755.41,,False,-29.43,empirical_non_overlapping,5536.0,0.49110320284697506,0.004366812227074236,1,True
AAPL,2025-03-01,0.15,21,2025-03-21,2025-02-28,241.84,0.2365,229.0,230.0,230.0,1.207309819768156,2.025,0.8176901802318439,0.6772828041677553,81.76901802318439,0.2034,1.0,True,218.27,0.28993761730173184,0.23087111528673337,0.027471115286733377,-1559.17,,False,-33.21,empirical_non_overlapping,21067.0,0.09382716049382725,0.004366812227074236,1,True
AAPL,2025-03-01,0.15,35,2025-04-04,2025-02-28,241.84,0.2365,225.5,225.0,225.0,1.2747307189138084,2.105,0.8302692810861916,0.6513291542810389,83.02692810861916,0.1429,1.0,True,188.38,0.28286960361305713,0.2022964983295149,0.05939649832951491,-2472.24,,False,-40.41,empirical_non_overlapping,471.0,0.27078384798099764,0.0022172949002217295,1,True
AAPL,2025-03-01,0.2,21,2025-03-21,2025-02-28,241.84,0.2365,231.5,232.5,232.5,1.7230872608371968,2.505,0.7819127391628031,0.45378592073328605,78.19127391628031,0.2542,1.0,True,218.27,0.2812602255007622,0.2753685223503898,0.021168522350389796,-1762.26,,False,-41.12,empirical_non_overlapping,1525.0,0.0998003992015968,0.004319654427645789,1,True
AAPL,2025-03-01,0.3,21,2025-03-21,2025-02-28,241.84,0.2365,235.5,235.0,235.0,2.3882204299678023,3.125,0.7367795700321977,0.3085056809610036,73.67795700321977,0.2881,1.0,True,218.27,0.27436412224299883,0.3275515648310643,0.03945156483106427,-2057.88,,False,-44.98,empirical_non_overlapping,19945.0,0.08,0.0021231422505307855,1,True
AAPL,2025-03-01,0.25,21,2025-03-21,2025-02-28,241.84,0.2365,233.5,232.5,232.5,1.7234498600877899,2.505,0.78155013991221,0.453480056491112,78.155013991221,0.2712,1.0,True,218.27,0.28123702044858473,0.27538503881608306,0.004185038816083064,-1914.92,,False,-45.44,empirical_non_overlapping,1525.0,0.0998003992015968,0.004282655246252677,1,True
AAPL,2025-03-01,0.35,21,2025-03-21,2025-02-28,241.84,0.2365,237.5,237.5,237.5,3.218803273109785,3.85,0.6311967268902152,0.19609670841436563,63.11967268902152,0.3729,1.0,True,218.27,0.26646477171345584,0.38506797762298306,0.01216797762298305,-2190.4,,False,-46.33,empirical_non_overlapping,10168.0,0.07792207792207788,0.0,1,True
AAPL,2025-04-01,0.35,21,2025-04-25,2025-04-01,223.19,0.2898,218.5,220.0,220.0,4.859160338823514,4.525,-0.3341603388235139,-0.06876915259487401,-33.41603388235139,0.339,1.0,True,209.28,0.27461907436048466,0.4189923724068488,0.07999237240684876,-2103.69,,False,2.16,empirical_non_overlapping,1728.0,0.03314917127071811,0.006864988558352402,3,True
AAPL,2025-04-01,0.2,21,2025-04-25,2025-04-01,223.19,0.2898,211.5,210.0,210.0,1.7560035707892325,2.025,0.2689964292107674,0.1531867210781738,26.89964292107674,0.1864,1.0,True,209.28,0.3069624378961151,0.22182532490695184,0.03542532490695183,-1608.68,,False,-3.44,empirical_non_overlapping,1701.0,0.02469135802469127,0.0070921985815602835,3,True
AAPL,2025-04-01,0.15,21,2025-04-25,2025-04-01,223.19,0.2898,208.5,210.0,210.0,1.755912914075651,2.025,0.2690870859243488,0.15324625940575295,26.908708592434884,0.1525,1.0,True,209.28,0.306968491352535,0.22182205418288659,0.06932205418288659,-1365.22,,False,-4.9,empirical_non_overlapping,1701.0,0.02469135802469127,0.007194244604316547,3,True
AAPL,2025-04-01,0.3,21,2025-04-25,2025-04-01,223.19,0.2898,216.0,215.0,215.0,3.034561527663868,3.065,0.030438472336131728,0.010030599827568674,3.0438472336131728,0.3051,1.0,True,209.28,0.2913708012628597,0.30985656444858606,0.004756564448586076,-1939.77,,False,-5.21,empirical_non_overlapping,1982.0,0.05546492659053831,0.004629629629629629,3,True
AAPL,2025-04-01,0.25,21,2025-04-25,2025-04-01,223.19,0.2898,214.0,215.0,215.0,3.0344616228564263,3.065,0.03053837714357366,0.010063853473561812,3.053837714357366,0.2712,1.0,True,209.28,0.2913759696333083,0.3098526701945249,0.038652670194524896,-1798.08,,False,-5.66,empirical_non_overlapping,1982.0,0.05546492659053831,0.004672897196261682,3,True
AAPL,2025-06-01,0.35,49,2025-07-18,2025-05-30,200.85,0.2954,195.0,195.0,195.0,5.377557255449474,5.8,0.42244274455052544,0.07855662422235173,42.24427445505255,0.28,0.0,True,211.18,0.3111485354566437,0.4001886494858171,0.12018864948581709,-1285.41,,False,227.42,empirical_non_overlapping,10949.0,0.01724137931034477,0.0,2,True
AAPL,2025-06-01,0.3,49,2025-07-18,2025-05-30,200.85,0.2954,192.0,190.0,190.0,3.6510202210172054,4.3,0.6489797789827945,0.17775299497026154,64.89797789827945,0.28,0.0,True,211.18,0.3224553554252107,0.32112123480701005,0.04112123480701002,-1093.51,,False,202.51,empirical_non_overlapping,13264.0,0.023255813953488292,0.010416666666666666,2,True
AAPL,2025-06-01,0.25,49,2025-07-18,2025-05-30,200.85,0.2954,189.0,190.0,190.0,3.6506777500482457,4.3,0.6493222499517541,0.17786348026559534,64.93222499517542,0.2,0.0,True,211.18,0.32247021516328184,0.32111100209212395,0.12111100209212394,-886.07,,False,178.82,empirical_non_overlapping,13264.0,0.023255813953488292,0.005291005291005291,2,True
AAPL,2025-06-01,0.2,49,2025-07-18,2025-05-30,200.85,0.2954,185.5,185.0,185.0,2.3538744111866805,3.175,0.8211255888133193,0.34884001665974934,82.11255888133194,0.2,0.0,True,211.18,0.3356314648548608,0.2536189836596341,0.05361898365963408,-625.53,,False,158.69,empirical_non_overlapping,12111.0,0.01574803149606308,0.0026954177897574125,2,True
AAPL,2025-06-01,0.15,49,2025-07-18,2025-05-30,200.85,0.2954,181.5,180.0,180.0,1.4320973901931495,2.3449999999999998,0.9129026098068502,0.6374584689968086,91.29026098068502,0.08,0.0,True,211.18,0.3504412783001645,0.19828433553286634,0.11828433553286634,-305.53,,False,139.97,empirical_non_overlapping,11013.0,0.0213219616204692,0.008264462809917356,2,True
AAPL,2025-06-01,0.35,28,2025-06-27,2025-05-30,200.85,0.2954,196.0,195.0,195.0,3.53809864952963,4.125,0.5869013504703702,0.16588043709532954,58.69013504703702,0.3182,0.0,True,201.08,0.3255283215683059,0.3714346736928861,0.05323467369288609,-1556.1,,False,104.57,empirical_non_overlapping,2272.0,0.03636363636363645,0.00510204081632653,2,True
AAPL,2025-06-01,0.35,42,2025-07-11,2025-05-30,200.85,0.2954,195.0,195.0,195.0,4.822558938782038,5.275,0.45244106121796257,0.09381763229050942,45.24410612179626,0.2069,0.0,True,211.16,0.3137781312416417,0.3924940768005071,0.18559407680050707,-2480.05,,False,104.41,empirical_non_overlapping,24.0,0.04739336492890995,0.0,2,True
AAPL,2025-06-01,0.35,35,2025-07-11,2025-05-30,200.85,0.2954,195.5,195.0,195.0,4.8223476252327515,5.275,0.45265237476724884,0.09386556298819322,45.265237476724884,0.3714,0.0,True,211.16,0.313786844238354,0.3924868677786969,0.021086867778696894,-2665.29,,False,96.62,empirical_non_overlapping,24.0,0.04739336492890995,0.0025575447570332483,5,True
AAPL,2025-06-01,0.3,28,2025-06-27,2025-05-30,200.85,0.2954,193.5,195.0,195.0,3.5380289965410157,4.125,0.5869710034589843,0.165903389721464,58.697100345898434,0.2727,0.0,True,201.08,0.3255320061874614,0.37143183025082904,0.09873183025082904,-1393.26,,False,86.49,empirical_non_overlapping,2272.0,0.03636363636363645,0.007751937984496124,2,True
AAPL,2025-06-01,0.3,35,2025-07-11,2025-05-30,200.85,0.2954,193.0,195.0,195.0,4.821811595307963,5.275,0.45318840469203714,0.09398716555682689,45.318840469203714,0.2571,0.0,True,211.16,0.31380894672081416,0.392468581831104,0.135368581831104,-2503.51,,False,77.64,empirical_non_overlapping,24.0,0.04739336492890995,0.010362694300518135,5,True
AAPL,2025-06-01,0.25,28,2025-06-27,2025-05-30,200.85,0.2954,191.5,190.0,190.0,2.054655137085348,2.7750000000000004,0.7203448629146525,0.3505916150661201,72.03448629146524,0.2273,0.0,True,201.08,0.33942543666721486,0.2749796563706428,0.04767965637064281,-1252.92,,False,76.69,empirical_non_overlapping,1337.0,0.025225225225225165,0.007832898172323759,2,True
AAPL,2025-06-01,0.3,42,2025-07-11,2025-05-30,200.85,0.2954,192.5,195.0,195.0,4.822616404353994,5.275,0.4523835956460065,0.09380459852406711,45.23835956460065,0.2069,0.0,True,211.16,0.3137757618126872,0.3924960372882135,0.18559603728821347,-2318.8,,False,66.12,empirical_non_overlapping,24.0,0.04739336492890995,0.012987012987012988,2,True
AAPL,2025-06-01,0.2,28,2025-06-27,2025-05-30,200.85,0.2954,188.5,190.0,190.0,2.054814815799382,2.7750000000000004,0.7201851842006182,0.3504866612130424,72.01851842006181,0.2045,0.0,True,201.08,0.33941478116490165,0.274985870699549,0.07048587069954901,-1026.72,,False,66.09,empirical_non_overlapping,1337.0,0.025225225225225165,0.007957559681697613,2,True
AAPL,2025-06-01,0.25,35,2025-07-11,2025-05-30,200.85,0.2954,190.5,190.0,190.0,3.156962481044303,3.8,0.6430375189556967,0.20368867948756364,64.30375189556968,0.2,0.0,True,211.16,0.3250391610272566,0.30814659568521396,0.10814659568521395,-2329.11,,False,62.09,empirical_non_overlapping,19.0,0.052631578947368356,0.0026246719160104987,5,True
AAPL,2025-06-01,0.15,28,2025-06-27,2025-05-30,200.85,0.2954,185.5,185.0,185.0,1.0884872575986506,1.835,0.7465127424013493,0.6858258901884225,74.65127424013494,0.1136,0.0,True,201.08,0.35446056658173647,0.19756028434834594,0.08396028434834593,-783.56,,False,61.01,empirical_non_overlapping,1323.0,0.049046321525885485,0.0026954177897574125,2,True
AAPL,2025-06-01,0.25,42,2025-07-11,2025-05-30,200.85,0.2954,189.5,190.0,190.0,3.156328463973786,3.8,0.643671536026214,0.20393046648124763,64.3671536026214,0.2069,0.0,True,211.16,0.3250698140355089,0.30812626141549654,0.10122626141549654,-2110.04,,False,35.96,empirical_non_overlapping,19.0,0.052631578947368356,0.002638522427440633,2,True
AAPL,2025-06-01,0.2,35,2025-07-11,2025-05-30,200.85,0.2954,187.5,185.0,185.0,1.944843136557914,2.775,0.830156863442086,0.4268502933924745,83.01568634420859,0.1143,0.0,True,211.16,0.34127557219845345,0.23940570010164314,0.12510570010164312,-2104.21,,False,32.1,empirical_non_overlapping,11.0,0.37837837837837834,0.013333333333333334,5,True
AAPL,2025-06-01,0.35,21,2025-06-20,2025-05-30,200.85,0.2954,196.5,197.5,197.5,3.6837343526310633,4.325,0.6412656473689369,0.17408031795531634,64.12656473689368,0.3559,0.0,True,201.0,0.33208823435596047,0.41668252614537243,0.06078252614537244,-2007.77,,False,28.19,empirical_non_overlapping,2893.0,0.03468208092485557,0.005089058524173028,2,True
AAPL,2025-06-01,0.2,42,2025-07-11,2025-05-30,200.85,0.2954,186.5,185.0,185.0,1.9448758673698165,2.775,0.8301241326301834,0.4268262805650495,83.01241326301833,0.2069,0.0,True,211.16,0.34127354524637316,0.2394067375565373,0.032506737556537296,-1885.59,,False,22.03,empirical_non_overlapping,11.0,0.37837837837837834,0.00804289544235925,2,True
AAPL,2025-06-01,0.3,21,2025-06-20,2025-05-30,200.85,0.2954,194.5,195.0,195.0,2.7676015085333248,3.45,0.6823984914666754,0.24656674357296068,68.23984914666754,0.2712,0.0,True,201.0,0.3371764731612926,0.35506750649457186,0.08386750649457186,-1877.21,,False,19.61,empirical_non_overlapping,21490.0,0.028985507246376836,0.002570694087403599,2,True
AAPL,2025-06-01,0.25,21,2025-06-20,2025-05-30,200.85,0.2954,192.5,192.5,192.5,2.023911802446925,2.76,0.7360881975530749,0.36369578786147627,73.60881975530748,0.2712,0.0,True,201.0,0.34502929078074823,0.29971549099396666,0.028515490993966663,-1736.38,,False,14.51,empirical_non_overlapping,1327.0,0.02898550724637668,0.0,2,True
AAPL,2025-06-01,0.15,42,2025-07-11,2025-05-30,200.85,0.2954,183.0,185.0,185.0,1.9452857255082634,2.775,0.8297142744917365,0.42652565821658367,82.97142744917365,0.1724,0.0,True,211.16,0.34124816542333647,0.23941972858085359,0.06701972858085359,-1605.67,,False,14.21,empirical_non_overlapping,11.0,0.37837837837837834,0.01092896174863388,2,True
AAPL,2025-06-01,0.2,21,2025-06-20,2025-05-30,200.85,0.2954,190.0,190.0,190.0,1.43644668900167,2.1900000000000004,0.7535533109983303,0.5245953899772289,75.35533109983304,0.2034,0.0,True,201.0,0.35296660346105874,0.2501317571875919,0.0467317571875919,-1546.9,,False,13.01,empirical_non_overlapping,28323.0,0.027397260273972622,0.0,2,True
AAPL,2025-06-01,0.15,21,2025-06-20,2025-05-30,200.85,0.2954,187.5,187.5,187.5,0.9883355354315668,1.73,0.7416644645684332,0.7504176850674278,74.16644645684332,0.1525,0.0,True,201.0,0.3613290319111666,0.20691685427179118,0.05441685427179119,-1344.02,,False,7.99,empirical_non_overlapping,1519.0,0.03468208092485552,0.0,2,True
AAPL,2025-06-01,0.15,35,2025-07-11,2025-05-30,200.85,0.2954,184.0,185.0,185.0,1.9455326584942725,2.775,0.8294673415057274,0.4263445991945909,82.94673415057274,0.1143,0.0,True,211.16,0.3412328761398325,0.2394275553958432,0.1251275553958432,-1822.33,,False,3.02,empirical_non_overlapping,11.0,0.37837837837837834,0.005434782608695652,5,True
AAPL,2025-07-01,0.15,21,2025-07-25,2025-07-01,207.82,0.2848,194.5,195.0,195.0,1.4576214536781507,1.29,-0.16762145367815062,-0.11499656049598882,-16.762145367815062,0.1864,0.0,True,213.88,0.2722704647450291,0.1806922191301043,-0.005707780869895707,-2221.52,,False,-36.22,empirical_non_overlapping,2225.0,0.06201550387596905,0.002570694087403599,3,True
AAPL,2025-07-01,0.2,21,2025-07-25,2025-07-01,207.82,0.2848,197.0,195.0,195.0,1.4570637219059606,1.29,-0.16706372190596053,-0.11465780074973474,-16.706372190596053,0.2034,0.0,True,213.88,0.2723105204213316,0.18067176689523096,-0.02272823310476904,-2424.5,,False,-38.09,empirical_non_overlapping,2225.0,0.06201550387596905,0.01015228426395939,3,True
AAPL,2025-07-01,0.35,21,2025-07-25,2025-07-01,207.82,0.2848,203.5,205.0,205.0,4.484189242265103,3.8,-0.684189242265103,-0.15257813738465192,-68.4189242265103,0.3559,0.0,True,213.88,0.2514149017099819,0.41353994230371094,0.057639942303710945,-2885.6,,False,-41.83,empirical_non_overlapping,1972.0,0.026315789473684237,0.007371007371007371,3,True
AAPL,2025-07-01,0.25,21,2025-07-25,2025-07-01,207.82,0.2848,199.5,200.0,200.0,2.67522954015341,2.24,-0.43522954015340964,-0.16268867161524075,-43.522954015340964,0.2881,0.0,True,213.88,0.2599743954269818,0.28104562313533443,-0.00705437686466559,-2614.07,,False,-41.92,empirical_non_overlapping,2153.0,0.02678571428571431,0.002506265664160401,3,True
AAPL,2025-07-01,0.3,21,2025-07-25,2025-07-01,207.82,0.2848,201.5,200.0,200.0,2.675414490479646,2.24,-0.435414490479646,-0.16274655461015508,-43.5414490479646,0.322,0.0,True,213.88,0.25996431522316665,0.28105351408914037,-0.04094648591085964,-2754.98,,False,-43.46,empirical_non_overlapping,2153.0,0.02678571428571431,0.007444168734491315,3,True
AAPL,2025-09-01,0.15,28,2025-09-26,2025-08-29,232.14,0.2243,218.5,220.0,220.0,1.196122220825501,2.035,0.8388777791744992,0.701331155436231,83.88777791744992,0.2273,0.0,True,255.46,0.27595020137626586,0.22905991041618534,0.0017599104161853396,-1598.2,,False,-78.44,empirical_non_overlapping,1151.0,0.06388206388206394,0.006864988558352402,3,True
AAPL,2025-09-01,0.2,28,2025-09-26,2025-08-29,232.14,0.2243,221.5,220.0,220.0,1.1959046885054931,2.035,0.839095311494507,0.7016406236713678,83.9095311494507,0.25,0.0,True,255.46,0.2759662489365335,0.22904997020341034,-0.020950029796589664,-1842.12,,False,-88.02,empirical_non_overlapping,1151.0,0.06388206388206394,0.006772009029345372,3,True
AAPL,2025-09-01,0.15,42,2025-10-10,2025-08-29,232.14,0.2243,216.0,215.0,215.0,1.1230591520777615,2.14,1.0169408479222386,0.9055096038715374,101.69408479222386,0.2414,0.0,True,245.27,0.28090782020937194,0.20281491367610838,-0.038585086323891626,-2103.69,,False,-90.42,empirical_non_overlapping,12.0,0.17757009345794397,0.004629629629629629,3,True
AAPL,2025-09-01,0.25,28,2025-09-26,2025-08-29,232.14,0.2243,223.5,225.0,225.0,2.3540766262983936,3.05,0.6959233737016062,0.29562477530559095,69.59233737016062,0.2955,0.0,True,255.46,0.25802959558212846,0.32074088557137925,0.025240885571379268,-1994.35,,False,-92.78,empirical_non_overlapping,1149.0,0.03278688524590167,0.006711409395973154,3,True
AAPL,2025-09-01,0.35,28,2025-09-26,2025-08-29,232.14,0.2243,227.5,230.0,230.0,4.155922283785614,4.65,0.49407771621438634,0.11888521547720877,49.407771621438634,0.3409,0.0,True,255.46,0.2451994065542749,0.4400573010194118,0.09915730101941184,-2270.29,,False,-94.54,empirical_non_overlapping,979.0,0.04301075268817208,0.01098901098901099,3,True
AAPL,2025-09-01,0.3,28,2025-09-26,2025-08-29,232.14,0.2243,226.0,225.0,225.0,2.354461819819832,3.05,0.6955381801801677,0.29541280912909074,69.55381801801677,0.3182,0.0,True,255.46,0.25800966108763024,0.320758371621474,0.0025583716214740426,-2171.5,,False,-96.53,empirical_non_overlapping,1149.0,0.03278688524590167,0.004424778761061947,3,True
AAPL,2025-09-01,0.2,42,2025-10-10,2025-08-29,232.14,0.2243,219.5,220.0,220.0,2.0382575551032573,3.105,1.0667424448967426,0.5233599857024457,106.67424448967427,0.2759,0.0,True,245.27,0.27114620899591807,0.27249350796547506,-0.0034064920345249217,-2386.46,,False,-110.59,empirical_non_overlapping,32.0,0.3510466988727858,0.002277904328018223,3,True
AAPL,2025-09-01,0.15,21,2025-09-19,2025-08-29,232.14,0.2243,220.5,220.0,220.0,0.7503514252344203,1.59,0.8396485747655797,1.119007103242673,83.96485747655798,0.2203,0.0,True,245.5,0.2917943514232071,0.20499987959376242,-0.015300120406237572,-2487.86,,False,-111.68,empirical_non_overlapping,18496.0,0.03773584905660381,0.0022675736961451248,3,True
AAPL,2025-09-01,0.2,21,2025-09-19,2025-08-29,232.14,0.2243,222.5,222.5,222.5,1.1620829219685689,1.9849999999999999,0.822917078031431,0.7081397226261695,82.2917078031431,0.2542,0.0,True,245.5,0.280340222828812,0.24862793677969042,-0.005572063220309564,-2650.78,,False,-119.85,empirical_non_overlapping,1191.0,0.08564231738035262,0.0,3,True
AAPL,2025-09-01,0.35,21,2025-09-19,2025-08-29,232.14,0.2243,228.0,227.5,227.5,2.4758122633620303,3.2,0.7241877366379699,0.29250510927454526,72.41877366379698,0.3051,0.0,True,245.5,0.2630040156626603,0.36427589241122793,0.05917589241122795,-3046.63,,False,-120.19,empirical_non_overlapping,1937.0,0.03125000000000003,0.0021929824561403508,3,True
AAPL,2025-09-01,0.25,42,2025-10-10,2025-08-29,232.14,0.2243,222.0,220.0,220.0,2.038344763089306,3.105,1.066655236910694,0.5232948106845656,106.66552369106941,0.3103,0.0,True,245.27,0.2711418590297075,0.27249666242410564,-0.03780333757589438,-2575.41,,False,-121.75,empirical_non_overlapping,32.0,0.3510466988727858,0.009009009009009009,3,True
AAPL,2025-09-01,0.35,42,2025-10-10,2025-08-29,232.14,0.2243,227.0,225.0,225.0,3.4153676387317233,4.2,0.7846323612682768,0.22973584230587998,78.46323612682768,0.3793,0.0,True,245.27,0.2535295045266518,0.3511319554343859,-0.028168044565614114,-2916.34,,False,-121.88,empirical_non_overlapping,3.0,0.40476190476190466,0.00881057268722467,3,True
AAPL,2025-09-01,0.25,21,2025-09-19,2025-08-29,232.14,0.2243,224.5,225.0,225.0,1.7287680465309094,2.5,0.7712319534690906,0.44611650187352153,77.12319534690906,0.2881,0.0,True,245.5,0.2700765112530529,0.3013199773843986,0.013219977384398562,-2804.2,,False,-124.91,empirical_non_overlapping,13314.0,0.07199999999999988,0.0022271714922048997,3,True
AAPL,2025-09-01,0.3,42,2025-10-10,2025-08-29,232.14,0.2243,224.5,225.0,225.0,3.4160738800500496,4.2,0.7839261199499505,0.22948160592430308,78.39261199499505,0.3103,0.0,True,245.27,0.25350196877357234,0.35115815925572436,0.040858159255724336,-2752.31,,False,-125.21,empirical_non_overlapping,3.0,0.40476190476190466,0.0022271714922048997,3,True
AAPL,2025-09-01,0.3,21,2025-09-19,2025-08-29,232.14,0.2243,226.5,227.5,227.5,2.475493286878134,3.2,0.7245067131218663,0.2926716533477447,72.45067131218663,0.2881,0.0,True,245.5,0.2630220137492093,0.3642587427357703,0.07615874273577028,-2947.02,,False,-125.25,empirical_non_overlapping,1937.0,0.03125000000000003,0.004415011037527594,3,True
AAPL,2025-09-01,0.15,49,2025-10-17,2025-08-29,232.14,0.2243,215.0,215.0,215.0,1.419957339260968,2.3600000000000003,0.9400426607390324,0.6620217627300604,94.00426607390324,0.28,0.0,True,252.29,0.2702059454490699,0.21205577321847763,-0.0679442267815224,-1998.5,,False,-138.26,empirical_non_overlapping,6694.0,0.042372881355932236,0.0,3,True
AAPL,2025-09-01,0.2,49,2025-10-17,2025-08-29,232.14,0.2243,218.5,220.0,220.0,2.42732316332048,3.25,0.8226768366795199,0.33892348950937834,82.26768366795199,0.28,0.0,True,252.29,0.25689079929864367,0.27645724831695473,-0.0035427516830452976,-2280.87,,False,-161.7,empirical_non_overlapping,16050.0,0.03076923076923066,0.006864988558352402,3,True
AAPL,2025-09-01,0.15,35,2025-10-03,2025-08-29,232.14,0.2243,217.5,220.0,220.0,1.6270888070069702,2.4749999999999996,0.8479111929930294,0.5211216433556334,84.79111929930295,0.2,0.0,True,258.02,0.26759431927300364,0.24873989683239195,0.04873989683239194,-3493.71,,False,-165.96,empirical_non_overlapping,225.0,0.14141414141414146,0.011494252873563218,3,True
AAPL,2025-09-01,0.35,35,2025-10-03,2025-08-29,232.14,0.2243,227.5,225.0,225.0,2.911227920131978,3.4749999999999996,0.5637720798680217,0.1936543944118479,56.37720798680217,0.3143,0.0,True,258.02,0.2479406413354499,0.33283194917138875,0.01853194917138873,-4229.94,,False,-174.23,empirical_non_overlapping,644.0,0.1007194244604317,0.01098901098901099,3,True
AAPL,2025-09-01,0.2,35,2025-10-03,2025-08-29,232.14,0.2243,220.5,220.0,220.0,1.6277747090682126,2.4749999999999996,0.847225290931787,0.5204806821312296,84.72252909317871,0.2571,0.0,True,258.02,0.26755427788753605,0.24876726320040737,-0.008332736799592622,-3735.76,,False,-174.43,empirical_non_overlapping,225.0,0.14141414141414146,0.0022675736961451248,3,True
AAPL,2025-09-01,0.25,49,2025-10-17,2025-08-29,232.14,0.2243,221.5,220.0,220.0,2.4270672383442147,3.25,0.8229327616557853,0.3390646738807301,82.29327616557853,0.32,0.0,True,252.29,0.25690183612983775,0.2764487085124503,-0.043551291487549715,-2507.07,,False,-176.09,empirical_non_overlapping,16050.0,0.03076923076923066,0.006772009029345372,3,True
AAPL,2025-09-01,0.25,35,2025-10-03,2025-08-29,232.14,0.2243,223.0,225.0,225.0,2.9117500479511023,3.4749999999999996,0.5632499520488974,0.1934403512572231,56.32499520488974,0.2857,0.0,True,258.02,0.2479178121671055,0.33285335077200084,0.047153350772000835,-3924.39,,False,-178.03,empirical_non_overlapping,644.0,0.1007194244604317,0.008968609865470852,3,True
AAPL,2025-09-01,0.3,35,2025-10-03,2025-08-29,232.14,0.2243,225.0,225.0,225.0,2.9111630505662447,3.4749999999999996,0.563836949433755,0.19368099266170755,56.383694943375495,0.3143,0.0,True,258.02,0.24794347778882792,0.3328292903055906,0.018529290305590584,-4065.82,,False,-179.88,empirical_non_overlapping,644.0,0.1007194244604317,0.0,3,True
AAPL,2025-09-01,0.35,49,2025-10-17,2025-08-29,232.14,0.2243,227.0,225.0,225.0,3.877901334050989,4.45,0.572098665949011,0.14752790663484394,57.2098665949011,0.36,0.0,True,252.29,0.24376943751987132,0.35551221857550863,-0.004487781424491355,-2878.79,,False,-180.59,empirical_non_overlapping,5515.0,0.02247191011235947,0.00881057268722467,3,True
AAPL,2025-09-01,0.3,49,2025-10-17,2025-08-29,232.14,0.2243,224.0,225.0,225.0,3.878209308843722,4.45,0.571790691156278,0.1474367796117626,57.1790691156278,0.32,0.0,True,252.29,0.24375864785988857,0.35552298105346636,0.03552298105346635,-2683.23,,False,-180.85,empirical_non_overlapping,5515.0,0.02247191011235947,0.004464285714285714,3,True
AAPL,2025-10-01,0.15,21,2025-10-17,2025-10-01,255.45,0.2513,241.0,240.0,240.0,0.7087714059483439,0.76,0.05122859405165614,0.07227802027807784,5.122859405165614,0.2373,0.0,True,252.29,0.2564087983070371,0.12234739160112496,-0.11495260839887506,-1645.24,,False,-48.79,empirical_non_overlapping,11184.0,0.05263157894736847,0.004149377593360996,5,True
AAPL,2025-10-01,0.35,21,2025-10-17,2025-10-01,255.45,0.2513,250.5,250.0,250.0,2.8878394967207583,2.54,-0.3478394967207583,-0.12044973313639559,-34.783949672075835,0.3051,0.0,True,252.29,0.23299737733542,0.32686186015730034,0.02176186015730036,-2349.94,,False,-57.55,empirical_non_overlapping,8344.0,0.02362204724409451,0.001996007984031936,5,True
AAPL,2025-10-01,0.2,21,2025-10-17,2025-10-01,255.45,0.2513,243.5,242.5,242.5,1.0539601126163518,1.0350000000000001,-0.018960112616351665,-0.017989402435055212,-1.8960112616351665,0.2373,0.0,True,252.29,0.24976283993544082,0.15923416153642134,-0.07806583846357867,-1848.82,,False,-60.42,empirical_non_overlapping,4212.0,0.04830917874396139,0.004106776180698152,5,True
AAPL,2025-10-01,0.3,21,2025-10-17,2025-10-01,255.45,0.2513,248.5,247.5,247.5,2.1240693664485804,1.935,-0.1890693664485803,-0.08901280223475098,-18.90693664485803,0.3051,0.0,True,252.29,0.24021048735436656,0.2632421453057703,-0.0418578546942297,-2218.16,,False,-64.03,empirical_non_overlapping,4282.0,0.07751937984496107,0.004024144869215292,5,True
AAPL,2025-10-01,0.25,21,2025-10-17,2025-10-01,255.45,0.2513,246.0,245.0,245.0,1.5189469327930922,1.4049999999999998,-0.11394693279309243,-0.07501705973595987,-11.394693279309243,0.2712,0.0,True,252.29,0.24356028192265236,0.20523832783105006,-0.06596167216894994,-2040.26,,False,-64.13,empirical_non_overlapping,5344.0,0.021352313167259808,0.0040650406504065045,5,True
