ticker,expected_report_date,last_announcement_date,best_eps,best_eps_median,best_eps_high,best_eps_low,best_eps_numest,best_sales,best_sales_median,best_sales_high,best_sales_low,best_sales_numest
A UN,2026-08-27,2026-05-27,1.496,1.49,1.52,1.48,16.0,1841.0,1840.0,1848.0,1835.0,16.0
AAPL UW,2026-07-31,2026-04-30,1.891,1.8900000000000001,2.02,1.75,33.0,108984.22857142857,108646.0,112396.0,106100.0,35.0
ABBV UN,2026-07-31,2026-04-29,3.771,3.755,4.0200000000000005,3.66,24.0,16790.40740740741,16749.0,17541.0,16465.0,27.0
ABNB UW,2026-08-06,2026-05-07,1.2610000000000001,1.25,1.44,0.93,25.0,3577.121212121212,3572.0,3615.0,3551.0,33.0
ABT UN,2026-07-17,2026-04-16,1.276,1.28,1.29,1.26,22.0,12539.727272727272,12521.5,12681.0,12497.0,22.0
ACGL UW,2026-07-29,2026-04-28,2.4,2.4,2.68,2.04,22.0,4642.909090909091,4650.0,4842.0,4272.0,11.0
ACN UN,2026-06-18,2026-03-19,3.73,3.725,3.86,3.6,22.0,18770.75,18805.0,19000.0,18487.0,24.0
ADBE UW,2026-06-11,2026-03-12,5.816,5.825,5.99,5.57,30.0,6454.633333333333,6455.0,6520.0,6397.0,30.0
ADI UW,2026-08-20,2026-05-20,3.332,3.31,3.48,3.29,25.0,3913.76,3900.0,3966.0,3900.0,25.0
ADM UN,2026-08-05,2026-05-05,1.424,1.46,1.57,1.11,9.0,22109.0,21422.5,26135.0,20491.0,8.0
ADP UW,2026-07-30,2026-04-29,2.589,2.59,2.62,2.5500000000000003,16.0,5438.125,5434.0,5492.0,5409.0,16.0
ADSK UW,2026-08-28,2026-05-28,3.122,3.12,3.19,3.1,28.0,2012.148148148148,2010.0,2037.0,2000.0,27.0
AEE UN,2026-07-31,2026-05-05,1.059,1.06,1.18,0.97,9.0,2264.5,2355.0,2435.0,1856.0,6.0
AEP UW,2026-07-30,2026-05-05,1.492,1.49,1.6300000000000001,1.33,16.0,5626.166666666667,5627.0,6855.0,4982.0,12.0
AES UN,2026-07-31,2026-05-05,0.56,0.56,0.56,0.56,1.0,2950.0,2950.0,2950.0,2950.0,1.0
AFL UN,2026-08-06,2026-04-29,1.7690000000000001,1.77,1.83,1.72,13.0,4233.375,4213.5,4321.0,4171.0,8.0
AIG UN,2026-08-06,2026-04-30,1.922,1.92,2.19,1.68,21.0,7422.181818181818,7315.0,8154.0,7231.0,11.0
AIZ UN,2026-08-05,2026-05-05,5.158,5.14,5.28,5.08,8.0,3418.0,3438.0,3501.0,3309.0,7.0
AJG UN,2026-07-31,2026-04-30,2.857,2.85,2.93,2.72,21.0,4002.8235294117644,4008.0,4076.0,3948.0,17.0
AKAM UW,2026-08-07,2026-05-07,1.586,1.57,1.73,1.54,22.0,1093.3181818181818,1092.5,1109.0,1087.0,22.0
ALB UN,2026-07-30,2026-05-06,3.1590000000000003,3.0300000000000002,4.59,2.44,19.0,1584.0,1584.0,1863.0,1403.0,17.0
ALGN UW,2026-07-29,2026-04-29,2.607,2.58,2.83,2.5100000000000002,16.0,1053.6666666666665,1053.0,1060.0,1050.0,15.0
ALL UN,2026-08-05,2026-04-29,4.526,4.42,6.49,3.5,24.0,17321.57142857143,17436.0,17810.0,16577.0,7.0
ALLE UN,2026-07-24,2026-04-28,2.213,2.23,2.25,2.15,11.0,1114.1,1113.0,1137.0,1091.0,10.0
AMAT UW,2026-08-13,2026-05-14,3.414,3.38,3.66,3.21,29.0,8976.896551724138,8951.0,9161.0,8949.0,29.0
AMCR UN,2026-08-14,2026-05-06,1.192,1.2,1.21,1.12,13.0,5988.642857142858,5998.0,6488.0,5088.0,14.0
AMD UW,2026-08-05,2026-05-05,1.619,1.59,2.1,1.48,44.0,11271.608695652174,11229.0,11640.0,11012.0,46.0
AME UN,2026-07-31,2026-04-30,1.981,1.99,2.02,1.75,19.0,1955.7368421052631,1952.0,1986.0,1918.0,19.0
AMGN UW,2026-08-05,2026-04-30,5.5840000000000005,5.5600000000000005,6.28,4.99,27.0,9420.592592592593,9418.0,9626.0,9208.0,27.0
AMP UN,2026-07-24,2026-04-23,10.634,10.65,11.15,10.3,12.0,4726.0,4729.5,4785.0,4673.0,10.0
AMT UN,2026-07-29,2026-04-28,1.575,1.56,1.85,1.45,13.0,2702.25,2699.0,2749.0,2633.0,20.0
AMZN UW,2026-07-31,2026-04-29,2.279,2.33,2.48,2.05,10.0,196675.29166666666,196629.5,201011.0,187976.0,48.0
ANET UN,2026-08-05,2026-05-05,0.882,0.88,0.9,0.87,24.0,2823.76,2813.0,2914.0,2800.0,25.0
AON UN,2026-07-24,2026-05-01,3.8160000000000003,3.81,3.95,3.72,21.0,4299.666666666667,4296.5,4398.0,4244.0,18.0
AOS UN,2026-07-24,2026-04-30,0.975,0.97,1.1,0.92,11.0,997.2727272727273,999.0,1020.0,969.0,11.0
APA UW,2026-08-06,2026-05-06,2.059,2.1,2.68,0.7000000000000001,27.0,2552.304347826087,2522.0,2998.0,2246.0,23.0
APD UN,2026-07-31,2026-04-30,3.336,3.33,3.4,3.3000000000000003,17.0,3197.0588235294117,3189.0,3301.0,3052.0,17.0
APH UN,2026-07-29,2026-04-29,1.168,1.16,1.25,1.1400000000000001,17.0,8256.166666666668,8199.5,8668.0,8147.0,18.0
APO UN,2026-08-05,2026-05-06,2.203,2.215,2.36,2.07,16.0,5640.75,5641.0,5728.0,5553.0,4.0
APP UW,2026-08-06,2026-05-06,3.763,3.77,4.21,3.5300000000000002,19.0,1939.304347826087,1940.0,1971.0,1897.0,23.0
APTV UN,2026-07-31,2026-05-05,1.416,1.42,1.5,1.32,17.0,3296.6666666666665,3299.0,3322.0,3260.0,15.0
ARE UN,2026-08-03,2026-04-27,0.72,0.1,3.97,0.0,6.0,652.5714285714286,656.0,666.0,633.0,7.0
ARES UN,2026-07-31,2026-05-01,1.315,1.33,1.44,1.2,15.0,1229.4,1229.0,1391.0,1051.0,5.0
ATO UN,2026-08-06,2026-05-06,1.36,1.345,1.42,1.33,4.0,868.8,923.0,951.0,729.0,5.0
AVB UN,2026-07-30,2026-04-27,1.11,1.11,1.1500000000000001,1.07,5.0,773.3636363636364,773.0,792.0,765.0,11.0
AVGO UW,2026-09-04,2026-03-04,3.212,3.24,3.4,2.67,42.0,29481.763157894737,29406.5,30056.0,28918.0,38.0
AVY UN,2026-07-22,2026-04-28,2.468,2.47,2.49,2.44,11.0,2292.5454545454545,2295.0,2337.0,2252.0,11.0
AWK UN,2026-07-29,2026-04-29,1.592,1.59,1.68,1.5,5.0,1355.75,1367.0,1434.0,1255.0,4.0
AXON UW,2026-08-04,2026-05-06,1.843,1.83,2.18,1.53,17.0,874.5882352941177,875.0,889.0,857.0,17.0
AXP UN,2026-07-24,2026-04-23,4.4030000000000005,4.42,4.59,4.09,26.0,19627.125,19654.0,19751.0,19457.0,24.0
AZO UN,2026-09-23,2026-03-03,54.559000000000005,54.245000000000005,56.97,51.46,24.0,6725.130434782609,6714.0,6842.0,6643.0,23.0
BA UN,2026-07-29,2026-04-22,-0.247,-0.225,0.38,-0.67,22.0,23971.68181818182,23926.0,25638.0,21805.0,22.0
BAC UN,2026-07-14,2026-04-15,1.097,1.095,1.1500000000000001,1.06,20.0,30212.0,30153.0,30507.0,29953.0,17.0
BALL UN,2026-08-05,2026-05-05,0.975,0.98,1.05,0.87,15.0,3644.714285714286,3585.0,4021.0,3434.0,14.0
BAX UN,2026-07-31,2026-04-30,0.368,0.36,0.39,0.36,11.0,2797.5454545454545,2798.0,2846.0,2772.0,11.0
BBY UN,2026-08-28,2026-03-03,1.338,1.34,1.42,1.3,22.0,9516.095238095239,9514.0,9665.0,9363.0,21.0
BDX UN,2026-08-07,2026-05-07,3.137,3.15,3.19,3.06,11.0,4884.818181818182,4892.0,4900.0,4836.0,11.0
BEN UN,2026-07-31,2026-04-28,0.629,0.62,0.7000000000000001,0.5700000000000001,11.0,2293.5,2293.5,2298.0,2289.0,2.0
BF/B UN,2026-08-28,2026-03-04,0.381,0.375,0.46,0.36,16.0,919.3333333333334,919.0,942.0,889.0,15.0
BG UN,2026-07-30,2026-04-29,1.9000000000000001,1.9100000000000001,2.05,1.6,8.0,23279.125,22980.0,24937.0,21861.0,8.0
BIIB UW,2026-07-31,2026-04-29,3.212,3.1350000000000002,4.28,2.33,28.0,2429.5862068965516,2425.0,2656.0,2215.0,29.0
BKNG UW,2026-07-29,2026-04-28,2.43,2.43,2.59,2.25,30.0,7169.4137931034475,7168.0,7262.0,7088.0,29.0
BKR UW,2026-07-22,2026-04-23,0.487,0.48,0.64,0.39,22.0,6521.380952380953,6520.0,6588.0,6430.0,21.0
BLDR UN,2026-07-31,2026-04-30,1.282,1.295,1.43,1.09,22.0,3926.12,3917.0,4033.0,3811.0,25.0
BLK UN,2026-07-15,2026-04-14,12.530000000000001,12.57,12.98,12.01,15.0,6785.083333333333,6780.0,6932.0,6693.0,12.0
BMY UN,2026-07-30,2026-04-30,1.598,1.6,1.69,1.48,26.0,11685.0,11648.5,11989.0,11424.0,26.0
BNY UN,2026-07-15,2026-04-16,2.18,2.18,2.29,2.09,15.0,5350.153846153846,5355.0,5420.0,5230.0,13.0
BR UN,2026-08-05,2026-04-30,3.749,3.755,3.81,3.69,8.0,2170.714285714286,2171.0,2191.0,2151.0,7.0
BRK/B UN,2026-08-03,2026-05-02,4.846,4.864,5.1530000000000005,4.521,3.0,94790.0,94790.0,95317.0,94263.0,2.0
BRO UN,2026-07-28,2026-04-27,1.083,1.08,1.17,1.0,18.0,1731.0666666666668,1737.0,1817.0,1677.0,15.0
BSX UN,2026-07-29,2026-04-22,0.8300000000000001,0.8300000000000001,0.84,0.81,26.0,5378.11111111111,5371.0,5456.0,5318.0,27.0
BX UN,2026-07-24,2026-04-23,1.359,1.36,1.47,1.2,21.0,3456.6666666666665,3411.0,3643.0,3194.0,9.0
BXP UN,2026-07-29,2026-04-28,0.392,0.41000000000000003,0.46,0.28,6.0,864.9166666666666,866.5,879.0,842.0,12.0
C UN,2026-07-14,2026-04-14,2.633,2.6350000000000002,2.82,2.35,18.0,23189.736842105263,23237.0,23862.0,22248.0,19.0
CAG UN,2026-07-10,2026-04-01,0.458,0.46,0.48,0.44,17.0,2891.0625,2886.5,2936.0,2824.0,16.0
CAH UN,2026-08-12,2026-04-30,2.3970000000000002,2.4,2.45,2.29,17.0,65201.85714285714,65265.0,66465.0,64056.0,14.0
CARR UN,2026-07-29,2026-04-30,0.808,0.8,0.85,0.79,22.0,5995.190476190476,5996.0,6177.0,5903.0,21.0
CASY UW,2026-06-09,2026-03-09,3.3000000000000003,3.335,3.77,2.7800000000000002,20.0,4317.368421052632,4358.0,4517.0,3891.0,19.0
CAT UN,2026-08-04,2026-04-30,6.125,6.085,6.96,5.75,22.0,18253.409090909092,18035.5,20111.0,15637.0,22.0
CB UN,2026-07-22,2026-04-21,6.697,6.75,7.03,6.13,25.0,16062.0,16106.0,16195.0,15841.0,4.0
CBOE UF,2026-07-31,2026-05-01,3.352,3.39,3.56,3.0700000000000003,13.0,699.2142857142858,701.0,731.0,659.0,14.0
CBRE UN,2026-07-29,2026-04-23,1.5050000000000001,1.52,1.56,1.41,11.0,11360.714285714284,11317.0,11777.0,10957.0,7.0
CCI UN,2026-07-23,2026-04-22,0.481,0.49,0.58,0.37,7.0,995.5263157894736,993.0,1017.0,986.0,19.0
CCL UN,2026-06-24,2026-03-27,0.337,0.34,0.36,0.27,24.0,6681.619047619047,6684.0,6799.0,6590.0,21.0
CDNS UW,2026-07-28,2026-04-27,2.055,2.055,2.08,2.02,20.0,1574.85,1575.0,1592.0,1550.0,20.0
CDW UW,2026-08-06,2026-05-06,2.774,2.79,2.81,2.69,10.0,6190.666666666667,6188.0,6377.0,6120.0,9.0
CEG UW,2026-08-07,2026-05-11,2.437,2.47,3.34,1.19,15.0,7926.272727272727,8237.0,9635.0,5898.0,11.0
CF UN,2026-08-05,2026-05-06,5.534,5.53,7.22,2.5100000000000002,19.0,2439.4375,2425.0,2723.0,2031.0,16.0
CFG UN,2026-07-16,2026-04-16,1.241,1.24,1.3,1.2,18.0,2248.705882352941,2250.0,2255.0,2239.0,17.0
CHD UN,2026-07-31,2026-05-01,0.892,0.89,0.9400000000000001,0.88,19.0,1496.111111111111,1493.0,1522.0,1487.0,18.0
CHRW UW,2026-07-30,2026-04-29,1.5210000000000001,1.5250000000000001,1.78,1.36,22.0,4271.55,4231.5,4681.0,4122.0,20.0
CHTR UW,2026-07-24,2026-04-24,10.003,9.9,11.19,8.4,19.0,13541.0,13548.0,13653.0,13389.0,19.0
CI UN,2026-07-31,2026-04-30,7.567,7.6000000000000005,7.73,6.99,23.0,70530.7894736842,70498.0,72763.0,68177.0,19.0
CIEN UN,2026-09-04,2026-06-04,1.721,1.72,1.76,1.68,17.0,1634.8125,1626.5,1657.0,1621.0,16.0
CINF UW,2026-07-28,2026-04-27,1.735,1.7,1.92,1.61,8.0,3054.3333333333335,3005.0,3314.0,2989.0,6.0
CL UN,2026-07-31,2026-05-01,0.9490000000000001,0.9500000000000001,0.98,0.92,18.0,5349.176470588235,5347.0,5404.0,5308.0,17.0
CLX UN,2026-07-31,2026-04-30,1.649,1.6500000000000001,1.73,1.55,17.0,1902.4375,1916.5,1965.0,1698.0,16.0
CMCSA UW,2026-07-31,2026-04-23,0.971,0.97,1.02,0.91,22.0,29283.590909090908,29341.5,29794.0,28777.0,22.0
CME UW,2026-07-23,2026-04-22,2.973,2.96,3.1,2.88,15.0,1713.5714285714284,1717.5,1785.0,1651.0,14.0
CMG UN,2026-07-29,2026-04-29,0.319,0.32,0.33,0.31,34.0,3326.8125,3325.0,3387.0,3289.0,32.0
CMI UN,2026-08-05,2026-05-05,7.175,7.22,8.27,6.12,18.0,9309.733333333334,9272.0,9700.0,8644.0,15.0
CMS UN,2026-07-31,2026-04-28,0.803,0.75,1.1300000000000001,0.5700000000000001,10.0,2051.333333333333,1971.0,2293.0,1886.0,6.0
CNC UN,2026-07-28,2026-04-28,1.062,1.05,1.94,0.41000000000000003,18.0,47370.86666666666,47474.0,48548.0,45559.0,15.0
CNP UN,2026-07-24,2026-04-23,0.367,0.37,0.43,0.32,11.0,2036.25,2024.5,2336.0,1670.0,8.0
COF UN,2026-07-22,2026-04-21,4.715,4.9,5.61,3.41,21.0,15727.833333333334,15746.5,16067.0,15392.0,18.0
COHR UN,2026-08-13,2026-05-06,1.617,1.62,1.75,1.49,20.0,1988.55,1983.0,2049.0,1949.0,20.0
COIN UW,2026-07-31,2026-05-07,0.191,0.081,1.4000000000000001,-0.33,22.0,1343.8709677419356,1356.0,1507.0,1212.0,31.0
COO UW,2026-08-27,2026-03-05,1.135,1.12,1.21,1.1,17.0,1103.6470588235295,1100.0,1126.0,1088.0,17.0
COP UN,2026-08-07,2026-04-30,2.978,3.12,3.71,2.07,25.0,18462.70588235294,18490.0,21767.0,12930.0,17.0
COR UN,2026-08-06,2026-05-06,4.324,4.34,4.42,4.09,14.0,84250.72727272728,84109.0,85040.0,82631.0,11.0
COST UW,2026-09-24,2026-05-28,6.539,6.515000000000001,7.07,6.28,34.0,93723.44827586207,94133.0,97319.0,75954.0,29.0
CPAY UN,2026-08-06,2026-05-07,6.573,6.5600000000000005,6.7700000000000005,6.46,16.0,1299.2666666666667,1296.0,1331.0,1291.0,15.0
CPB UW,2026-06-08,2026-03-11,0.47900000000000004,0.48,0.5,0.46,19.0,2381.555555555555,2385.0,2408.0,2355.0,18.0
CPRT UW,2026-09-04,2026-05-21,0.384,0.39,0.39,0.37,9.0,1145.125,1145.0,1164.0,1135.0,8.0
CPT UN,2026-07-31,2026-04-30,0.198,0.21,0.23,0.14,5.0,388.7142857142857,391.0,398.0,350.0,14.0
CRH UN,2026-08-06,2026-04-30,2.025,2.05,2.14,1.8,11.0,10712.833333333334,10732.5,11087.0,10171.0,12.0
CRL UN,2026-08-06,2026-05-07,2.733,2.71,2.91,2.68,14.0,973.8461538461538,971.0,1018.0,955.0,13.0
CRM UN,2026-09-03,2026-05-27,3.271,3.2600000000000002,3.47,3.0700000000000003,44.0,11319.558139534884,11320.0,11421.0,11150.0,43.0
CRWD UW,2026-08-27,2026-06-03,1.172,1.17,1.24,1.1,43.0,1434.4782608695652,1439.0,1450.0,1169.0,46.0
CSCO UW,2026-08-13,2026-05-13,1.169,1.17,1.2,1.09,21.0,16838.619047619046,16819.0,16993.0,16751.0,21.0
CSGP UW,2026-07-22,2026-04-28,0.28600000000000003,0.29,0.3,0.27,17.0,930.1,928.5,953.0,926.0,20.0
CSX UW,2026-07-23,2026-04-22,0.49,0.5,0.51,0.44,20.0,3766.1052631578946,3756.0,3891.0,3664.0,19.0
CTAS UW,2026-07-17,2026-03-25,1.24,1.24,1.27,1.21,20.0,2872.842105263158,2871.0,2887.0,2857.0,19.0
CTSH UW,2026-07-30,2026-04-29,1.379,1.37,1.43,1.36,21.0,5494.92,5491.0,5525.0,5476.0,25.0
CTVA UN,2026-07-30,2026-05-05,2.231,2.22,2.33,2.1,19.0,6578.0,6580.5,6809.0,6393.0,16.0
CVNA UN,2026-07-30,2026-04-29,0.394,0.395,0.73,0.084,18.0,6813.954545454545,6810.5,7227.0,6330.0,22.0
CVS UN,2026-07-31,2026-05-06,1.811,1.845,1.94,1.48,20.0,99998.36842105263,99895.0,104973.0,97414.0,19.0
CVX UN,2026-07-31,2026-05-01,5.3260000000000005,5.24,6.8500000000000005,3.8200000000000003,21.0,66206.92857142858,67088.5,88186.0,52782.0,14.0
D UN,2026-07-31,2026-05-01,0.833,0.8300000000000001,0.9400000000000001,0.72,11.0,4144.571428571428,4076.0,4497.0,3978.0,7.0
DAL UN,2026-07-10,2026-04-08,1.445,1.44,1.81,1.23,21.0,17474.88235294118,17502.0,17610.0,17243.0,17.0
DASH UW,2026-08-06,2026-05-06,1.119,1.22,1.42,0.43,15.0,4339.263157894738,4328.0,4556.0,4098.0,38.0
DD UN,2026-08-05,2026-05-05,0.589,0.59,0.6,0.58,15.0,1809.6,1810.0,1826.0,1796.0,10.0
DDOG UW,2026-08-07,2026-05-07,0.591,0.58,0.74,0.5700000000000001,37.0,1077.452380952381,1075.0,1120.0,1051.0,42.0
DE UN,2026-08-20,2026-05-21,4.704,4.68,5.22,4.33,20.0,10790.333333333334,10763.0,11295.0,10319.0,15.0
DECK UN,2026-07-24,2026-05-21,0.871,0.87,0.93,0.8300000000000001,23.0,1018.2608695652174,1017.0,1038.0,1007.0,23.0
DELL UN,2026-09-03,2026-02-26,4.572,4.805,5.19,2.32,26.0,41929.916666666664,44583.5,48193.0,32880.0,24.0
DG UN,2026-08-28,2026-06-02,1.994,1.99,2.11,1.9100000000000001,28.0,11177.076923076924,11171.0,11242.0,11077.0,26.0
DGX UN,2026-07-22,2026-04-21,2.835,2.82,2.97,2.75,15.0,2976.8666666666663,2983.0,3004.0,2943.0,15.0
DHI UN,2026-07-21,2026-04-21,2.981,2.99,3.0500000000000003,2.87,17.0,9132.8125,9170.5,9286.0,8624.0,16.0
DHR UN,2026-07-22,2026-04-21,1.835,1.83,1.86,1.81,22.0,6088.761904761905,6085.0,6143.0,6051.0,21.0
DIS UN,2026-08-06,2026-05-06,1.865,1.865,1.97,1.6400000000000001,20.0,25471.25,25455.5,25950.0,25089.0,24.0
DLR UN,2026-07-24,2026-04-23,0.521,0.5,0.9500000000000001,0.22,19.0,1659.423076923077,1659.5,1760.0,1567.0,26.0
DLTR UW,2026-09-03,2026-05-28,1.075,1.09,1.19,0.91,26.0,4835.25,4845.5,5078.0,4570.0,24.0
DOC UN,2026-07-24,2026-05-05,-0.007,0.01,0.02,-0.05,3.0,650.8571428571428,737.0,761.0,416.0,7.0
DOV UN,2026-07-24,2026-04-23,2.719,2.72,2.77,2.66,19.0,2205.5,2207.5,2229.0,2152.0,18.0
DOW UN,2026-07-23,2026-04-23,1.208,1.1500000000000001,1.59,1.05,17.0,11931.5625,12102.0,12793.0,10314.0,16.0
DPZ UW,2026-07-21,2026-04-27,4.251,4.23,4.62,4.0200000000000005,31.0,1184.5666666666668,1183.5,1231.0,1140.0,30.0
DRI UN,2026-06-25,2026-03-19,3.65,3.63,4.11,3.5700000000000003,26.0,3730.0,3733.0,3749.0,3694.0,26.0
DTE UN,2026-07-29,2026-04-30,1.508,1.5350000000000001,1.6300000000000001,1.29,10.0,3475.714285714286,3619.0,3699.0,2920.0,7.0
DUK UN,2026-08-05,2026-05-05,1.311,1.31,1.37,1.26,14.0,7672.090909090909,7686.0,7998.0,7274.0,11.0
DVA UN,2026-08-05,2026-05-05,3.843,3.8000000000000003,4.22,3.62,6.0,3489.5,3486.0,3544.0,3444.0,6.0
DVN UN,2026-08-05,2026-05-05,1.58,1.44,2.58,0.98,24.0,6177.6,6466.0,7712.0,4535.0,15.0
DXCM UW,2026-07-30,2026-04-30,0.608,0.61,0.66,0.55,25.0,1290.56,1290.0,1304.0,1276.0,25.0
EA UW,2026-07-29,2026-05-05,0.739,0.74,1.32,0.25,12.0,1523.6363636363637,1476.0,1921.0,1344.0,11.0
EBAY UW,2026-07-30,2026-04-29,1.508,1.51,1.55,1.47,27.0,3017.344827586207,3019.0,3038.0,2991.0,29.0
ECL UN,2026-07-29,2026-04-28,2.079,2.08,2.12,2.04,24.0,4384.761904761905,4391.0,4496.0,4205.0,21.0
ED UN,2026-08-07,2026-05-07,0.762,0.745,1.1300000000000001,0.49,12.0,3771.444444444445,3758.0,3976.0,3576.0,9.0
EFX UN,2026-07-22,2026-04-21,2.197,2.2,2.25,2.11,22.0,1694.0,1695.0,1718.0,1664.0,22.0
EG UN,2026-07-30,2026-04-29,14.182,14.11,17.080000000000002,11.49,17.0,4144.75,4121.0,4302.0,4053.0,12.0
EIX UN,2026-07-31,2026-04-28,1.077,1.22,1.82,-0.47000000000000003,9.0,4680.285714285714,4787.0,5054.0,4132.0,7.0
EL UN,2026-08-19,2026-05-01,0.316,0.32,0.39,0.23,22.0,3552.3809523809523,3544.0,3681.0,3481.0,21.0
ELV UN,2026-07-17,2026-04-22,6.199,6.15,6.73,6.0600000000000005,21.0,48770.833333333336,48654.0,50057.0,47685.0,18.0
EME UN,2026-07-31,2026-04-29,7.247,7.2,7.7,7.07,10.0,4709.0,4689.5,4826.0,4638.0,10.0
EMR UN,2026-08-06,2026-05-05,1.695,1.68,1.8,1.67,21.0,4821.473684210527,4804.0,5075.0,4781.0,19.0
EOG UN,2026-08-07,2026-05-05,5.033,5.26,5.8100000000000005,3.61,30.0,7702.529411764705,7808.0,9408.0,5644.0,17.0
EQIX UW,2026-07-30,2026-04-29,4.655,4.695,5.3,3.92,24.0,2582.423076923077,2589.5,2606.0,2478.0,26.0
EQR UN,2026-08-04,2026-04-28,0.36,0.36,0.37,0.35000000000000003,2.0,787.6428571428572,787.0,796.0,777.0,14.0
EQT UN,2026-07-22,2026-04-21,0.555,0.5650000000000001,0.8300000000000001,0.34,24.0,1870.888888888889,1841.5,2128.0,1696.0,18.0
ERIE UW,2026-08-07,2026-04-23,3.35,3.35,3.35,3.35,1.0,1089.0,1089.0,1089.0,1089.0,1.0
ES UN,2026-07-31,2026-05-06,0.927,0.9400000000000001,0.99,0.84,7.0,3052.8,3021.0,3266.0,2873.0,5.0
ESS UN,2026-07-29,2026-04-28,1.429,1.46,1.49,1.25,8.0,486.2352941176471,486.0,489.0,482.0,17.0
ETN UN,2026-08-05,2026-05-05,3.082,3.0700000000000003,3.2800000000000002,3.0300000000000002,25.0,8099.291666666667,8170.0,8343.0,7390.0,24.0
ETR UN,2026-07-30,2026-04-29,1.114,1.1400000000000001,1.19,0.91,17.0,3545.6153846153848,3581.0,3758.0,3093.0,13.0
EVRG UW,2026-08-07,2026-05-07,0.913,0.895,1.03,0.8300000000000001,8.0,1441.5,1477.0,1565.0,1148.0,6.0
EW UN,2026-08-19,2026-04-23,0.744,0.74,0.78,0.73,25.0,1701.423076923077,1701.5,1723.0,1682.0,26.0
EXC UW,2026-07-31,2026-05-06,0.485,0.47000000000000003,0.7000000000000001,0.43,11.0,5674.222222222223,5635.0,6025.0,5444.0,9.0
EXE UW,2026-07-29,2026-04-28,1.181,1.16,1.6,0.75,26.0,2921.2352941176473,3035.0,3400.0,2138.0,17.0
EXPD UN,2026-08-04,2026-05-05,1.643,1.6400000000000001,1.77,1.53,14.0,2851.461538461538,2833.0,3025.0,2728.0,13.0
EXPE UW,2026-08-07,2026-05-07,5.172,5.21,6.140000000000001,3.92,29.0,4165.258064516129,4165.0,4200.0,4125.0,31.0
EXR UN,2026-07-30,2026-04-28,1.179,1.17,1.31,1.11,10.0,862.4,864.5,881.0,824.0,10.0
F UN,2026-07-30,2026-04-29,0.341,0.34,0.41000000000000003,0.23,15.0,46057.28571428571,45826.0,52064.0,39972.0,14.0
FANG UW,2026-08-04,2026-05-04,6.166,6.12,10.85,4.15,29.0,5020.272727272727,4947.5,6676.0,4169.0,22.0
FAST UW,2026-07-13,2026-04-13,0.325,0.32,0.34,0.32,14.0,2330.076923076923,2326.0,2378.0,2266.0,13.0
FCX UN,2026-07-23,2026-04-23,0.555,0.55,0.75,0.39,19.0,6584.8125,6454.5,7068.0,6247.0,16.0
FDS UN,2026-07-01,2026-03-31,4.446,4.415,4.66,4.3,18.0,617.8333333333334,618.0,622.0,610.0,18.0
FDX UN,2026-06-23,2026-03-19,5.9110000000000005,5.88,6.4,5.58,26.0,23986.956521739132,23798.0,25833.0,23669.0,23.0
FDXF UN,2026-06-25,2026-05-13,,,,,0.0,,,,,0.0
FE UN,2026-07-30,2026-04-28,0.579,0.5700000000000001,0.7000000000000001,0.5,8.0,3546.142857142857,3623.0,3824.0,3141.0,7.0
FFIV UW,2026-07-30,2026-04-28,3.998,3.98,4.18,3.95,13.0,835.0,832.0,855.0,829.0,13.0
FICO UN,2026-07-30,2026-04-28,11.76,11.76,13.24,10.23,21.0,671.1818181818181,683.0,715.0,497.0,22.0
FIS UN,2026-08-05,2026-05-08,1.473,1.47,1.56,1.43,26.0,3356.681818181818,3384.5,3403.0,2781.0,22.0
FISV UW,2026-07-23,2026-05-05,1.919,1.92,2.0100000000000002,1.75,32.0,5052.379310344828,5043.0,5322.0,4951.0,29.0
FITB UW,2026-07-17,2026-04-17,0.983,0.98,1.03,0.9400000000000001,18.0,3258.5625,3260.5,3297.0,3234.0,16.0
FIX UN,2026-07-24,2026-04-23,10.42,10.395,11.4,9.46,8.0,2972.875,2952.0,3126.0,2824.0,8.0
FOX UW,2026-08-05,2026-05-11,1.345,1.375,1.57,0.86,18.0,3598.9411764705883,3590.0,3786.0,3414.0,17.0
FOXA UW,2026-08-05,2026-05-11,1.345,1.375,1.57,0.86,18.0,3598.9411764705883,3590.0,3786.0,3414.0,17.0
FRT UN,2026-08-06,2026-05-01,0.718,0.72,0.77,0.6900000000000001,9.0,328.6666666666667,330.0,338.0,312.0,9.0
FSLR UW,2026-07-31,2026-04-30,2.895,2.89,3.61,2.23,22.0,1060.4814814814815,1062.0,1126.0,999.0,27.0
FTNT UW,2026-08-06,2026-05-06,0.746,0.74,0.8,0.72,41.0,1885.138888888889,1881.0,1920.0,1849.0,36.0
FTV UN,2026-07-30,2026-04-30,0.707,0.71,0.72,0.68,15.0,1070.4285714285716,1069.0,1081.0,1054.0,7.0
GD UN,2026-07-23,2026-04-29,3.928,3.93,4.14,3.7600000000000002,22.0,13435.142857142857,13430.0,13805.0,13143.0,21.0
GDDY UN,2026-08-07,2026-04-30,1.683,1.665,1.8800000000000001,1.53,12.0,1294.4666666666667,1296.0,1299.0,1286.0,15.0
GE UN,2026-07-16,2026-04-21,1.859,1.86,1.98,1.75,19.0,11797.333333333334,11809.5,12189.0,11585.0,12.0
GEHC UW,2026-07-30,2026-04-29,1.041,1.035,1.16,1.01,16.0,5261.411764705882,5269.0,5323.0,5180.0,17.0
GEN UW,2026-08-07,2026-05-07,0.6900000000000001,0.6900000000000001,0.7000000000000001,0.68,9.0,1315.142857142857,1313.0,1320.0,1313.0,7.0
GEV UN,2026-07-23,2026-04-22,3.13,3.18,3.9,2.24,26.0,10733.5,10798.5,11045.0,9837.0,26.0
GILD UW,2026-08-07,2026-05-07,-7.25,-7.29,-1.31,-19.42,23.0,7401.913043478261,7400.0,7654.0,7194.0,23.0
GIS UN,2026-07-01,2026-03-18,0.799,0.8,0.86,0.73,17.0,4589.055555555556,4584.0,4725.0,4296.0,18.0
GL UN,2026-07-23,2026-04-22,3.6710000000000003,3.6750000000000003,3.75,3.5,12.0,1592.2,1595.0,1602.0,1577.0,5.0
GLW UN,2026-07-29,2026-04-28,0.756,0.75,0.79,0.74,14.0,4635.785714285714,4619.5,4826.0,4597.0,14.0
GM UN,2026-07-21,2026-04-28,3.161,3.22,3.5100000000000002,2.4,20.0,46383.4375,46592.0,47755.0,43379.0,16.0
GNRC UN,2026-07-30,2026-04-29,1.998,1.975,2.38,1.84,16.0,1178.764705882353,1176.0,1213.0,1155.0,17.0
GOOG UW,2026-07-23,2026-04-29,3.088,3.09,3.58,2.6,22.0,100591.64285714286,100651.0,103414.0,97279.0,28.0
GOOGL UW,2026-07-23,2026-04-29,3.088,3.09,3.58,2.6,22.0,100591.64285714286,100651.0,103414.0,97279.0,28.0
GPC UN,2026-07-22,2026-04-21,2.057,2.05,2.14,1.97,9.0,6435.625,6427.0,6492.0,6387.0,8.0
GPN UN,2026-08-06,2026-05-06,3.505,3.5,3.72,3.4,24.0,3177.12,3174.0,3225.0,3149.0,25.0
GRMN UN,2026-07-30,2026-04-29,2.267,2.21,2.5500000000000003,2.13,7.0,1923.1666666666667,1909.5,2015.0,1881.0,6.0
GS UN,2026-07-14,2026-04-13,13.816,13.75,15.16,13.0,24.0,15701.136363636364,15723.5,16294.0,15161.0,22.0
GWW UN,2026-08-04,2026-05-07,11.183,11.120000000000001,11.82,10.870000000000001,17.0,4949.0,4947.0,5188.0,4833.0,15.0
HAL UN,2026-07-22,2026-04-21,0.54,0.54,0.5700000000000001,0.5,27.0,5506.681818181818,5529.0,5551.0,5038.0,22.0
HAS UW,2026-07-23,2026-05-13,1.159,1.1,1.44,1.05,15.0,1061.142857142857,1058.5,1102.0,1040.0,14.0
HBAN UW,2026-07-23,2026-04-23,0.387,0.39,0.41000000000000003,0.36,17.0,2845.071428571429,2845.5,2878.0,2821.0,14.0
HCA UN,2026-07-24,2026-04-24,7.367,7.405,7.6000000000000005,6.8,24.0,19350.81818181818,19334.5,19753.0,18760.0,22.0
HD UN,2026-08-18,2026-05-19,4.737,4.7250000000000005,5.01,4.5600000000000005,32.0,47323.09677419355,47335.0,47903.0,46616.0,31.0
HIG UN,2026-07-28,2026-04-23,3.27,3.3000000000000003,3.56,2.9,23.0,7287.222222222223,7351.0,7416.0,7056.0,9.0
HII UN,2026-07-31,2026-05-05,3.845,3.89,4.0600000000000005,3.64,11.0,3150.1666666666665,3137.5,3214.0,3103.0,12.0
HLT UN,2026-07-23,2026-04-28,2.244,2.24,2.36,2.19,23.0,3318.071428571429,3314.5,3419.0,3226.0,14.0
HON UW,2026-07-24,2026-04-23,2.414,2.41,2.46,2.35,20.0,9545.3,9547.5,9698.0,9369.0,20.0
HOOD UW,2026-07-30,2026-04-28,0.40700000000000003,0.4,0.52,0.32,21.0,1181.9,1185.0,1306.0,1097.0,20.0
HPE UN,2026-09-03,2026-06-01,0.924,0.92,1.0,0.88,16.0,11764.64705882353,11907.0,12644.0,10080.0,17.0
HPQ UN,2026-08-27,2026-05-27,0.664,0.66,0.76,0.63,14.0,14343.153846153848,14398.0,14620.0,13713.0,13.0
HRL UN,2026-08-28,2026-05-28,0.353,0.35000000000000003,0.37,0.35000000000000003,9.0,3056.555555555555,3052.0,3120.0,3014.0,9.0
HSIC UW,2026-08-05,2026-05-05,1.232,1.235,1.37,1.12,16.0,3373.6,3366.0,3407.0,3347.0,15.0
HST UW,2026-07-30,2026-05-06,0.334,0.34,0.42,0.27,9.0,1608.857142857143,1615.5,1672.0,1550.0,14.0
HSY UN,2026-07-30,2026-04-30,1.437,1.41,1.6500000000000001,1.37,21.0,2645.15,2644.5,2673.0,2612.0,20.0
HUBB UN,2026-07-29,2026-04-30,5.343,5.3500000000000005,5.47,5.18,11.0,1645.6363636363637,1648.0,1664.0,1623.0,11.0
HUM UN,2026-07-29,2026-04-29,7.12,7.42,7.68,4.71,25.0,40433.7619047619,40366.0,41298.0,38681.0,21.0
HWM UN,2026-07-31,2026-05-07,1.241,1.24,1.3,1.21,19.0,2423.722222222222,2414.5,2470.0,2396.0,18.0
IBKR UW,2026-07-17,2026-04-21,0.606,0.61,0.62,0.58,8.0,1719.5714285714284,1704.0,1782.0,1660.0,7.0
IBM UN,2026-07-22,2026-04-22,3.023,3.025,3.16,2.77,20.0,17857.11111111111,17852.0,17961.0,17604.0,18.0
ICE UN,2026-07-30,2026-04-30,1.919,1.915,2.04,1.82,14.0,2675.6153846153848,2669.0,2788.0,2614.0,13.0
IDXX UW,2026-08-04,2026-05-05,3.948,3.96,4.05,3.81,13.0,1200.090909090909,1201.0,1210.0,1188.0,11.0
IEX UN,2026-07-30,2026-04-29,2.108,2.11,2.14,2.07,13.0,904.5,905.5,912.0,893.0,14.0
IFF UN,2026-08-05,2026-05-05,1.123,1.1300000000000001,1.18,1.05,16.0,2678.5333333333333,2679.0,2746.0,2625.0,15.0
INCY UW,2026-07-29,2026-04-28,1.801,1.83,1.99,1.5,17.0,1367.0454545454545,1370.0,1440.0,1311.0,22.0
INTC UW,2026-07-24,2026-04-23,0.21,0.2,0.28,0.16,37.0,14385.825,14317.0,14800.0,14047.0,40.0
INTU UW,2026-08-21,2026-05-20,3.589,3.59,3.72,3.48,28.0,4275.464285714286,4268.5,4378.0,4253.0,28.0
INVH UN,2026-07-30,2026-04-29,0.171,0.145,0.24,0.13,14.0,715.4285714285714,730.0,741.0,674.0,14.0
IP UN,2026-07-30,2026-04-30,-0.006,-0.04,0.29,-0.11,11.0,6196.909090909091,6151.0,6513.0,5985.0,11.0
IQV UN,2026-07-22,2026-05-05,3.043,3.04,3.13,3.0,21.0,4305.3,4306.5,4337.0,4281.0,20.0
IR UN,2026-07-31,2026-04-28,0.8240000000000001,0.8200000000000001,0.84,0.81,15.0,1953.0714285714284,1950.0,1984.0,1935.0,14.0
IRM UN,2026-08-06,2026-04-30,0.518,0.5,0.61,0.42,9.0,1964.2,1966.0,1980.0,1926.0,10.0
ISRG UW,2026-07-22,2026-04-21,2.5020000000000002,2.5,2.61,2.41,22.0,2825.0740740740744,2822.0,2878.0,2777.0,27.0
IT UN,2026-08-05,2026-05-05,3.734,3.785,3.95,3.37,14.0,1644.5384615384614,1648.0,1701.0,1493.0,13.0
ITW UN,2026-07-30,2026-04-30,2.789,2.785,2.85,2.74,16.0,4182.375,4180.5,4244.0,4141.0,16.0
IVZ UN,2026-07-22,2026-04-28,0.613,0.61,0.66,0.5700000000000001,11.0,1808.0,1865.5,2099.0,1246.0,6.0
J UN,2026-08-05,2026-05-05,1.825,1.825,1.8800000000000001,1.73,12.0,3367.625,3425.5,3833.0,2416.0,8.0
JBHT UW,2026-07-15,2026-04-15,1.702,1.7,1.85,1.57,21.0,3191.7,3162.0,3382.0,3040.0,20.0
JBL UN,2026-06-17,2026-03-18,3.078,3.08,3.12,3.0300000000000002,9.0,8591.1,8553.0,8970.0,8500.0,10.0
JCI UN,2026-07-29,2026-05-06,1.294,1.29,1.32,1.28,17.0,6453.38888888889,6459.0,6503.0,6406.0,18.0
JKHY UW,2026-08-19,2026-05-05,1.458,1.45,1.56,1.41,15.0,629.8461538461538,628.0,639.0,623.0,13.0
JNJ UN,2026-07-15,2026-04-14,2.859,2.86,3.0500000000000003,2.65,18.0,24996.777777777777,25038.5,25365.0,23973.0,18.0
JPM UN,2026-07-14,2026-04-14,5.42,5.425,5.82,5.1000000000000005,22.0,49113.27272727273,49175.0,50084.0,48262.0,11.0
KDP UW,2026-07-24,2026-04-23,0.537,0.54,0.59,0.5,14.0,6839.714285714286,7216.0,7557.0,4371.0,14.0
KEY UN,2026-07-21,2026-04-16,0.426,0.43,0.45,0.4,17.0,1967.0666666666668,1964.0,1994.0,1943.0,15.0
KEYS UN,2026-08-19,2026-05-19,2.483,2.48,2.5500000000000003,2.45,13.0,1747.8333333333333,1745.0,1768.0,1742.0,12.0
KHC UW,2026-07-30,2026-05-06,0.525,0.53,0.56,0.5,17.0,6099.0,6082.5,6193.0,6021.0,16.0
KIM UN,2026-07-31,2026-04-30,0.199,0.2,0.22,0.19,11.0,546.3,544.0,577.0,527.0,10.0
KKR UN,2026-07-31,2026-05-05,1.3880000000000001,1.42,1.5,1.25,17.0,2297.3636363636365,2380.0,2804.0,1517.0,11.0
KLAC UW,2026-07-31,2026-04-29,10.017,9.93,10.5,9.84,26.0,3598.423076923077,3580.0,3665.0,3572.0,26.0
KMB UW,2026-07-31,2026-04-28,2.011,2.0,2.1,1.93,14.0,4246.333333333334,4247.0,4296.0,4225.0,15.0
KMI UN,2026-07-16,2026-04-22,0.311,0.31,0.37,0.26,14.0,4180.0,4173.5,4365.0,4010.0,6.0
KO UN,2026-10-21,2026-04-28,0.931,0.93,0.9500000000000001,0.9,19.0,13155.611111111111,13109.5,13695.0,13008.0,18.0
KR UN,2026-06-18,2026-03-05,1.584,1.57,1.73,1.49,20.0,45393.78947368421,45405.0,46564.0,44554.0,19.0
KVUE UN,2026-08-07,2026-05-07,0.32,0.32,0.35000000000000003,0.31,11.0,3962.6923076923076,3961.0,4002.0,3930.0,13.0
L UN,2026-08-04,2026-05-04,,,,,0.0,,,,,0.0
LDOS UN,2026-08-05,2026-05-05,2.8890000000000002,2.9,3.04,2.72,13.0,4431.153846153846,4430.0,4524.0,4304.0,13.0
LEN UN,2026-06-11,2026-03-12,1.242,1.25,1.33,1.17,18.0,8040.117647058823,8058.0,8211.0,7682.0,17.0
LH UN,2026-07-24,2026-04-30,4.769,4.76,5.0200000000000005,4.68,17.0,3711.3125,3708.5,3748.0,3680.0,16.0
LHX UN,2026-07-24,2026-04-30,2.84,2.845,3.02,2.63,16.0,5785.055555555556,5788.0,5910.0,5607.0,18.0
LII UN,2026-07-23,2026-04-29,7.606,7.6000000000000005,7.98,7.3100000000000005,19.0,1553.1764705882354,1548.0,1593.0,1533.0,17.0
LIN UW,2026-07-31,2026-05-01,4.481,4.48,4.59,4.45,19.0,8975.166666666666,8936.5,9343.0,8702.0,18.0
LITE UW,2026-08-12,2026-05-05,2.943,2.95,3.06,2.75,21.0,989.4285714285714,987.0,1018.0,967.0,21.0
LLY UN,2026-08-05,2026-04-30,8.742,8.73,9.36,7.99,23.0,20376.708333333332,20449.0,21862.0,17324.0,24.0
LMT UN,2026-07-22,2026-04-23,7.103,7.16,7.58,5.8,19.0,19327.55,19303.0,19857.0,18953.0,20.0
LNT UW,2026-08-07,2026-04-30,0.6940000000000001,0.7000000000000001,0.72,0.66,5.0,981.75,974.0,1054.0,925.0,4.0
LOW UN,2026-08-19,2026-05-20,4.25,4.24,4.3500000000000005,4.21,31.0,26219.67741935484,26288.0,26591.0,25302.0,31.0
LRCX UW,2026-07-30,2026-04-22,1.694,1.67,1.95,1.6400000000000001,31.0,6645.827586206897,6605.0,6850.0,6558.0,29.0
LULU UW,2026-09-04,2026-06-04,1.915,1.81,2.67,1.73,22.0,2503.92,2468.0,2626.0,2440.0,25.0
LUV UN,2026-07-22,2026-04-22,0.47400000000000003,0.45,0.99,0.32,21.0,8569.888888888889,8577.5,8632.0,8495.0,18.0
LVS UN,2026-07-23,2026-04-22,0.786,0.79,0.85,0.6900000000000001,15.0,3398.8666666666663,3404.0,3600.0,3218.0,15.0
LYB UN,2026-07-31,2026-05-01,3.214,3.1750000000000003,3.91,2.23,18.0,9089.9375,8953.0,10777.0,7802.0,16.0
LYV UN,2026-08-07,2026-05-05,0.642,0.615,1.05,0.36,20.0,7547.347826086957,7562.0,7829.0,7267.0,23.0
MA UN,2026-07-31,2026-04-30,4.765,4.78,4.93,4.61,33.0,9065.757575757576,9068.0,9174.0,8960.0,33.0
MAA UN,2026-07-30,2026-04-29,0.761,0.725,1.03,0.68,10.0,558.0,557.0,569.0,552.0,15.0
MAR UW,2026-08-05,2026-05-06,3.028,3.0500000000000003,3.11,2.72,24.0,7209.588235294118,7181.0,7472.0,6869.0,17.0
MAS UN,2026-07-31,2026-04-22,1.308,1.31,1.37,1.1500000000000001,21.0,2082.2380952380954,2087.0,2117.0,2040.0,21.0
MCD UN,2026-08-06,2026-05-07,3.341,3.335,3.47,3.16,32.0,7143.533333333333,7152.5,7376.0,6886.0,30.0
MCHP UW,2026-08-07,2026-05-07,0.6990000000000001,0.6900000000000001,0.76,0.6900000000000001,21.0,1457.0,1456.0,1465.0,1455.0,19.0
MCK UN,2026-08-06,2026-05-07,9.694,9.65,10.21,9.25,15.0,103971.69230769231,103639.0,107176.0,102088.0,13.0
MCO UN,2026-07-23,2026-04-22,4.192,4.22,4.3,3.81,23.0,2066.2608695652175,2069.0,2135.0,1999.0,23.0
MDLZ UW,2026-07-29,2026-04-28,0.68,0.68,0.7000000000000001,0.63,21.0,9216.105263157895,9202.0,9410.0,9044.0,19.0
MDT UN,2026-08-19,2026-02-17,1.3900000000000001,1.3900000000000001,1.42,1.37,25.0,9542.12,9551.0,9661.0,9160.0,25.0
MET UN,2026-08-06,2026-05-06,2.386,2.4050000000000002,2.64,2.22,14.0,19518.9,19586.5,20130.0,18739.0,10.0
META UW,2026-07-30,2026-04-29,8.32,8.620000000000001,9.790000000000001,6.8,20.0,60233.45283018868,60267.0,62812.0,59132.0,53.0
MGM UN,2026-07-30,2026-04-29,0.589,0.56,0.86,0.4,15.0,4449.421052631579,4464.0,4515.0,4383.0,19.0
MKC UN,2026-06-25,2026-03-31,0.6950000000000001,0.7000000000000001,0.71,0.67,11.0,1911.2727272727273,1911.0,1943.0,1883.0,11.0
MLM UN,2026-08-07,2026-04-30,4.9350000000000005,4.9,5.61,4.4,16.0,1892.9333333333332,1897.0,2027.0,1730.0,15.0
MMM UN,2026-07-17,2026-04-21,2.233,2.23,2.33,2.15,15.0,6377.083333333333,6373.5,6428.0,6342.0,12.0
MNST UW,2026-08-07,2026-05-07,0.579,0.58,0.62,0.54,19.0,2423.1111111111113,2428.0,2518.0,2330.0,18.0
MO UN,2026-07-30,2026-04-30,1.493,1.49,1.52,1.47,10.0,5342.125,5345.5,5461.0,5247.0,8.0
MOS UN,2026-08-05,2026-05-11,0.156,0.15,0.3,-0.013000000000000001,16.0,2978.5,3079.0,3284.0,2385.0,14.0
MPC UN,2026-08-05,2026-05-05,11.822000000000001,11.03,17.87,6.62,17.0,41494.88888888888,40000.0,56811.0,29733.0,9.0
MPWR UW,2026-07-31,2026-04-30,5.861,5.84,6.05,5.82,11.0,902.0,900.0,913.0,900.0,13.0
MRK UN,2026-08-04,2026-04-30,2.103,2.115,2.2600000000000002,1.99,16.0,16311.47619047619,16272.0,16697.0,15848.0,21.0
MRNA UW,2026-07-31,2026-05-01,-2.0220000000000002,-2.035,-1.32,-2.52,20.0,103.36,99.5,155.0,71.10000000000001,20.0
MRSH UN,2026-07-17,2026-04-16,2.904,2.92,3.0,2.75,23.0,7292.6,7304.0,7333.0,7200.0,20.0
MS UN,2026-07-15,2026-04-15,2.7800000000000002,2.795,3.0700000000000003,2.48,22.0,19022.5,19058.5,19437.0,18302.0,22.0
MSCI UN,2026-07-21,2026-04-21,4.869,4.88,5.04,4.57,17.0,860.6470588235294,861.0,876.0,847.0,17.0
MSFT UW,2026-07-30,2026-04-29,4.24,4.21,4.89,3.77,48.0,87721.24444444444,87589.0,91239.0,86900.0,45.0
MSI UN,2026-08-07,2026-05-07,3.853,3.85,3.88,3.83,12.0,3000.75,3000.0,3003.0,3000.0,12.0
MTB UN,2026-07-15,2026-04-15,4.632,4.65,4.96,4.42,21.0,2463.684210526316,2459.0,2499.0,2442.0,19.0
MTD UN,2026-07-31,2026-05-07,10.788,10.78,10.92,10.72,12.0,1028.1666666666665,1031.0,1037.0,1017.0,12.0
MU UW,2026-06-24,2026-03-18,19.614,19.240000000000002,21.67,18.72,33.0,33817.807692307695,33512.5,37854.0,32971.0,26.0
NCLH UN,2026-07-31,2026-05-04,0.381,0.38,0.4,0.33,23.0,2642.695652173913,2634.0,2719.0,2595.0,23.0
NDAQ UW,2026-07-24,2026-04-23,0.9480000000000001,0.9500000000000001,0.99,0.9,17.0,1422.4,1421.0,1463.0,1395.0,15.0
NDSN UW,2026-08-20,2026-05-20,3.095,3.1,3.13,3.0500000000000003,8.0,781.4444444444445,779.0,800.0,777.0,9.0
NEE UN,2026-07-23,2026-04-23,1.114,1.12,1.45,0.93,13.0,8082.11111111111,8053.0,9336.0,7163.0,9.0
NEM UN,2026-07-24,2026-04-23,2.209,2.22,2.87,1.9000000000000001,15.0,6631.666666666667,6538.0,7898.0,6187.0,12.0
NFLX UW,2026-07-17,2026-04-16,0.795,0.79,0.84,0.78,17.0,12578.348837209303,12580.0,12671.0,12423.0,43.0
NI UN,2026-08-06,2026-05-06,0.23500000000000001,0.24,0.27,0.18,6.0,1313.3333333333333,1331.0,1391.0,1218.0,3.0
NKE UN,2026-06-30,2026-03-31,0.11900000000000001,0.12,0.18,0.057,29.0,10835.892857142857,10844.0,10945.0,10705.0,28.0
NOC UN,2026-07-22,2026-04-21,6.812,6.8,6.94,6.65,20.0,10793.6,10799.5,10910.0,10690.0,20.0
NOW UN,2026-07-23,2026-04-22,0.868,0.86,1.19,0.74,38.0,3928.810810810811,3926.0,3985.0,3916.0,37.0
NRG UN,2026-08-06,2026-05-06,1.909,1.84,2.67,1.24,9.0,7954.666666666667,8381.0,8671.0,6595.0,6.0
NSC UN,2026-07-29,2026-04-24,3.1470000000000002,3.11,3.4,3.0500000000000003,19.0,3234.944444444445,3220.0,3340.0,3131.0,18.0
NTAP UW,2026-09-02,2026-02-26,2.108,2.1,2.16,2.08,17.0,1825.4,1825.0,1846.0,1815.0,15.0
NTRS UW,2026-07-22,2026-04-21,2.6470000000000002,2.64,2.72,2.57,15.0,2168.8333333333335,2171.0,2185.0,2147.0,12.0
NUE UN,2026-07-28,2026-04-27,4.178,4.18,4.91,3.77,15.0,9946.416666666666,10018.5,10446.0,9540.0,12.0
NVDA UW,2026-08-27,2026-05-20,2.095,2.07,2.6,1.8800000000000001,48.0,91569.65306122448,91182.0,95855.0,86585.0,49.0
NVR UN,2026-07-23,2026-04-22,92.316,94.01,100.35000000000001,82.65,7.0,2436.571428571429,2438.0,2622.0,2280.0,7.0
NWS UW,2026-08-05,2026-05-07,0.23600000000000002,0.24,0.31,0.15,7.0,2229.0,2231.0,2261.0,2184.0,7.0
NWSA UW,2026-08-05,2026-05-07,0.23600000000000002,0.24,0.31,0.15,7.0,2229.0,2231.0,2261.0,2184.0,7.0
NXPI UW,2026-07-28,2026-04-28,3.525,3.505,3.7,3.2600000000000002,24.0,3446.8,3450.5,3484.0,3308.0,20.0
O UN,2026-08-06,2026-05-06,0.40800000000000003,0.41000000000000003,0.46,0.32,13.0,1480.6153846153845,1488.0,1580.0,1306.0,13.0
ODFL UW,2026-07-30,2026-04-29,1.469,1.47,1.57,1.32,22.0,1498.5714285714284,1513.0,1571.0,1343.0,21.0
OKE UN,2026-08-04,2026-04-28,1.435,1.48,1.6300000000000001,0.77,18.0,6084.857142857142,7452.0,12031.0,0.0,7.0
OMC UN,2026-07-15,2026-04-28,2.553,2.63,2.82,1.98,7.0,6517.857142857142,6552.0,6588.0,6347.0,7.0
ON UW,2026-08-04,2026-05-04,0.713,0.71,0.79,0.66,28.0,1588.1904761904761,1585.0,1616.0,1585.0,21.0
ORCL UN,2026-06-10,2026-03-10,1.974,1.98,2.06,1.9100000000000001,35.0,19087.885714285712,19091.0,19300.0,18696.0,35.0
ORLY UW,2026-07-23,2026-04-29,0.863,0.86,0.9,0.8300000000000001,28.0,4867.307692307692,4866.0,4931.0,4800.0,26.0
OTIS UN,2026-07-23,2026-04-22,1.012,1.0150000000000001,1.03,0.99,10.0,3747.6666666666665,3740.0,3793.0,3699.0,9.0
OXY UN,2026-08-06,2026-05-05,1.911,1.9100000000000001,3.62,1.28,23.0,7369.411764705882,7219.0,8958.0,6420.0,17.0
PANW UW,2026-08-18,2026-06-02,0.979,0.97,1.08,0.96,42.0,3352.5833333333335,3350.0,3371.0,3350.0,36.0
PAYX UW,2026-06-25,2026-03-25,1.31,1.31,1.37,1.28,18.0,1603.0,1603.0,1631.0,1588.0,17.0
PCAR UW,2026-07-22,2026-04-28,1.351,1.35,1.45,1.29,15.0,7141.583333333333,7043.0,7556.0,6875.0,12.0
PCG UN,2026-07-31,2026-04-23,0.358,0.365,0.41000000000000003,0.3,10.0,6383.166666666667,6318.0,7028.0,6073.0,6.0
PEG UN,2026-08-05,2026-05-05,0.8280000000000001,0.8300000000000001,0.91,0.6900000000000001,11.0,2716.0,2716.0,3138.0,2245.0,8.0
PEP UW,2026-07-09,2026-04-16,2.196,2.195,2.2600000000000002,2.14,18.0,23998.722222222223,24048.0,24245.0,23667.0,18.0
PFE UN,2026-08-05,2026-05-05,0.682,0.68,0.76,0.61,18.0,14422.611111111111,14451.0,14692.0,13972.0,18.0
PFG UW,2026-07-28,2026-04-23,2.325,2.34,2.43,2.14,11.0,4034.375,4039.5,4214.0,3814.0,8.0
PG UN,2026-07-29,2026-04-24,1.422,1.43,1.46,1.37,22.0,21404.409090909092,21371.5,22165.0,20755.0,22.0
PGR UN,2026-07-16,2026-04-15,3.777,3.7800000000000002,4.37,3.31,22.0,23156.411764705885,23243.0,23690.0,22503.0,17.0
PH UN,2026-08-06,2026-04-30,8.154,8.21,8.4,7.15,23.0,5577.347826086957,5574.0,5669.0,5520.0,23.0
PHM UN,2026-07-22,2026-04-23,2.363,2.345,2.52,2.2600000000000002,16.0,3943.875,3941.5,4036.0,3808.0,16.0
PKG UN,2026-07-23,2026-04-22,2.359,2.36,2.41,2.31,9.0,2480.8888888888887,2445.0,2607.0,2376.0,9.0
PLD UN,2026-07-16,2026-04-16,0.756,0.77,0.8300000000000001,0.66,9.0,2313.285714285714,2326.0,2358.0,2180.0,7.0
PLTR UW,2026-08-04,2026-05-04,0.34400000000000003,0.34,0.4,0.28,25.0,1804.1739130434783,1801.0,1833.0,1785.0,23.0
PM UN,2026-07-22,2026-04-22,2.083,2.06,2.43,1.87,12.0,10580.0,10606.5,10873.0,10310.0,10.0
PNC UN,2026-07-15,2026-04-15,4.486,4.5200000000000005,4.65,4.18,17.0,6404.357142857142,6399.5,6461.0,6373.0,14.0
PNR UN,2026-07-22,2026-04-28,1.475,1.48,1.49,1.4000000000000001,18.0,1138.25,1137.0,1157.0,1130.0,20.0
PNW UN,2026-08-06,2026-05-04,1.442,1.48,1.53,1.18,11.0,1399.857142857143,1403.0,1430.0,1367.0,7.0
PODD UW,2026-08-07,2026-05-06,1.44,1.455,1.6500000000000001,0.97,24.0,788.1304347826087,789.0,793.0,784.0,23.0
POOL UW,2026-07-24,2026-04-23,5.355,5.34,5.6000000000000005,5.18,13.0,1820.8461538461538,1820.0,1847.0,1800.0,13.0
PPG UN,2026-07-29,2026-04-28,2.244,2.25,2.39,2.13,22.0,4354.85,4360.5,4498.0,4237.0,20.0
PPL UN,2026-07-31,2026-05-08,0.371,0.375,0.42,0.33,10.0,2170.6666666666665,2164.0,2227.0,2129.0,6.0
PRU UN,2026-07-30,2026-05-05,3.3770000000000002,3.33,3.86,3.16,14.0,13988.888888888889,14201.0,14788.0,12130.0,9.0
PSA UN,2026-07-30,2026-04-27,2.521,2.54,2.6,2.41,9.0,1236.4444444444443,1234.0,1273.0,1221.0,9.0
PSKY UW,2026-07-30,2026-05-04,0.131,0.15,0.34,-0.18,20.0,6879.05,6870.5,7115.0,6667.0,20.0
PSX UN,2026-07-24,2026-04-29,6.4430000000000005,6.41,8.950000000000001,4.16,17.0,41141.444444444445,41099.0,54411.0,32540.0,9.0
PTC UW,2026-07-29,2026-05-06,1.601,1.58,2.06,1.3800000000000001,19.0,612.0,610.0,640.0,561.0,19.0
PWR UN,2026-07-31,2026-04-30,3.263,3.3000000000000003,3.43,3.0300000000000002,23.0,8558.73076923077,8609.5,8830.0,7975.0,26.0
PYPL UW,2026-07-29,2026-05-05,1.2790000000000001,1.28,1.33,1.25,35.0,8476.324324324325,8481.0,8703.0,8285.0,37.0
Q UN,2026-08-14,2026-05-12,1.069,1.06,1.1400000000000001,1.03,7.0,1364.5714285714284,1364.0,1382.0,1340.0,7.0
QCOM UW,2026-07-30,2026-04-29,2.244,2.2,3.0,2.15,31.0,9598.0,9600.0,9691.0,9450.0,27.0
RCL UN,2026-07-29,2026-04-30,3.928,3.93,4.09,3.87,24.0,4821.28,4804.0,4972.0,4784.0,25.0
REG UW,2026-07-29,2026-04-29,0.587,0.59,0.61,0.56,9.0,395.1,405.0,422.0,308.0,10.0
REGN UW,2026-08-14,2026-04-29,10.846,10.99,13.25,8.27,25.0,3817.96,3811.0,4187.0,3544.0,25.0
RF UN,2026-07-17,2026-04-17,0.632,0.63,0.66,0.6,21.0,1947.0,1954.5,1973.0,1895.0,18.0
RJF UN,2026-07-22,2026-04-22,2.8810000000000002,2.875,2.97,2.8000000000000003,8.0,3974.6666666666665,3866.0,4254.0,3804.0,3.0
RL UN,2026-08-07,2026-05-21,4.2540000000000004,4.25,4.4,4.12,15.0,1855.3125,1856.0,1874.0,1834.0,16.0
RMD UN,2026-07-31,2026-04-30,2.903,2.9,3.0300000000000002,2.81,16.0,1462.888888888889,1462.5,1489.0,1449.0,18.0
ROK UN,2026-08-06,2026-05-05,3.367,3.36,3.47,3.15,24.0,2251.590909090909,2241.5,2359.0,2219.0,22.0
ROL UN,2026-07-23,2026-04-22,0.341,0.34,0.35000000000000003,0.33,14.0,1095.1538461538462,1096.0,1110.0,1070.0,13.0
ROP UW,2026-07-21,2026-04-23,5.311,5.295,5.53,5.25,16.0,2095.125,2097.5,2107.0,2081.0,16.0
ROST UW,2026-08-21,2026-05-21,1.931,1.92,2.07,1.86,19.0,6132.0,6133.0,6386.0,6024.0,19.0
RSG UN,2026-07-29,2026-05-07,1.831,1.83,1.9000000000000001,1.76,24.0,4352.391304347826,4357.0,4429.0,4309.0,23.0
RTX UN,2026-07-22,2026-04-21,1.659,1.6600000000000001,1.75,1.61,21.0,22873.3,22885.0,23270.0,22508.0,20.0
RVTY UN,2026-07-28,2026-05-05,1.225,1.21,1.29,1.19,15.0,711.0666666666666,705.0,735.0,696.0,15.0
SATS UW,2026-07-31,2026-05-11,0.34500000000000003,0.34500000000000003,0.36,0.33,2.0,3601.5,3601.5,3612.0,3591.0,2.0
SBAC UW,2026-08-04,2026-04-29,1.864,1.86,2.15,1.7,11.0,708.5,706.5,730.0,699.0,20.0
SBUX UW,2026-07-29,2026-04-28,0.649,0.645,0.77,0.54,30.0,9168.193548387097,9131.0,9959.0,8710.0,31.0
SCHW UN,2026-07-17,2026-04-16,1.5010000000000001,1.5050000000000001,1.56,1.43,20.0,6730.722222222223,6794.0,6859.0,6509.0,18.0
SHW UN,2026-07-22,2026-04-28,3.5020000000000002,3.505,3.69,3.35,22.0,6596.9473684210525,6608.0,6752.0,6448.0,19.0
SJM UN,2026-06-09,2026-02-26,2.637,2.625,2.7600000000000002,2.58,16.0,2257.6666666666665,2257.0,2292.0,2224.0,15.0
SLB UN,2026-07-24,2026-04-24,0.519,0.52,0.63,0.47000000000000003,28.0,8692.259259259261,8701.0,8995.0,8413.0,27.0
SMCI UW,2026-08-05,2026-05-05,0.713,0.72,0.77,0.67,15.0,11768.066666666666,11750.0,12000.0,11514.0,15.0
SNA UN,2026-07-17,2026-04-23,4.953,4.965,5.03,4.8100000000000005,8.0,1219.125,1218.5,1233.0,1198.0,8.0
SNDK UW,2026-08-14,2026-04-30,33.949,32.935,44.25,31.93,20.0,8303.428571428572,8140.0,9996.0,7930.0,21.0
SNPS UW,2026-09-09,2026-05-27,3.672,3.66,3.7800000000000002,3.5500000000000003,20.0,2439.0,2435.0,2463.0,2420.0,20.0
SO UN,2026-07-31,2026-04-30,1.018,1.0150000000000001,1.05,1.0,12.0,7220.9,7285.0,7465.0,6788.0,10.0
SOLV UN,2026-08-07,2026-05-05,1.8920000000000001,1.9000000000000001,1.95,1.78,13.0,2150.076923076923,2155.0,2170.0,2101.0,13.0
SPG UN,2026-08-04,2026-05-11,1.536,1.59,1.76,0.97,11.0,1664.7777777777776,1704.0,1795.0,1483.0,9.0
SPGI UN,2026-07-31,2026-04-28,4.932,4.925,5.04,4.84,24.0,4079.125,4074.0,4138.0,4013.0,24.0
SRE UN,2026-08-05,2026-05-07,1.0170000000000001,1.025,1.25,0.76,14.0,3048.2727272727275,3135.0,3392.0,2032.0,11.0
STE UN,2026-08-06,2026-05-11,2.501,2.49,2.58,2.44,7.0,1497.4285714285716,1500.0,1509.0,1479.0,7.0
STLD UW,2026-07-21,2026-04-20,4.115,4.11,4.59,3.72,11.0,5652.4,5688.5,5862.0,5000.0,10.0
STT UN,2026-07-16,2026-04-17,3.132,3.14,3.25,2.97,15.0,3774.6923076923076,3762.0,3839.0,3725.0,13.0
STX UW,2026-07-29,2026-04-28,5.034,5.0,5.15,4.99,19.0,3475.8095238095234,3455.0,3559.0,3447.0,21.0
STZ UN,2026-06-30,2026-04-08,3.245,3.2600000000000002,3.52,3.0100000000000002,21.0,2409.05,2405.0,2500.0,2328.0,20.0
SW UN,2026-07-30,2026-04-30,0.431,0.41000000000000003,0.59,0.32,9.0,7915.0,7961.5,8099.0,7658.0,8.0
SWK UN,2026-07-29,2026-04-29,1.204,1.21,1.24,1.09,15.0,3958.071428571429,3948.5,4072.0,3870.0,14.0
SWKS UW,2026-08-05,2026-05-05,1.032,1.03,1.1,0.9500000000000001,22.0,925.0555555555555,925.0,927.0,919.0,18.0
SYF UN,2026-07-22,2026-04-21,2.113,2.13,2.52,1.72,23.0,3749.1764705882356,3756.0,3815.0,3634.0,17.0
SYK UN,2026-07-31,2026-04-30,3.483,3.49,3.61,3.29,24.0,6570.0,6571.0,6804.0,6452.0,23.0
SYY UN,2026-07-29,2026-04-28,1.5110000000000001,1.51,1.54,1.5,16.0,21965.46153846154,21984.0,22179.0,21521.0,13.0
T UN,2026-07-22,2026-04-22,0.586,0.59,0.61,0.56,19.0,31776.833333333332,31727.0,33136.0,31234.0,18.0
TAP UN,2026-08-05,2026-04-30,1.537,1.55,1.6300000000000001,1.35,20.0,3101.0,3103.0,3170.0,3011.0,19.0
TDG UN,2026-08-05,2026-05-05,10.248,10.22,10.77,9.700000000000001,19.0,2653.2105263157896,2661.0,2721.0,2443.0,19.0
TDY UN,2026-07-23,2026-04-22,5.787,5.78,5.86,5.73,11.0,1580.0,1582.0,1594.0,1559.0,11.0
TECH UW,2026-08-06,2026-05-06,0.519,0.52,0.53,0.51,13.0,314.46153846153845,314.0,318.0,311.0,13.0
TEL UN,2026-07-23,2026-04-22,2.841,2.84,2.86,2.83,18.0,5009.333333333333,5003.0,5042.0,4987.0,18.0
TER UW,2026-07-29,2026-04-28,2.054,2.05,2.14,2.0,16.0,1218.0,1218.0,1254.0,1200.0,16.0
TFC UN,2026-07-17,2026-04-17,1.072,1.07,1.12,1.04,13.0,5236.571428571428,5231.0,5286.0,5185.0,14.0
TGT UN,2026-08-20,2026-05-20,2.232,2.23,2.7600000000000002,2.05,34.0,25632.0,25492.0,26700.0,25208.0,21.0
TJX UN,2026-08-19,2026-05-20,1.188,1.18,1.26,1.1,19.0,15160.5,15148.5,15466.0,14401.0,18.0
TKO UN,2026-08-06,2026-05-06,1.429,1.295,2.85,0.61,14.0,1548.05,1543.0,1753.0,1454.0,20.0
TMO UN,2026-07-23,2026-04-23,5.721,5.71,5.84,5.68,21.0,11709.55,11723.5,11844.0,11476.0,20.0
TMUS UW,2026-07-23,2026-04-28,2.58,2.59,2.89,2.18,18.0,23020.956521739132,22989.0,23332.0,22816.0,23.0
TPL UN,2026-08-06,2026-05-06,2.2800000000000002,2.2800000000000002,2.42,2.14,2.0,261.0,268.0,272.0,243.0,3.0
TPR UN,2026-08-13,2026-05-07,1.246,1.23,1.42,1.2,20.0,1859.3684210526317,1852.0,1932.0,1832.0,19.0
TRGP UN,2026-08-07,2026-05-07,2.746,2.73,3.21,2.43,19.0,5433.6,5511.0,6416.0,4370.0,10.0
TRMB UW,2026-08-06,2026-05-06,0.801,0.8,0.81,0.79,13.0,949.0,951.0,952.0,943.0,11.0
TROW UW,2026-07-31,2026-04-30,2.261,2.32,2.41,2.07,11.0,1829.2,1835.0,1893.0,1768.0,10.0
TRV UN,2026-07-17,2026-04-16,4.845,4.8,5.88,4.0,26.0,12234.55,12272.5,12400.0,11810.0,20.0
TSCO UW,2026-07-24,2026-04-21,0.856,0.86,0.88,0.8200000000000001,30.0,4658.259259259259,4660.0,4701.0,4573.0,27.0
TSLA UW,2026-07-02,2026-04-22,0.432,0.45,0.62,0.17,33.0,24597.242424242424,24796.0,26577.0,22543.0,33.0
TSN UN,2026-08-04,2026-05-04,1.067,1.06,1.16,0.97,11.0,14227.636363636364,14178.0,14684.0,13974.0,11.0
TT UN,2026-07-30,2026-04-30,4.263,4.25,4.44,4.2,22.0,6200.047619047619,6184.0,6356.0,6130.0,21.0
TTD UQ,2026-08-07,2026-05-07,0.361,0.39,0.47000000000000003,0.14,28.0,751.9444444444445,751.0,759.0,740.0,36.0
TTWO UW,2026-08-07,2026-05-21,0.331,0.33,0.4,0.28,21.0,1394.9047619047617,1365.0,1498.0,1325.0,21.0
TXN UW,2026-07-22,2026-04-22,1.949,1.985,2.11,1.61,12.0,5221.789473684211,5200.0,5404.0,5196.0,19.0
TXT UN,2026-07-24,2026-04-30,1.532,1.54,1.6300000000000001,1.26,14.0,3811.153846153846,3856.0,3938.0,3566.0,13.0
TYL UN,2026-07-30,2026-04-29,3.18,3.18,3.31,3.06,21.0,647.6666666666666,651.0,654.0,624.0,21.0
UAL UW,2026-07-16,2026-04-21,1.7730000000000001,1.735,3.19,1.25,20.0,17529.6,17534.5,17710.0,17279.0,20.0
UBER UN,2026-08-06,2026-05-06,0.811,0.8,0.92,0.76,27.0,14206.738095238094,14166.5,14954.0,13819.0,42.0
UDR UN,2026-07-30,2026-04-29,0.10300000000000001,0.096,0.13,0.07,9.0,423.0,424.0,428.0,414.0,11.0
UHS UN,2026-07-28,2026-04-27,5.825,5.74,7.17,5.48,19.0,4567.722222222223,4567.0,4790.0,4357.0,18.0
ULTA UW,2026-08-28,2026-06-02,6.159,6.1450000000000005,6.61,5.92,22.0,2978.55,2967.0,3043.0,2933.0,20.0
UNH UN,2026-07-29,2026-04-21,4.836,4.92,5.22,4.24,26.0,110705.86363636363,110873.0,113764.0,108227.0,22.0
UNP UN,2026-07-24,2026-04-23,3.145,3.125,3.29,3.02,22.0,6557.523809523809,6589.0,6811.0,6359.0,21.0
UPS UN,2026-07-29,2026-04-28,1.665,1.6600000000000001,1.77,1.61,21.0,21699.695652173912,21644.0,22546.0,21442.0,23.0
URI UN,2026-07-23,2026-04-22,11.476,11.51,12.16,9.370000000000001,18.0,4216.631578947368,4199.0,4399.0,4148.0,19.0
USB UN,2026-07-16,2026-04-16,1.256,1.26,1.3,1.2,17.0,7532.8125,7529.0,7630.0,7450.0,16.0
V UN,2026-07-29,2026-04-28,3.23,3.22,3.31,3.18,37.0,11381.555555555555,11368.0,11559.0,11210.0,36.0
VEEV UN,2026-08-27,2026-06-03,2.217,2.22,2.32,1.99,26.0,904.5416666666666,904.0,919.0,892.0,24.0
VICI UN,2026-07-30,2026-04-29,0.707,0.71,0.72,0.66,13.0,1036.6470588235293,1041.0,1058.0,993.0,17.0
VLO UN,2026-07-30,2026-04-30,9.846,9.315,12.97,7.4,18.0,40605.333333333336,39251.5,66978.0,26921.0,12.0
VLTO UN,2026-07-28,2026-04-28,1.0,1.0,1.02,0.99,16.0,1452.2941176470588,1453.0,1463.0,1446.0,17.0
VMC UN,2026-07-31,2026-04-29,2.624,2.625,2.74,2.45,18.0,2130.5625,2120.5,2252.0,2000.0,16.0
VRSK UW,2026-07-30,2026-04-29,1.921,1.935,1.97,1.73,18.0,802.3529411764706,803.0,809.0,782.0,17.0
VRSN UW,2026-07-24,2026-04-23,2.45,2.38,2.6,2.37,3.0,434.75,434.5,438.0,432.0,4.0
VRT UN,2026-07-30,2026-04-22,1.427,1.42,1.59,1.23,25.0,3383.0,3369.0,3532.0,3328.0,23.0
VRTX UW,2026-08-04,2026-05-04,4.695,4.75,5.16,3.8000000000000003,28.0,3215.964285714286,3219.0,3310.0,3112.0,28.0
VST UN,2026-08-07,2026-05-07,2.032,2.21,2.5100000000000002,1.18,11.0,5427.0,5585.0,6735.0,4128.0,10.0
VTR UN,2026-07-30,2026-04-27,0.17200000000000001,0.15,0.39,0.11,11.0,1688.230769230769,1682.0,1722.0,1660.0,13.0
VTRS UW,2026-08-07,2026-05-07,0.606,0.61,0.63,0.5700000000000001,9.0,3667.8888888888887,3661.0,3770.0,3568.0,9.0
VZ UN,2026-07-21,2026-04-27,1.281,1.27,1.51,1.21,20.0,35455.75,35458.0,36076.0,34437.0,20.0
WAB UN,2026-07-24,2026-04-22,2.606,2.6,2.71,2.5300000000000002,11.0,3071.3,3068.0,3118.0,3040.0,10.0
WAT UN,2026-08-04,2026-05-05,3.004,3.0,3.0300000000000002,2.97,19.0,1621.8823529411764,1623.0,1629.0,1616.0,17.0
WBD UW,2026-08-07,2026-05-06,-0.117,-0.11,0.12,-0.32,15.0,9197.666666666666,9261.0,9867.0,8261.0,18.0
WDAY UW,2026-08-21,2026-05-21,2.614,2.6,2.85,2.41,35.0,2635.46875,2635.0,2661.0,2627.0,32.0
WDC UW,2026-07-30,2026-04-30,3.287,3.25,3.44,3.16,22.0,3689.2,3657.0,3795.0,3650.0,20.0
WEC UN,2026-07-29,2026-05-05,0.8270000000000001,0.81,0.96,0.79,9.0,2149.0,2186.5,2233.0,2020.0,8.0
WELL UN,2026-07-28,2026-04-28,0.652,0.625,0.87,0.54,10.0,3404.5454545454545,3450.0,3735.0,2908.0,11.0
WFC UN,2026-07-14,2026-04-14,1.7,1.7,1.83,1.6,24.0,21702.25,21737.5,21959.0,21285.0,20.0
WM UN,2026-07-28,2026-01-28,2.012,2.0,2.5,1.86,25.0,6694.875,6689.0,6855.0,6489.0,24.0
WMB UN,2026-08-04,2026-05-04,0.514,0.51,0.62,0.43,19.0,2989.9,2870.0,4548.0,2332.0,10.0
WMT UW,2026-08-20,2026-05-21,0.744,0.74,0.8200000000000001,0.72,35.0,187014.11428571428,187233.0,189583.0,184047.0,35.0
WRB UN,2026-07-21,2026-04-21,1.091,1.1,1.1400000000000001,1.03,17.0,3776.214285714286,3773.0,3828.0,3739.0,14.0
WSM UN,2026-08-27,2026-05-21,2.037,2.04,2.12,1.97,20.0,1917.157894736842,1916.0,1951.0,1871.0,19.0
WST UN,2026-07-24,2026-04-23,2.093,2.08,2.2600000000000002,2.05,14.0,841.6666666666666,839.5,872.0,830.0,12.0
WTW UW,2026-07-31,2026-04-30,3.122,3.13,3.34,2.91,21.0,2427.0,2424.0,2464.0,2372.0,18.0
WY UN,2026-07-24,2026-04-30,0.108,0.11,0.12,0.09,12.0,1854.5454545454545,1849.0,1912.0,1798.0,11.0
WYNN UW,2026-08-07,2026-05-07,1.238,1.115,2.6,0.77,16.0,1849.8125,1843.5,1901.0,1817.0,16.0
XEL UW,2026-07-31,2026-04-30,0.799,0.79,0.9400000000000001,0.73,11.0,3604.125,3641.5,4156.0,2824.0,8.0
XOM UN,2026-07-31,2026-05-01,3.6750000000000003,3.64,5.78,2.2600000000000002,21.0,115390.26666666668,110318.0,214914.0,77563.0,15.0
XYL UN,2026-07-31,2026-04-28,1.337,1.335,1.37,1.3,20.0,2347.952380952381,2349.0,2367.0,2324.0,21.0
XYZ UN,2026-08-07,2026-05-07,0.867,0.86,0.97,0.8300000000000001,30.0,6516.173913043478,6539.0,7078.0,5967.0,23.0
YUM UN,2026-08-05,2026-04-29,1.577,1.58,1.6300000000000001,1.51,24.0,2193.521739130435,2192.0,2247.0,2143.0,23.0
ZBH UN,2026-08-07,2026-04-28,2.015,2.02,2.09,1.98,24.0,2135.0869565217395,2133.0,2162.0,2120.0,23.0
ZBRA UW,2026-08-04,2026-05-12,4.365,4.3500000000000005,4.49,4.26,17.0,1497.25,1496.0,1509.0,1489.0,16.0
ZTS UN,2026-08-05,2026-05-07,1.851,1.85,1.94,1.75,13.0,2501.0,2506.0,2534.0,2438.0,11.0
