ticker,cur_mkt_cap,pe_ratio,best_pe_ratio,beta_raw_overridable,eqy_dvd_yld_12m,return_com_eqy,tot_debt_to_tot_eqy,free_cash_flow_yield,gics_sector_name,gics_industry_group_name,volatility_30d,30day_impvol_100.0%mny_df
A US Equity,,26.593819,18.302559,1.303,0.85,19.945998,51.39,,Healthcare,Diagnostics & Research,24.199862602125247,
AAPL US Equity,4015032631296.0,34.62231,29.145535,1.109,0.38,152.02099,102.63,2.647867723996147,Technology,Consumer Electronics,24.372354075717002,
ABBV US Equity,354636857344.0,84.59916,12.464913,0.364,3.45,6225.0,,5.170852553041961,Healthcare,Drug Manufacturers - General,26.895936864597363,
ABT US Equity,159345524736.0,25.686274,15.120161,0.782,2.75,,26.787,,Healthcare,Medical Devices,25.582376900127752,
ABNB US Equity,86437920768.0,35.688118,24.859777,1.16,,30.232999999999997,27.698,4.098895522382402,Consumer Cyclical,Travel Services,36.79364793792585,
ACGL US Equity,34476519424.0,8.342241,9.607881,0.384,,19.540001,11.919,-49.31544867073877,Financial Services,Insurance - Diversified,18.772762569788508,
ACN US Equity,116994220032.0,15.581968,12.750568,1.236,3.43,24.762999999999998,25.469,10.397362437796366,Technology,Information Technology Services,37.02306718691998,
ADBE US Equity,104330592256.0,14.923615,9.699727,1.518,,58.774,58.34,8.934459700111528,Technology,Software - Application,42.482367593012626,
ADI US Equity,186210844672.0,69.98533,29.0134,1.053,1.07,7.861999999999999,25.753,2.223034195076851,Technology,Semiconductors,34.56335702054186,
ADM US Equity,33457977344.0,31.13453,14.276374,0.636,3.0,4.721,42.376,6.4192460468180546,Consumer Defensive,Farm Products,32.499865216556614,
ADP US Equity,81573265408.0,19.37464,16.859484,0.856,3.37,73.843,70.044,4.238873330257649,Technology,Software - Application,24.854424483737205,
ADSK US Equity,52484841472.0,47.427208,17.57945,1.433,,39.675,89.787,5.310104757555244,Technology,Software - Application,36.52410197821993,
AEE US Equity,30221596672.0,20.418692,18.851027,0.533,2.75,11.337,147.125,-4.911636721613912,Utilities,Utilities - Regulated Electric,17.58805401093217,
AEP US Equity,71543816192.0,19.762762,19.152472,0.57,2.89,12.486,154.237,-7.184932693840275,Utilities,Utilities - Regulated Electric,16.683915358182126,
AES US Equity,10303884288.0,11.030535,6.049088,1.008,4.87,1.9539999999999997,259.393,-29.951084171181254,Utilities,Utilities - Diversified,5.1305135788230025,
AFL US Equity,60142071808.0,16.825512,14.877036,0.652,2.13,13.117999999999999,42.682,8.60483324971125,Financial Services,Insurance - Life,16.239204224395998,
AIG US Equity,40794628096.0,14.001842,8.609365,0.601,2.37,7.399,24.408,27.597077942484987,Financial Services,Insurance - Diversified,20.12376177619181,
AIZ US Equity,11404707840.0,13.530419,10.36123,0.56,1.47,15.899,38.845,19.18155118649668,Financial Services,Insurance - Property & Casualty,19.56917379683499,
AJG US Equity,56847380480.0,38.453915,14.908316,0.683,1.27,6.906,58.354,1.8910283199033342,Financial Services,Insurance Brokers,26.595103080828252,
AKAM US Equity,14296829952.0,31.631922,12.785438,0.594,,9.1730006,114.024,4.047483882390657,Technology,Software - Infrastructure,71.2180265801894,
ALB US Equity,22895990784.0,,21.450296,1.433,0.83,-4.656,33.954,1.9797630610367039,Basic Materials,Specialty Chemicals,68.56428995792102,
ALGN US Equity,14040566784.0,34.699116,15.919868,1.811,,10.3870004,2.826,3.4449633796207864,Healthcare,Medical Instruments & Supplies,43.69995647939318,
ALL US Equity,55582195712.0,5.626905,8.301918,0.224,2.02,39.518002,25.091,16.05685005724446,Financial Services,Insurance - Property & Casualty,18.9721844535443,
ALLE US Equity,12485064704.0,19.506056,15.207381,1.03,1.46,36.083999999999996,104.0,4.049338213185443,Industrials,Security & Protection Services,22.373926638116515,
AMAT US Equity,320205717504.0,41.340164,28.674723,1.637,0.53,38.863,33.108,1.355925120214558,Technology,Semiconductor Equipment & Materials,48.722259464263374,
AMCR US Equity,18606579712.0,30.278194,9.231496,0.708,6.46,7.734000000000001,138.731,2.3983450527030423,Consumer Cyclical,Packaging & Containers,42.445843880378206,
AMD US Equity,494764457984.0,116.2682,27.64442,1.963,,7.081999999999999,6.359,0.927158388597983,Technology,Semiconductors,51.24305513437414,
AME US Equity,52790419456.0,35.9532,26.434082,1.041,0.59,14.594,24.194,2.5564883588865115,Industrials,Specialty Industrial Machinery,28.24823935929553,
AMP US Equity,43527254016.0,12.920851,10.129608,1.266,1.37,60.507999999999996,57.597,8.198886331511238,Financial Services,Asset Management,24.13210695281197,
AMGN US Equity,186474283008.0,24.326302,14.811903,0.465,2.91,106.10299,640.275,4.023007933849065,Healthcare,Drug Manufacturers - General,20.12339584867246,
AMT US Equity,82225709056.0,32.649998,25.406363,0.93,3.91,26.279999999999998,434.211,5.483671036426265,Real Estate,REIT - Specialty,27.843165225039524,
AMZN US Equity,2746205863936.0,35.56546,27.061626,1.383,,22.286,43.435,0.8663999188283176,Consumer Cyclical,Internet Retail,32.862824514969994,
ANET US Equity,223792168960.0,64.62909,41.379807,1.475,,31.4,0.732,1.5138879254553161,Technology,Computer Hardware,55.67670223100817,
AON US Equity,70253740032.0,19.193188,15.28025,0.825,1.0,46.94,168.318,4.355462172698923,Financial Services,Insurance Brokers,29.673936970326775,
AOS US Equity,8962569216.0,16.833767,14.986841,1.346,2.19,29.197,10.974,4.75491441939677,Industrials,Specialty Industrial Machinery,31.362749838520116,
APA US Equity,13450420224.0,9.538847,9.562094,0.484,2.63,25.319999999999997,68.685,14.578540858531323,Energy,Oil & Gas E&P,55.09301149905187,
APD US Equity,66075398144.0,,21.01103,0.808,2.44,-1.667,101.991,-9.305146224924123,Basic Materials,Specialty Chemicals,20.743918224554907,
APH US Equity,182115565568.0,44.483486,28.517633,1.26,0.68,36.851,118.935,1.8010953636883142,Technology,Electronic Components,42.856587759231154,
APP US Equity,163144744960.0,48.0825,23.780354,2.502,,212.945,171.801,1.6544738849307035,Communication Services,Advertising Agencies,65.14616826607862,
APO US Equity,74909335552.0,23.296028,12.152841,1.56,1.58,14.698,99.468,,Financial Services,Asset Management,40.64686845438936,
APTV US Equity,15284750336.0,81.14667,9.127025,1.511,,1.9480000000000002,85.209,8.510115791269147,Consumer Cyclical,Auto Parts,47.58628180971888,
ARE US Equity,8084462592.0,,-583.12506,1.343,8.75,-5.856,66.615,16.63945634841772,Real Estate,REIT - Office,42.18436695484003,
ATO US Equity,30190954496.0,23.823761,20.617777,0.688,2.19,9.237,67.443,-6.199449017910242,Utilities,Utilities - Regulated Gas,15.347704501970401,
ARES US Equity,40018243584.0,70.789474,16.316149,1.536,4.46,13.520001,163.448,5.040632859775238,Financial Services,Asset Management,50.66209694262449,
AVB US Equity,23997700096.0,23.15,34.660244,0.763,4.16,8.887999500000001,80.256,5.592088952822957,Real Estate,REIT - Residential,19.03352618970495,
AVGO US Equity,2003899252736.0,82.710365,23.327694,1.253,0.62,33.370999,82.704,1.2727062056228005,Technology,Semiconductors,44.39301133182982,
AVY US Equity,12848990208.0,19.00455,14.81632,1.003,2.25,30.212998000000002,176.335,4.814288982918337,Consumer Cyclical,Packaging & Containers,28.599082766132277,
AWK US Equity,25607081984.0,23.045694,19.941513,0.734,2.52,10.496,146.987,-9.142001956578733,Utilities,Utilities - Regulated Water,21.395375124372535,
AXON US Equity,32482682880.0,270.57047,38.1454,1.605,,4.476,59.107,0.7081653964661677,Industrials,Aerospace & Defense,66.8761778690062,
AXP US Equity,228573806592.0,21.644993,16.554249,1.133,1.14,33.992,190.921,,Financial Services,Credit Services,21.618270883412205,
AZO US Equity,59478315008.0,25.12591,20.536919,0.406,,,,1.4353124292192458,Consumer Cyclical,Auto Parts,26.410898295734015,
BA US Equity,182229401600.0,91.77778,52.788708,,,169.947,828.696,1.7987629412267134,Industrials,Aerospace & Defense,39.99912327906882,
BAC US Equity,379580055552.0,13.21393,10.532327,1.237,2.11,10.644,,,Financial Services,Banks - Diversified,22.088605188912506,
BALL US Equity,16679811072.0,18.99091,13.94405,1.142,1.28,16.122,136.027,5.296822776866522,Consumer Cyclical,Packaging & Containers,28.347476326916706,
BAX US Equity,9452582912.0,,9.042109,0.617,1.97,-13.713000000000001,160.275,25.73767435471504,Healthcare,Medical Instruments & Supplies,40.107118150766816,
BBY US Equity,13311764480.0,12.605159,9.058659,1.374,6.04,37.041000000000004,139.474,6.328987935940406,Consumer Cyclical,Specialty Retail,32.44298569669727,
BDX US Equity,56391229440.0,25.433006,11.52641,0.352,2.7,6.959999999999999,77.284,5.506618810827615,Healthcare,Medical Instruments & Supplies,18.196269486094625,
BEN US Equity,14333030400.0,25.453703,9.615485,1.473,4.8,4.4639999999999995,24.587,2.290775187360239,Financial Services,Asset Management,33.94723875921825,
BG US Equity,24375535616.0,25.511156,11.982145,0.696,2.23,5.9639999999999995,91.006,-29.154231553932803,Consumer Defensive,Farm Products,30.19662999273788,
BF.B US Equity,,,,,,,,,,,,
BIIB US Equity,27894394880.0,21.648066,11.920359,0.162,,7.394,36.466,7.104966773884001,Healthcare,Drug Manufacturers - General,32.80902665272786,
BK US Equity,93516292096.0,16.85856,14.131601,1.053,1.56,13.472000000000001,,,Financial Services,Banks - Diversified,19.06067129007648,
BKR US Equity,62024507392.0,24.053848,22.018492,0.898,1.47,14.552000000000001,35.255,1.8176282624461606,Energy,Oil & Gas Equipment & Services,37.246204806399625,
BLDR US Equity,10024137728.0,23.298199,12.295516,1.636,,10.064,117.187,6.223315610054635,Industrials,Building Products & Equipment,50.20500748459701,
BKNG US Equity,142054948864.0,27.099697,14.406143,1.198,0.88,,,4.611419919112801,Consumer Cyclical,Travel Services,39.84100921053165,
BLK US Equity,165258215424.0,26.735529,17.515709,1.493,2.16,,24.367,,Financial Services,Asset Management,29.767214053483777,
BMY US Equity,120054038528.0,16.994219,9.57558,0.273,4.29,40.442002,254.982,9.284881222384064,Healthcare,Drug Manufacturers - General,25.252567712373384,
BR US Equity,18754512896.0,17.76991,15.530121,1.015,2.43,41.793,117.175,6.379597650095108,Technology,Information Technology Services,29.408721095872803,
BRO US Equity,23107710976.0,21.48101,13.636738,0.826,0.93,11.225999999999999,62.976,6.061829116067961,Financial Services,Insurance Brokers,27.994643186851455,
BRK.B US Equity,,,,,,,,,,,,
BSX US Equity,96408182784.0,27.14226,16.969238,0.782,,,48.921,,Healthcare,Medical Devices,45.896135288979686,
BX US Equity,158564040704.0,33.521965,16.966465,1.735,3.65,29.228001999999996,66.531,,Financial Services,Asset Management,39.68347044363132,
BXP US Equity,10319991808.0,33.5,27.956835,1.047,5.28,4.916,225.995,9.170337822035604,Real Estate,REIT - Office,24.54228540723918,
C US Equity,226939158528.0,16.016048,10.472281,1.085,1.85,7.649,,,Financial Services,Banks - Diversified,33.34317646316934,
CAG US Equity,6951691776.0,,8.554053,0.033,9.64,-0.511,89.813,9.417491872412958,Consumer Defensive,Packaged Foods,36.06427708263675,
CAH US Equity,47192629248.0,28.814655,17.31306,0.65,1.02,,,11.534905019581416,Healthcare,Medical Distribution,19.604689133132304,
CARR US Equity,50693935104.0,35.887573,19.115005,1.319,1.58,10.925,87.719,1.9958009058171695,Industrials,Building Products & Equipment,50.41634489958204,
CBOE US Equity,31155589120.0,28.573488,22.334301,0.369,0.94,23.36,30.958,4.062513352339395,Financial Services,Financial Data & Stock Exchanges,25.235817626890388,
CB US Equity,127276064768.0,11.507425,11.166017,0.503,1.19,15.433,,,Financial Services,Insurance - Property & Casualty,15.055962492553169,
CAT US Equity,378534658048.0,42.910873,28.987986,1.519,0.75,43.525999999999996,206.67,1.542461194467329,Industrials,Farm & Heavy Construction Machinery,36.201912781435134,
CBRE US Equity,45312741376.0,39.875328,17.684395,1.348,,13.572000000000001,106.244,-0.18593004404854485,Real Estate,Real Estate Services,24.934529791642703,
CCI US Equity,37531959296.0,34.130955,29.333025,0.964,4.94,,,3.6562172871860934,Real Estate,REIT - Specialty,30.90462148646579,
CDNS US Equity,91554881536.0,81.879005,35.350616,1.041,,21.855,48.707,1.6494123291571423,Technology,Software - Application,41.20854273969131,
CCL US Equity,37315661824.0,11.867842,10.408014,2.482,0.56,27.853,203.901,5.825972317612137,Consumer Cyclical,Travel Services,65.669718715347,
CDW US Equity,18373847040.0,17.628714,12.568361,1.018,1.77,43.018,236.871,5.009021866767429,Technology,Information Technology Services,28.80412284707845,
CEG US Equity,104036532224.0,38.753036,20.990906,1.188,0.59,16.364,63.94,1.209190630548328,Utilities,Utilities - Independent Power Producers,52.677896258700315,
CF US Equity,18818283520.0,13.667411,13.421201,0.516,1.63,23.401,46.765,6.950022527878249,Basic Materials,Agricultural Inputs,73.39146859338369,
CFG US Equity,27759697920.0,15.44076,10.2084465,1.058,2.82,7.739,,,Financial Services,Banks - Regional,24.540781566113104,
CHD US Equity,22005696512.0,30.761591,23.249296,0.473,1.32,17.62,59.517,5.1619018165617785,Consumer Defensive,Household & Personal Products,19.093228919242407,
CHRW US Equity,21630509056.0,37.753624,25.471933,0.935,1.38,32.911,75.604,3.4325250417259525,Industrials,Integrated Freight & Logistics,36.76144902877139,
CHTR US Equity,30706886656.0,6.698619,5.14104,1.026,,28.667998,482.329,8.905575660063425,Communication Services,Telecom Services,40.42027794114908,
CI US Equity,73379463168.0,12.390618,8.220618,0.272,2.27,15.129999999999999,75.137,13.314182244195727,Healthcare,Healthcare Plans,24.894143247547017,
CINF US Equity,25885945856.0,10.967678,18.042019,0.642,2.14,16.036,5.568,23.725228887382865,Financial Services,Insurance - Property & Casualty,20.260029522788358,
CL US Equity,66069557248.0,31.311785,20.2135,0.331,2.57,497.47,2343.562,4.655510344127681,Consumer Defensive,Household & Personal Products,24.504256397340253,
CLX US Equity,11813798912.0,15.851063,14.455828,0.645,5.12,987.1790000000001,9191.429,8.501710444553062,Consumer Defensive,Household & Personal Products,31.679585786931575,
CMCSA US Equity,107021189120.0,5.44898,7.657631,0.79,4.49,21.41,107.863,5.225250227531764,Communication Services,Telecom Services,25.4736437345142,
CME US Equity,103657897984.0,24.398804,22.085588,0.296,1.82,15.919,12.86,,Financial Services,Financial Data & Stock Exchanges,22.70202357931022,
CMG US Equity,46425182208.0,30.798246,25.77751,1.064,,47.355000000000004,179.319,2.179141198557684,Consumer Cyclical,Restaurants,34.50113719451936,
CMI US Equity,88376909824.0,31.15107,20.273382,1.14,1.22,23.928,60.516,1.553573143408486,Industrials,Specialty Industrial Machinery,35.754454640103965,
CMS US Equity,23093590016.0,21.301138,17.963972,0.424,3.04,10.8559996,194.861,-7.544842697877745,Utilities,Utilities - Regulated Electric,18.585347134371187,
CNC US Equity,19144701952.0,,9.783963,0.587,,-28.677999999999997,90.556,26.393726079773867,Healthcare,Healthcare Plans,37.97017542972337,
COF US Equity,124030525440.0,61.363075,8.313611,1.144,1.6,3.259,,,Financial Services,Credit Services,30.708598783829267,
COIN US Equity,55614185472.0,46.34607,40.201714,3.606,,10.055,53.119,2.3345877908320434,Financial Services,Financial Data & Stock Exchanges,66.77006492065775,
CNP US Equity,27553355776.0,26.324999,20.231615,0.532,2.18,9.6429996,206.599,-14.153448021735441,Utilities,Utilities - Regulated Electric,16.261797032247376,
COO US Equity,13057055744.0,33.293533,13.329455,1.074,,4.868,33.201,2.8114108968913967,Healthcare,Medical Instruments & Supplies,24.34241326805765,
COR US Equity,59973808128.0,37.05529,15.735524,0.718,0.78,133.467,472.584,5.774721379386743,Healthcare,Medical Distribution,24.921048387941134,
COP US Equity,149858779136.0,19.307087,15.075742,0.192,2.74,12.357,37.828,4.9959536432667075,Energy,Oil & Gas E&P,33.88570119885802,
COST US Equity,445511729152.0,52.086143,44.660156,0.978,0.59,29.650998,60.257,1.5017281768842887,Consumer Defensive,Discount Stores,17.004928318087014,
CPAY US Equity,22504232960.0,22.031979,11.164607,0.851,,29.071,243.348,8.393582502267165,Technology,Software - Infrastructure,31.185647664465627,
CPRT US Equity,32602834944.0,21.18239,20.048454,1.142,,17.129,0.98,3.1757100932431106,Industrials,Specialty Business Services,22.695247497682523,
CPT US Equity,10627646464.0,28.666668,59.77781,0.848,4.18,8.598,88.402,7.223818167085012,Real Estate,REIT - Residential,20.639810355579886,
CPB US Equity,6207410176.0,11.315217,9.37192,0.025,7.49,13.891,185.001,13.894683024729442,Consumer Defensive,Packaged Foods,37.782780937576035,
CRH US Equity,77571383296.0,21.068964,17.59558,1.241,1.29,15.684000000000001,77.341,2.367818999683499,Basic Materials,Building Materials,37.14156293778119,
CRL US Equity,9118394368.0,,14.975034,1.616,,-4.232,81.947,6.277225144030972,Healthcare,Diagnostics & Research,48.412679855360786,
CRM US Equity,175185395712.0,24.333334,12.709901,1.288,0.93,12.3959996,29.947,9.342673506247575,Technology,Software - Application,39.82753485907055,
CRWD US Equity,118356623360.0,,75.61661,1.072,,-4.137,18.336,1.3557458758512524,Technology,Software - Infrastructure,53.55667060267595,
CSCO US Equity,354808299520.0,32.30216,19.903717,0.819,1.87,23.754998999999998,66.509,2.8549219884945267,Technology,Communication Equipment,25.24727892182439,
CSGP US Equity,16431609856.0,1938.5001,21.97796,0.92,,0.08800000000000001,13.666,0.8748382006374726,Real Estate,Real Estate Services,36.26210758801312,
CTAS US Equity,69879218176.0,36.926006,32.196163,1.006,1.03,41.303003,60.943,2.158220276880506,Industrials,Specialty Business Services,25.76997454260682,
CSX US Equity,80314499072.0,28.038961,20.633236,1.246,1.3,22.511,148.222,1.2083745515613193,Industrials,Railroads,21.701714868233154,
CTRA US Equity,25005481984.0,14.700893,11.228332,0.27,2.67,12.275,26.984,4.864933092585015,Energy,Oil & Gas E&P,33.025164526998374,
CTSH US Equity,28384438272.0,12.896931,9.591704,0.976,2.24,15.158,7.819,6.789812183463738,Technology,Information Technology Services,27.458587910058075,
CTVA US Equity,53364781056.0,45.342857,19.596899,0.68,0.91,4.974,12.282,5.49051230796827,Basic Materials,Agricultural Inputs,21.73988814880314,
CVNA US Equity,91986903040.0,49.265957,39.27061,3.614,,67.946,133.119,0.27164194003938064,Consumer Cyclical,Auto & Truck Dealerships,61.77986820341591,
CVS US Equity,97953021952.0,54.98561,9.340803,0.505,3.48,2.2869998999999996,106.06,6.053412178447784,Healthcare,Healthcare Plans,29.06245310217291,
CVX US Equity,371130597376.0,28.102564,16.346285,0.587,3.82,7.231,24.323,3.556901441523036,Energy,Oil & Gas Integrated,29.03351325870111,
DAL US Equity,44944969728.0,9.986862,8.580166,1.306,1.1,24.990000000000002,105.021,6.882583289566389,Industrials,Airlines,43.398847945490814,
D US Equity,53572902912.0,17.564842,15.99259,0.658,4.38,9.741,150.094,-16.81050439770502,Utilities,Utilities - Regulated Electric,18.190584248324175,
DASH US Equity,79423496192.0,85.57277,24.126,1.925,,10.439,32.749,2.9910858548169617,Consumer Cyclical,Internet Retail,49.79075212521395,
DDOG US Equity,46757912576.0,440.46664,50.24927,1.294,,3.343,34.269,1.8812788500133064,Technology,Software - Application,54.64908582866267,
DD US Equity,18846152704.0,218.9524,18.087765,1.122,1.74,0.5170000299999999,24.484,71.28974705351088,Basic Materials,Specialty Chemicals,31.054246140224063,
DAY US Equity,,,,,,,,,,,,
DE US Equity,156659531776.0,32.67549,25.19958,0.992,1.12,19.566,376.022,2.68113281354992,Industrials,Farm & Heavy Construction Machinery,27.775141816278158,
DECK US Equity,15695261696.0,15.296875,14.670564,1.211,,39.688,13.14,4.834146245509024,Consumer Cyclical,Footwear & Accessories,42.54848418540048,
DELL US Equity,139563008000.0,24.757784,14.631543,0.954,1.17,,,4.73388350013207,Technology,Computer Hardware,55.920858149515816,
DG US Equity,27131881472.0,17.985401,15.43821,0.34,1.92,18.992001,184.665,7.970887128604954,Consumer Defensive,Discount Stores,41.17487125314613,
DGX US Equity,22644000768.0,22.516556,17.64451,0.654,1.69,14.538999,82.711,4.1749467582424,Healthcare,Diagnostics & Research,20.368823957579597,
DHR US Equity,130258100224.0,35.73592,20.185003,0.986,0.87,7.08,37.17,3.507267660240492,Healthcare,Diagnostics & Research,32.643398657718045,
DHI US Equity,46694391808.0,15.134273,13.266673,1.445,1.12,13.084000000000001,27.124,17.11238677410294,Consumer Cyclical,Residential Construction,37.346817379274256,
DIS US Equity,185886425088.0,15.437408,14.293214,1.441,1.43,12.024,40.909,1.7077632723837517,Communication Services,Entertainment,22.27868809430292,
DLR US Equity,71334313984.0,56.106148,62.0555,1.091,2.43,5.469,81.655,2.7454384441676556,Real Estate,REIT - Specialty,20.550699957753025,
DLTR US Equity,20277059584.0,17.166666,13.787985,0.744,,31.692999999999998,187.904,6.335053436513095,Consumer Defensive,Discount Stores,42.599492766437486,
DOC US Equity,11353540608.0,163.3,120.96296,1.079,7.47,1.164,122.183,10.239399673973491,Real Estate,REIT - Healthcare Facilities,25.87887286247781,
DOW US Equity,27928430592.0,,23.252052,0.495,3.61,-13.818,111.871,-2.809860774005643,Basic Materials,Chemicals,59.986197665656015,
DOV US Equity,29154117632.0,27.088972,18.784275,1.254,0.96,15.285000000000002,48.404,2.9459855614264403,Industrials,Specialty Industrial Machinery,27.04083865776976,
DPZ US Equity,12305821696.0,20.838839,17.066507,1.185,2.18,,,4.133943726531953,Consumer Cyclical,Restaurants,28.54836553973389,
DRI US Equity,22996760576.0,21.046364,17.567284,0.627,3.0,51.539004,387.681,2.9488936659528235,Consumer Cyclical,Restaurants,30.476260566249657,
DTE US Equity,29866598400.0,20.422476,17.184772,0.428,3.14,12.177,213.601,-5.848088224201655,Utilities,Utilities - Regulated Electric,16.810559227192922,
DUK US Equity,97471643648.0,19.849445,17.500008,0.454,3.4,9.724,171.838,-2.0545719237402964,Utilities,Utilities - Regulated Electric,14.86841465925631,
DVA US Equity,10189124608.0,16.02734,9.294679,0.915,,64.848,1111.353,10.336769924013476,Healthcare,Medical Care Facilities,25.7952234624558,
DVN US Equity,29282967552.0,11.29976,8.810342,0.526,2.04,17.736,55.951,7.247814061983767,Energy,Oil & Gas E&P,33.692271251873514,
DXCM US Equity,24468205568.0,30.339714,21.204239,1.556,,34.497002,50.852,2.940703886111801,Healthcare,Medical Devices,33.76726110730989,
EA US Equity,50746445824.0,75.66418,22.0501,0.725,0.37,10.027,36.443,4.3547383626911325,Communication Services,Electronic Gaming & Multimedia,4.688294709429105,
EBAY US Equity,47744757760.0,24.795773,15.862479,1.33,1.17,40.847,155.623,1.5522646396604107,Consumer Cyclical,Internet Retail,27.518724783910702,
ECL US Equity,75952226304.0,36.89026,27.807362,1.024,1.03,22.516,91.769,2.1623790636845426,Basic Materials,Specialty Chemicals,24.987899301559704,
ED US Equity,39837388800.0,19.171986,16.655191,0.335,3.21,8.767,117.317,-0.36460723048193355,Utilities,Utilities - Regulated Electric,16.038899995311695,
EFX US Equity,21552578560.0,31.454227,17.391949,1.559,1.15,14.37,113.353,4.754245646976544,Industrials,Consulting Services,41.93967530642281,
EG US Equity,13934602240.0,9.12457,5.6633506,0.333,2.32,10.847,24.481,-160.23152540305304,Financial Services,Insurance - Reinsurance,19.303908174387548,
EIX US Equity,26704773120.0,6.006926,10.645479,0.767,5.06,24.103001,215.738,-2.432149597682109,Utilities,Utilities - Regulated Electric,23.564689161365305,
EL US Equity,27729995776.0,,25.454739,1.252,1.83,-4.340999999999999,232.945,6.112514685151894,Consumer Defensive,Household & Personal Products,59.14417467226928,
ELV US Equity,72435277824.0,13.90678,11.290448,,2.1,12.086,72.299,5.9703296872937806,Healthcare,Healthcare Plans,23.69711170750228,
EME US Equity,38298009600.0,30.485645,27.417559,1.112,0.15,38.49,12.913,2.587967642057304,Industrials,Engineering & Construction,37.62441634405165,
EMR US Equity,80279871488.0,34.99265,19.97381,1.278,1.55,9.646,69.283,3.5866712921063915,Industrials,Specialty Industrial Machinery,37.379654289961486,
EOG US Equity,71358726144.0,14.58443,9.543681,0.333,3.07,16.829,30.62,3.261338936045007,Energy,Oil & Gas E&P,30.540204604862353,
EPAM US Equity,6990552576.0,19.24292,9.268663,1.73,,10.334999999999999,3.907,10.37550803194188,Technology,Information Technology Services,30.624576552409255,
EQIX US Equity,108710699008.0,79.991295,62.566338,0.998,1.74,9.722,160.291,2.6062292615665195,Real Estate,REIT - Specialty,16.1440380250127,
EQR US Equity,24014315520.0,20.986395,41.357212,0.744,4.55,10.0200005,74.323,5.8982785947837835,Real Estate,REIT - Residential,21.262420073137207,
ERIE US Equity,13072466944.0,23.364487,17.844397,0.438,2.34,26.194,2.712,3.8240783330452,Financial Services,Insurance Brokers,31.3687991158371,
EQT US Equity,36657369088.0,11.142315,12.400324,0.693,1.12,13.402,20.816,6.828711165797889,Energy,Oil & Gas E&P,31.847418040259818,
ES US Equity,25200431104.0,14.703948,13.306107,0.776,4.7,10.777000000000001,184.946,3.0217514805892742,Utilities,Utilities - Regulated Electric,22.710125499385853,
ESS US Equity,17436813312.0,24.272377,41.29517,0.725,4.08,12.235,119.433,5.643569925261352,Real Estate,REIT - Residential,19.344876137153165,
ETN US Equity,160747110400.0,39.604786,26.70801,1.164,1.06,21.525997999999998,54.877,1.616203315590051,Industrials,Specialty Industrial Machinery,34.85786815292331,
ETR US Equity,50573012992.0,28.253197,22.334364,0.565,2.32,10.774000000000001,181.79,-7.151884837417439,Utilities,Utilities - Regulated Electric,27.852290330707103,
EVRG US Equity,18339829760.0,21.759562,17.50599,0.599,3.49,8.569,149.917,-4.700834213196099,Utilities,Utilities - Regulated Electric,15.817856357473554,
EW US Equity,47352623104.0,45.0442,24.556932,0.945,,10.353,6.824,2.4702696394050223,Healthcare,Medical Devices,24.455587612516734,
EXE US Equity,23164776448.0,12.729194,10.194161,0.459,3.31,10.0659996,27.495,5.076673209602822,Energy,Oil & Gas E&P,28.737352229367986,
EXC US Equity,46922809344.0,16.798534,15.078335,0.505,3.66,9.936,174.488,-4.527115945737011,Utilities,Utilities - Regulated Electric,19.60120034843361,
EXPD US Equity,19817285632.0,24.9479,22.957718,1.081,1.04,35.431000000000004,24.197,4.052206053402662,Industrials,Integrated Freight & Logistics,19.69050267272252,
EXPE US Equity,32422727680.0,26.945011,11.51081,1.332,0.63,48.672,254.692,9.049208188026208,Consumer Cyclical,Travel Services,38.87020488183997,
EXR US Equity,31172853760.0,30.782133,29.473362,1.274,4.59,7.008,98.679,3.6661978553483583,Real Estate,REIT - Industrial,26.704358834687163,
F US Equity,50659971072.0,,6.762799,1.71,4.75,-20.193,460.639,3.4714291911074544,Consumer Cyclical,Auto Manufacturers,31.337434645489626,
FANG US Equity,54537908224.0,33.77526,11.46853,0.488,2.17,3.7350000000000003,33.784,0.9124387205246988,Energy,Oil & Gas E&P,31.186968288597743,
FAST US Equity,51456606208.0,39.65487,32.82808,0.837,2.05,33.842,11.167,1.7577189687635921,Industrials,Industrial Distribution,33.957344036650596,
FCX US Equity,101121507328.0,46.289474,17.4205,1.473,0.85,13.946,34.103,1.5418332194582376,Basic Materials,Copper,51.13893556390431,
FDS US Equity,9004732416.0,15.629106,12.499485,0.724,1.81,28.083999999999996,72.972,6.554879331574799,Financial Services,Financial Data & Stock Exchanges,41.03633495465013,
FDX US Equity,92090277888.0,20.61699,17.265945,1.286,1.5,15.869,140.994,0.9707865156920049,Industrials,Integrated Freight & Logistics,28.99261610056103,
FE US Equity,28011847680.0,27.517046,16.433437,0.59,3.84,9.195,192.755,-4.38341289738157,Utilities,Utilities - Regulated Electric,15.44029774649928,
FFIV US Equity,17678475264.0,25.781277,18.530848,0.93,,20.843999999999998,7.566,3.8553366499198107,Technology,Software - Infrastructure,32.84322833925555,
FICO US Equity,23014502400.0,35.97219,18.350788,1.376,,,,2.490447206019106,Technology,Software - Application,78.22685523106513,
FIS US Equity,24773980160.0,65.53425,6.93266,0.914,3.43,2.6010001000000003,95.893,7.610303083410558,Technology,Information Technology Services,35.24992315357854,
FISV US Equity,33830023168.0,9.977918,7.007415,,,,,,,,31.45696071888418,
FITB US Equity,45798412288.0,17.02357,10.314642,0.973,3.16,7.968999999999999,,,Financial Services,Banks - Regional,26.314478679519326,
FIX US Equity,60674400256.0,59.878128,39.325893,1.598,0.13,49.238998,45.489,1.2760171352883525,Industrials,Engineering & Construction,55.80150150654407,
FOX US Equity,27343634432.0,14.045563,11.784709,0.505,0.96,16.823,67.389,6.4567131205274295,Communication Services,Entertainment,18.192938999958223,
FOXA US Equity,27888965632.0,15.721822,12.709392,0.505,0.85,16.823,67.389,6.330460782576506,Communication Services,Entertainment,21.19307981432033,
FRT US Equity,9572215808.0,23.532051,34.61031,0.992,4.08,12.235,143.64,4.874063449447879,Real Estate,REIT - Retail,17.434330219334935,
FSLR US Equity,20277032960.0,13.280085,7.757808,1.607,,17.45,6.871,4.753768156818147,Technology,Solar,37.91110791887243,
FTNT US Equity,64764313600.0,35.987602,26.31388,0.998,,135.71601,85.802,2.697434557540034,Technology,Software - Infrastructure,35.39398236233159,
FTV US Equity,19329845248.0,38.27673,19.074184,1.001,0.43,6.396,51.177,4.427673977827388,Technology,Scientific & Technical Instruments,26.79138459746685,
GD US Equity,86871097344.0,20.74644,17.844276,0.387,1.9,17.658001000000002,38.205,3.864634096546126,Industrials,Aerospace & Defense,19.43192087457207,
GE US Equity,288675987456.0,34.36443,31.872692,1.428,0.68,45.428002,116.527,1.9634469059758277,Industrials,Aerospace & Defense,47.315949533575846,
GDDY US Equity,11946517504.0,14.212219,7.521055,0.977,,192.90099999999998,1795.723,10.944821296768763,Technology,Software - Infrastructure,40.70968884817237,
GEHC US Equity,32569989120.0,15.687911,12.836675,1.305,0.2,22.378,98.717,5.179615067676142,Healthcare,Medical Devices,31.996248397569506,
GEN US Equity,12328154112.0,20.608246,6.973272,1.149,2.5,26.901999999999997,363.379,10.677795134947775,Technology,Software - Infrastructure,38.3830877682724,
GILD US Equity,164955963392.0,19.601768,13.814422,0.404,2.47,40.655,112.923,4.571295720955853,Healthcare,Drug Manufacturers - General,19.293565740743347,
GEV US Equity,303910682624.0,32.99854,48.28781,,0.13,75.708,18.626,3.183624382157842,Industrials,Specialty Industrial Machinery,54.7741868151802,
GIS US Equity,18780241920.0,8.603911,10.707635,,6.93,23.591,217.629,12.05189535705406,Consumer Defensive,Packaged Foods,24.714287517615833,
GL US Equity,11893865472.0,10.749823,9.128647,0.467,0.87,20.589,52.352,9.557788682545477,Financial Services,Insurance - Life,18.3307603917675,
GLW US Equity,144967335936.0,92.725266,42.848366,1.053,0.66,14.904,76.192,0.4390644029500557,Technology,Electronic Components,63.803537977780614,
GM US Equity,71413465088.0,24.159021,5.6994157,1.345,0.91,4.3180000000000005,208.299,11.986010208932322,Consumer Cyclical,Auto Manufacturers,33.16461560605249,
GNRC US Equity,12540198912.0,79.43866,20.492907,1.786,,6.2829999999999995,52.479,0.7325462111457774,Industrials,Specialty Industrial Machinery,42.57384481738077,
GOOG US Equity,4085520007168.0,31.242369,25.01476,1.128,0.25,35.705003000000005,16.133,0.9322773172857889,Communication Services,Internet Content & Information,31.55219853372367,
GOOGL US Equity,4104754298880.0,31.360445,25.167664,1.128,0.25,35.705003000000005,16.133,0.9279087990818983,Communication Services,Internet Content & Information,33.17277144806124,
GPC US Equity,15545504768.0,253.95454,13.345148,0.772,3.8,1.3419999999999999,149.454,4.859041293756464,Consumer Cyclical,Auto Parts,29.70597981917998,
GPN US Equity,20046532608.0,16.167044,4.4176693,0.765,1.4,4.824,93.316,8.72242741521397,Industrials,Specialty Business Services,42.36796965848744,
GRMN US Equity,51313463296.0,31.071095,26.138042,0.968,1.58,19.783,2.184,1.5412553298885407,Technology,Scientific & Technical Instruments,28.065086174746096,
GS US Equity,277416509440.0,17.065353,14.306926,1.311,1.93,14.591000000000001,608.943,,Financial Services,Capital Markets,31.03549123232335,
GWW US Equity,54677000192.0,32.63161,23.75118,1.092,0.78,46.098998,69.114,1.9962690494488788,Industrials,Industrial Distribution,22.713064456689175,
HAL US Equity,32756516864.0,21.607737,13.714338,0.693,1.74,14.626999,74.651,6.182357545547368,Energy,Oil & Gas Equipment & Services,36.40608624404169,
HAS US Equity,12823266304.0,,14.482932,0.544,3.09,-36.355,600.584,3.3872026494880783,Consumer Cyclical,Leisure,34.551085849473054,
HBAN US Equity,34264350720.0,12.100719,8.79022,0.974,3.69,10.095,,,Financial Services,Banks - Regional,23.368562376617653,
HCA US Equity,105402089472.0,16.637487,14.141953,1.366,0.66,,,5.524676997553174,Healthcare,Medical Care Facilities,22.030873878186398,
HD US Equity,338151374848.0,23.858047,20.82702,1.085,2.75,145.541,514.392,2.5499673629527457,Consumer Cyclical,Home Improvement Retail,31.722123089527777,
HIG US Equity,38099472384.0,10.376409,9.50812,0.528,1.74,21.656,23.937,15.25480375534221,Financial Services,Insurance - Diversified,19.05057437750753,
HII US Equity,14446697472.0,23.869877,18.027687,0.356,1.5,12.4239996,58.762,4.748490105296225,Industrials,Aerospace & Defense,32.475482305737685,
HLT US Equity,76507734016.0,54.521244,31.945337,1.11,0.18,,,2.2603923619517174,Consumer Cyclical,Lodging,27.4630450120668,
HOLX US Equity,16968846336.0,31.53942,15.664253,0.703,,10.8559996,48.051,5.001002797695439,Healthcare,Medical Instruments & Supplies,2.684037491572842,
HON US Equity,139384684544.0,31.741703,19.179895,0.915,2.16,26.136,236.613,3.343983026003583,Industrials,Conglomerates,24.07578559424936,
HOOD US Equity,79614271488.0,43.136585,32.83808,2.464,,21.993999,136.04,,Financial Services,Capital Markets,65.39673331856227,
HPE US Equity,37884329984.0,,10.4761095,1.215,2.0,-0.471,87.223,6.734974679709516,Technology,Communication Equipment,48.13821282634815,
HPQ US Equity,18763603968.0,7.742424,6.8728294,1.131,5.87,,,15.057741470233957,Technology,Computer Hardware,39.22222260921364,
HRL US Equity,11792590848.0,24.078653,13.6388235,0.358,5.46,6.1160002,4.244,3.2351638152925766,Consumer Defensive,Packaged Foods,20.298227406877356,
HSIC US Equity,8962969600.0,23.88685,13.274599,0.882,,8.701,71.736,4.2731373316272325,Healthcare,Medical Distribution,20.749622664789378,
HST US Equity,14523619328.0,18.954546,21.494844,1.131,3.84,11.489,83.779,8.14363090417678,Real Estate,REIT - Hotel & Motel,26.016272929290825,
HSY US Equity,38237646848.0,43.46774,19.109642,0.175,3.08,18.89,123.763,3.790168630828817,Consumer Defensive,Confectioners,25.547848954385266,
HUBB US Equity,29225588736.0,33.217525,25.447664,0.997,1.03,24.542,64.473,2.3298504545136973,Industrials,Electrical Equipment & Parts,35.255671944372125,
HUM US Equity,26217562112.0,22.071064,14.348442,0.445,1.63,7.039,74.815,5.039561048261054,Healthcare,Healthcare Plans,38.8402060545733,
HWM US Equity,96578445312.0,64.92722,42.75554,1.235,0.19,30.442999999999998,60.022,0.9497460650114965,Industrials,Aerospace & Defense,39.75329911080459,
IBKR US Equity,132801871872.0,33.523605,27.796955,1.256,0.45,23.56,150.649,,Financial Services,Capital Markets,42.44559447397261,
IBM US Equity,236347719680.0,22.628931,18.821365,0.685,2.67,35.158001999999996,197.328,5.5666394521653295,Technology,Information Technology Services,28.67071078697284,
ICE US Equity,90193330176.0,27.525131,18.2118,1.043,1.31,11.885,70.077,3.86406080493896,Financial Services,Financial Data & Stock Exchanges,24.80141737997675,
IDXX US Equity,46050557952.0,44.25019,35.25155,1.722,,66.202,60.827,1.7171037815094659,Healthcare,Diagnostics & Research,29.885774309257645,
IEX US Equity,15139447808.0,31.767551,22.697886,0.98,1.39,12.34,48.251,3.559657649569144,Industrials,Specialty Industrial Machinery,26.00676186852834,
IFF US Equity,18182332416.0,,14.963784,1.032,2.25,-2.559,46.884,17.021330427754073,Basic Materials,Specialty Chemicals,38.92839714886265,
INCY US Equity,19252660224.0,15.092044,11.08684,0.857,,29.87,1.063,3.166066366455395,Healthcare,Biotechnology,26.07850120253262,
INTC US Equity,327721320448.0,,58.36433,1.349,,0.022000000000000002,37.282,-1.3744910516783833,Technology,Semiconductors,69.12381459183538,
INTU US Equity,113725046784.0,26.58946,15.43192,1.213,1.14,23.457000999999998,36.148,4.661572033528371,Technology,Software - Application,47.65904649916482,
INVH US Equity,16258421760.0,27.791668,37.675102,0.816,4.5,6.0939997,88.124,6.684032583492286,Real Estate,REIT - Residential,21.114684759449638,
IP US Equity,17647775744.0,,12.037968,1.099,5.55,-24.678,71.073,3.1349558835373195,Consumer Cyclical,Packaging & Containers,49.86783342641441,
IQV US Equity,29733138432.0,22.376757,12.444325,1.391,,21.438,245.928,7.455065334153825,Healthcare,Diagnostics & Research,29.788969842856094,
IR US Equity,33070739456.0,57.724133,21.623323,1.333,0.1,5.7729997,50.699,3.2526108629386674,Industrials,Specialty Industrial Machinery,40.656668931230975,
IRM US Equity,34873442304.0,239.2449,45.77116,1.152,2.95,,,-3.349373192981368,Real Estate,REIT - Specialty,30.836904408810923,
ISRG US Equity,171767169024.0,58.83455,41.224724,1.679,,17.232999,,,Healthcare,Medical Instruments & Supplies,33.25648199321294,
IT US Equity,11067036672.0,16.278757,10.669165,1.045,,86.861,1046.535,8.338218760354353,Technology,Information Technology Services,45.09718404705023,
ITW US Equity,76975333376.0,25.437143,22.007385,1.145,2.41,93.718004,285.524,2.814862705973765,Industrials,Specialty Industrial Machinery,24.10502012787391,
IVZ US Equity,11356653568.0,,8.819297,1.634,3.29,-1.2189999999999999,17.161,6.5661945531312345,Financial Services,Asset Management,39.933086224315694,
J US Equity,15062164480.0,33.654354,15.898738,0.752,1.13,9.725999999999999,65.173,7.229151490450329,Industrials,Engineering & Construction,25.357656903968056,
JBHT US Equity,23370045440.0,38.299225,27.334673,1.221,0.73,16.676001,36.247,,Industrials,Integrated Freight & Logistics,32.63067458920433,
JBL US Equity,35522244608.0,45.27591,23.095402,1.159,0.1,59.696996,328.91,3.38872171306681,Technology,Electronic Components,47.98175610326015,
JCI US Equity,85572968448.0,46.916107,25.132936,1.402,1.14,12.640001000000002,73.339,3.231160477598955,Industrials,Building Products & Equipment,33.534753155341654,
JKHY US Equity,11282148352.0,22.36442,22.290863,0.718,1.51,24.284,3.109,2.971554047510543,Technology,Information Technology Services,24.561815448660703,
JNJ US Equity,544878166016.0,20.498642,17.788528,0.329,2.37,,60.499,,Healthcare,Drug Manufacturers - General,14.835411926045532,
JPM US Equity,844225052672.0,14.99138,13.313977,1.043,1.92,16.465001,,,Financial Services,Banks - Diversified,21.994792008649892,
KDP US Equity,36059000832.0,17.346407,10.591513,0.361,3.47,8.356,75.384,3.1441526105567275,Consumer Defensive,Beverages - Non-Alcoholic,20.579134071842446,
KEY US Equity,23963940864.0,13.521473,10.266539,1.071,3.72,9.972,,,Financial Services,Banks - Regional,20.4946149295996,
KEYS US Equity,58139373568.0,59.572933,32.80121,1.152,,17.222999,44.674,1.852875223603923,Technology,Scientific & Technical Instruments,38.10819038313229,
KHC US Equity,25912172544.0,,10.24242,0.051,7.31,-12.837000000000002,52.1,10.711182272683157,Consumer Defensive,Packaged Foods,27.749650377128997,
KIM US Equity,15895683072.0,28.743902,27.599533,1.051,4.41,5.5370003,78.678,5.301418228980654,Real Estate,REIT - Retail,17.980516213012248,
KKR US Equity,98094571520.0,45.264957,13.853394,1.927,0.7,8.558,68.611,,Financial Services,Asset Management,36.37539869953128,
KLAC US Equity,238090797056.0,52.630264,37.626377,1.435,0.42,100.726,111.778,1.3536851687895928,Technology,Semiconductor Equipment & Materials,45.387271454789044,
KMB US Equity,32113817600.0,19.907408,12.748345,0.296,5.29,126.603,464.785,2.8426237558252807,Consumer Defensive,Household & Personal Products,24.46183518945226,
KMI US Equity,70771490816.0,23.218977,21.677946,0.63,3.68,9.826,99.71,0.6441506357203033,Energy,Oil & Gas Midstream,17.94699378260506,
KO US Equity,321218936832.0,24.549341,21.611212,0.361,2.76,43.323,139.793,-0.4549078153397429,Consumer Defensive,Beverages - Non-Alcoholic,14.537152461119184,
KR US Equity,43078041600.0,44.201298,12.102947,0.546,2.06,14.405000000000001,415.97,7.890040386608475,Consumer Defensive,Grocery Stores,25.948061967582532,
KVUE US Equity,33233750016.0,22.776316,14.358472,0.57,4.79,14.388000000000002,80.576,5.439876460314048,Consumer Defensive,Household & Personal Products,20.219410945794223,
L US Equity,22799751168.0,13.883313,38.15517,0.591,0.23,9.431000000000001,50.221,6.761586776278978,Financial Services,Insurance - Property & Casualty,15.609363995981814,
LDOS US Equity,19048642560.0,13.528726,11.4390545,0.663,1.1,31.034002,107.658,5.8042191537663035,Technology,Information Technology Services,23.325368318718333,
LEN US Equity,23262873600.0,13.589928,12.406997,1.487,2.12,8.076,24.992,14.804717917566299,Consumer Cyclical,Residential Construction,37.78124293952589,
LH US Equity,22463887360.0,26.038204,14.136031,0.985,1.06,10.509,75.561,4.303017587780497,Healthcare,Diagnostics & Research,23.983475633084648,
LHX US Equity,61949407232.0,38.927227,24.53985,0.746,1.51,,34.574,,Industrials,Aerospace & Defense,23.496651120196443,
LII US Equity,17052406784.0,21.509003,18.421803,1.21,1.06,75.833,152.24,1.873269316444662,Industrials,Building Products & Equipment,48.80609389641674,
LIN US Equity,229204017152.0,33.901302,25.340591,0.79,1.29,17.817,70.63,2.08831422567335,Basic Materials,Specialty Chemicals,17.90372481136857,
LLY US Equity,824741855232.0,40.169136,21.829666,0.504,0.68,101.15899999999999,165.31,0.23655887616509816,Healthcare,Drug Manufacturers - General,31.994076808659944,
LMT US Equity,128005570560.0,25.833954,17.343714,0.24,2.43,76.86500000000001,338.804,4.126090032561783,Industrials,Aerospace & Defense,23.2432913276686,
LNT US Equity,18327298048.0,22.598724,19.282347,0.598,2.94,11.299,168.08,-7.471096090726926,Utilities,Utilities - Regulated Electric,16.86280071524419,
LOW US Equity,137321955328.0,20.673695,17.96955,0.965,1.96,,,3.6318847136187493,Consumer Cyclical,Home Improvement Retail,33.71318136985162,
LRCX US Equity,333538754560.0,54.639915,37.11634,1.79,0.39,65.565,44.195,1.4441949231220395,Technology,Semiconductor Equipment & Materials,59.841952179582194,
LULU US Equity,19174502400.0,12.326546,12.320321,1.07,,34.013,36.245,4.297782455100373,Consumer Cyclical,Apparel Retail,38.4118480363328,
LUV US Equity,19333361664.0,49.810123,8.603894,1.184,1.83,4.812,74.94,-3.5372793406819705,Industrials,Airlines,51.213454851483164,
LVS US Equity,38198124544.0,24.19149,16.153,0.887,1.85,73.263,829.059,5.166156714649409,Consumer Cyclical,Resorts & Casinos,24.802330692542533,
LW US Equity,6250983424.0,21.131453,14.997633,0.477,3.38,17.355,220.065,9.550297601301077,Consumer Defensive,Packaged Foods,46.048175250569194,
LYB US Equity,23239389184.0,,12.620287,0.437,6.67,-6.949,144.156,1.9234584715666854,Basic Materials,Specialty Chemicals,68.85191100042053,
LYV US Equity,36307423232.0,,69.28426,1.147,,36.701,572.032,3.0496748858346523,Communication Services,Entertainment,39.57831849539375,
MA US Equity,455286030336.0,30.862673,22.502966,0.831,0.68,209.915,256.042,3.573440519576944,Financial Services,Credit Services,23.28592972760754,
MAA US Equity,14931220480.0,32.960316,32.028275,0.789,4.91,7.6450000000000005,93.305,6.212178791696471,Real Estate,REIT - Residential,21.65544316680162,
MAR US Equity,97283784704.0,38.604626,28.156279,1.097,0.73,,,1.7199680841890614,Consumer Cyclical,Lodging,30.777899699252163,
MAS US Equity,15058780160.0,18.30693,15.835496,,1.73,8457.143,12229.63,4.884193966478623,Industrials,Building Products & Equipment,43.797603282941246,
MCD US Equity,213298053120.0,25.131493,20.933939,0.532,2.48,,,2.95179671633376,Consumer Cyclical,Restaurants,17.23642076860423,
MCHP US Equity,44632858624.0,,31.000412,1.474,2.21,-1.0930001,82.382,2.232463953057689,Technology,Semiconductors,38.71382986490974,
MCK US Equity,102349078528.0,23.924696,18.799892,0.423,0.4,,,8.948297809534726,Healthcare,Medical Distribution,18.496043536363903,
MCO US Equity,83077963776.0,33.45663,25.011267,1.446,0.88,71.36099999999999,232.676,2.7277089531347545,Financial Services,Financial Data & Stock Exchanges,26.58028825515571,
MDLZ US Equity,71950581760.0,29.661377,16.690187,0.389,3.57,9.332,84.848,4.986756065389734,Consumer Defensive,Confectioners,23.812305947385543,
MDT US Equity,106844905472.0,23.245811,13.7306795,0.764,3.41,9.39,57.06,3.812184682092692,Healthcare,Medical Devices,20.08217265395991,
MET US Equity,50714890240.0,16.341825,7.033714,0.733,2.95,12.020000999999999,225.974,-25.11786878314656,Financial Services,Insurance - Life,23.57606579122581,
META US Equity,1712724901888.0,28.735945,18.814228,1.309,0.31,30.238,39.164,1.3681341496331154,Communication Services,Internet Content & Information,46.953914143970124,
MGM US Equity,10732392448.0,51.63158,16.95677,1.351,,14.89,963.089,4.4533721471307866,Consumer Cyclical,Resorts & Casinos,34.752456913181625,
MKC US Equity,13837360128.0,8.437705,15.381443,0.706,3.73,25.346999999999998,65.158,2.6939748951513307,Consumer Defensive,Packaged Foods,41.19165893101513,
MLM US Equity,36828950528.0,37.30238,26.268393,1.188,0.54,10.159001,59.866,-1.9434439638887775,Basic Materials,Building Materials,27.582363037555513,
MMM US Equity,76154912768.0,28.08863,15.4318285,1.158,2.14,71.458,396.497,3.0495405057779186,Industrials,Conglomerates,27.73704852293252,
MNST US Equity,74299654144.0,39.149483,29.939293,0.509,,26.815,0.8,2.038934583819104,Consumer Defensive,Beverages - Non-Alcoholic,24.858202542361703,
MO US Equity,108974317568.0,15.820389,11.210986,0.447,6.51,,,8.467361732494625,Consumer Defensive,Tobacco,19.386123648303723,
MOH US Equity,7969933824.0,17.152466,18.660107,0.554,,11.022,99.435,-1.2547155623660045,Healthcare,Healthcare Plans,37.54212879025664,
MOS US Equity,7793600000.0,14.42353,10.064566,0.962,3.59,4.8249997,43.154,-5.556482036542804,Basic Materials,Agricultural Inputs,68.85095606907132,
MPC US Equity,65452949504.0,16.81075,11.312354,0.577,1.72,24.193001,142.647,3.925529705644478,Energy,Oil & Gas Refining & Marketing,40.057720471165425,
MPWR US Equity,74759561216.0,119.00235,58.636753,1.478,0.53,19.173999,0.683,0.5468150231899831,Technology,Semiconductors,51.6186701813958,
MRK US Equity,279108321280.0,15.506867,11.621252,0.275,3.01,36.882,95.959,4.258830278325982,Healthcare,Drug Manufacturers - General,23.93902553581226,
MRNA US Equity,22050228224.0,,-12.049942,1.336,,-28.868,15.087,-6.015810605335166,Healthcare,Biotechnology,44.192346160253784,
MS US Equity,303360704512.0,17.305254,15.156769,1.182,2.09,,455.747,,Financial Services,Capital Markets,29.412306267186633,
MRSH US Equity,84783333376.0,21.9375,15.504451,0.749,2.05,27.571,151.634,5.856546066641879,Financial Services,Insurance Brokers,31.2454325117719,
MSCI US Equity,44460011520.0,34.7253,27.11275,1.294,1.35,,,2.7127836785589747,Financial Services,Financial Data & Stock Exchanges,27.813646260876183,
MSFT US Equity,3217625186304.0,27.108328,22.902138,1.107,0.84,34.390998,31.539,1.6670874657596633,Technology,Software - Infrastructure,27.856544970585663,
MSI US Equity,73405489152.0,34.612854,24.192038,0.992,1.1,104.197,402.39,2.7194832526303117,Technology,Communication Equipment,19.23198581903115,
MTB US Equity,32310149120.0,12.209316,10.419611,0.598,2.76,10.291000499999999,,,Financial Services,Banks - Regional,21.049823500870943,
MTCH US Equity,,15.348739,9.0636835,1.303,2.11,,,,Communication Services,Internet Content & Information,30.15340833348834,
MTD US Equity,26627500032.0,31.155052,25.58961,1.435,,,,2.580333862263799,Healthcare,Diagnostics & Research,30.12111255328701,
NCLH US Equity,8669033472.0,20.684782,7.5581856,2.113,,23.285,703.028,-17.866268171677444,Consumer Cyclical,Travel Services,61.470094321851995,
MU US Equity,549747785728.0,22.9835,4.8230186,1.606,0.12,39.823002,14.902,0.5263322525561974,Technology,Semiconductors,74.20029683618777,
NDAQ US Equity,49316880384.0,27.951458,19.698223,1.024,1.25,15.253,77.878,3.3837297473126395,Financial Services,Financial Data & Stock Exchanges,28.28580798466403,
NDSN US Equity,15588727808.0,30.210812,22.571459,1.012,1.17,17.473,66.986,3.300238828571892,Industrials,Specialty Industrial Machinery,23.621705388293286,
NEM US Equity,121678725120.0,17.503912,10.477613,0.475,0.93,22.343999,16.738,7.804774475270242,Basic Materials,Gold,49.6999774993505,
NEE US Equity,187677261824.0,27.272728,20.537254,0.733,2.77,8.3739996,146.242,-8.103871889532794,Utilities,Utilities - Regulated Electric,16.571447826050065,
NFLX US Equity,393674391552.0,30.07742,24.270315,1.669,,48.494998,53.788,6.602836597403244,Communication Services,Entertainment,40.49720940332522,
NI US Equity,22419279872.0,24.02564,21.007648,0.61,2.56,9.07,139.284,-4.976074193147037,Utilities,Utilities - Regulated Gas,18.356940224715213,
NKE US Equity,67646918656.0,30.052631,24.306404,1.319,3.59,16.016,79.333,1.9422539416486264,Consumer Cyclical,Footwear & Accessories,55.85601812989308,
NOC US Equity,83745775616.0,18.483385,19.51557,0.046,1.57,28.511998,102.682,2.4737068165671237,Industrials,Aerospace & Defense,29.135648260336662,
NOW US Equity,107811217408.0,61.718563,20.514585,1.005,,15.488,18.536,4.592866433611547,Technology,Software - Application,57.058718504570585,
NRG US Equity,31771480064.0,37.306732,13.229994,1.338,1.27,41.548002000000004,989.054,3.43350390287943,Utilities,Utilities - Independent Power Producers,52.95808059915136,
NTAP US Equity,21988659200.0,18.627516,13.015744,1.292,1.87,112.58699999999999,236.097,5.0753435661961595,Technology,Software - Infrastructure,32.6045239192171,
NSC US Equity,66996572160.0,23.416798,22.268766,1.31,1.81,19.248,114.742,2.168021319853747,Industrials,Railroads,16.808028553813806,
NTRS US Equity,31102410752.0,17.573822,14.318952,1.242,1.91,14.462,,,Financial Services,Asset Management,31.37561002946824,
NUE US Equity,48802988032.0,28.492022,15.171524,1.745,1.05,9.361,32.765,-1.8510648885016203,Basic Materials,Steel,29.22990032516275,
NVR US Equity,18468904960.0,15.1342,14.459123,,,33.257,30.047,,Consumer Cyclical,Residential Construction,31.469540264355437,
NVDA US Equity,4921762512896.0,41.32653,18.01733,2.335,0.02,101.485,7.255,1.1810606108622759,Technology,Semiconductors,31.619736099597347,
NWS US Equity,16857320448.0,39.922077,24.550362,0.924,0.65,6.329,30.892,10.193642846742424,Communication Services,Entertainment,18.041603053771958,
NWSA US Equity,15354966016.0,34.61039,21.283901,0.924,0.75,6.329,30.892,11.191005165426215,Communication Services,Entertainment,18.83102208131829,
NXPI US Equity,57045409792.0,28.396227,13.5495825,1.467,1.8,20.698999,119.711,3.298687874907501,Technology,Semiconductors,30.073548339080713,
O US Equity,59061424128.0,54.136753,34.83148,0.796,5.11,2.702,73.505,4.530688935303555,Real Estate,REIT - Retail,15.04872179572969,
ODFL US Equity,45849464832.0,45.450413,36.176517,1.205,0.53,23.93,3.28,1.727656265787316,Industrials,Trucking,36.53563126696764,
OKE US Equity,54220431360.0,15.878228,13.976996,0.809,4.97,15.489,146.453,1.3378259040099234,Energy,Oil & Gas Midstream,25.873769540725927,
ON US Equity,35063885824.0,306.86206,21.95977,1.524,,1.498,42.294,4.449378667928896,Technology,Semiconductors,55.12821591523738,
OMC US Equity,24240371712.0,,6.2786007,0.751,4.1,0.479,86.307,18.58176020366135,Communication Services,Advertising Agencies,20.697885581069148,
ORCL US Equity,539258650624.0,33.662476,23.523539,1.597,1.07,57.572,415.265,-4.135028533375853,Technology,Software - Infrastructure,60.306711126206416,
ORLY US Equity,78750703616.0,31.622894,26.348938,0.598,,,,1.3100384690282232,Consumer Cyclical,Auto Parts,21.740683155982275,
OTIS US Equity,30273572864.0,20.712765,16.465986,,2.18,,,5.944954115872406,Industrials,Specialty Industrial Machinery,29.115660692502104,
OXY US Equity,56576208896.0,42.25926,15.969745,0.23,1.82,5.929,63.804,3.630280261046638,Energy,Oil & Gas E&P,42.374288039200465,
PANW US Equity,147859193856.0,101.22905,45.6051,0.766,,16.259001,4.887,1.933748597861691,Technology,Software - Infrastructure,48.25071658113219,
PAYC US Equity,7079100416.0,16.162329,11.195256,0.796,1.15,27.417,5.215,3.6865560970169464,Technology,Software - Application,42.76769216768708,
PCAR US Equity,65878794240.0,27.77605,18.521832,1.064,1.05,12.922,81.937,4.310947145835315,Industrials,Farm & Heavy Construction Machinery,25.844737461967515,
PAYX US Equity,33475117056.0,20.624723,15.82937,,4.62,,124.91,,Technology,Software - Application,27.801511558842286,
PCG US Equity,37173477376.0,14.305084,9.357814,0.343,1.18,8.207,187.043,-9.182958735530914,Utilities,Utilities - Regulated Electric,26.547228585418452,
PEG US Equity,39188578304.0,18.604267,16.722258,0.598,3.41,12.757,142.68,-0.267935211084916,Utilities,Utilities - Regulated Electric,21.549577714470605,
PEP US Equity,210221842432.0,24.142857,16.802122,0.41,3.7,43.879002,244.837,4.160485960363101,Consumer Defensive,Beverages - Non-Alcoholic,18.838210340440988,
PFE US Equity,152447942656.0,19.705881,9.527601,0.388,6.42,8.886,77.957,8.809646302872833,Healthcare,Drug Manufacturers - General,22.559005981446052,
PFG US Equity,21126246400.0,18.558096,9.629431,0.882,3.21,10.524000000000001,34.915,4.918230547571385,Financial Services,Asset Management,22.832745853671955,
PG US Equity,333802373120.0,21.131657,19.798317,0.403,2.98,31.562,68.719,3.9704256300285463,Consumer Defensive,Household & Personal Products,19.88871638844185,
PGR US Equity,118577815552.0,10.310783,12.562633,0.327,6.86,37.903,26.174,,Financial Services,Insurance - Property & Casualty,24.87299754708211,
PH US Equity,120464842752.0,34.84593,28.049774,1.25,0.75,25.781,68.925,2.0531509438748152,Industrials,Specialty Industrial Machinery,34.363159469292,
PHM US Equity,24509577216.0,11.481548,11.605722,1.341,0.82,17.673999000000002,18.453,6.119172969743976,Consumer Cyclical,Residential Construction,35.5482063248327,
PKG US Equity,18310156288.0,23.920746,17.262638,0.918,2.44,17.198,94.93,2.2642487670720204,Consumer Cyclical,Packaging & Containers,29.23548853412356,
PLTR US Equity,365017530368.0,242.25397,81.944496,1.674,,25.983,3.063,0.345440504933771,Technology,Software - Infrastructure,54.34386633724373,
PLD US Equity,131836059648.0,39.72472,41.546707,1.412,3.03,6.844,59.828,,Real Estate,REIT - Industrial,21.474455223668524,
PM US Equity,255521046528.0,23.091549,17.969723,,3.59,,,,Consumer Defensive,Tobacco,35.68277764282078,
PNC US Equity,90782654464.0,13.069687,10.746557,0.956,3.02,12.104,,,Financial Services,Banks - Regional,19.52696923986432,
PNR US Equity,14625920000.0,22.79898,15.400798,1.242,1.16,17.478001000000003,45.645,4.098203736927318,Industrials,Specialty Industrial Machinery,25.77446395245237,
PNW US Equity,12199386112.0,19.960396,18.050962,0.476,3.61,9.059000000000001,201.771,-4.933722881415757,Utilities,Utilities - Regulated Electric,16.19666902311355,
PODD US Equity,13630044160.0,55.478508,23.96186,1.47,,18.124000000000002,66.176,1.136460001021743,Healthcare,Medical Devices,33.47289612106521,
POOL US Equity,8616442880.0,21.607012,19.688807,1.262,2.13,33.058998,129.513,2.357212539195757,Industrials,Industrial Distribution,26.074770013550864,
PPL US Equity,28416796672.0,23.761005,17.860855,0.68,3.02,8.157,131.147,-4.695726458551901,Utilities,Utilities - Regulated Electric,15.481993157775573,
PPG US Equity,24991594496.0,16.137283,12.988629,1.155,2.54,21.077,97.592,2.156224998313929,Basic Materials,Specialty Chemicals,41.064256301400654,
PRU US Equity,33007800320.0,9.494494,6.238231,0.94,5.75,11.359999,124.482,38.22997824048882,Financial Services,Insurance - Life,27.100048452751725,
PSA US Equity,53507039232.0,33.792683,29.095945,0.999,3.94,18.762999999999998,110.464,4.319990014729881,Real Estate,REIT - Industrial,28.44383661938811,
PSX US Equity,64417849344.0,14.874999,10.681338,0.755,3.16,15.427,71.38,1.9579201430099828,Energy,Oil & Gas Refining & Marketing,36.40032466387563,
PSKY US Equity,13118544896.0,393.33334,12.568033,1.388,1.69,-0.8630000000000001,117.11,120.74605113277343,Communication Services,Entertainment,45.18369181619257,
PTC US Equity,16730854400.0,20.706923,16.882584,1.058,,23.141001,35.942,4.703157299605691,Technology,Software - Application,28.322202532789404,
PWR US Equity,92101820416.0,90.12923,39.894547,1.106,0.07,12.739,71.102,0.8899846151766209,Industrials,Engineering & Construction,30.53143312028318,
Q US Equity,29195003904.0,42.19697,31.752367,,0.23,7.9840004,61.431,2.659701538500606,Technology,Semiconductor Equipment & Materials,58.34795287782729,
PYPL US Equity,47156436992.0,9.467653,8.832009,1.411,1.09,25.732001999999998,60.703,6.943378662292638,Financial Services,Credit Services,32.30370924394293,
QCOM US Equity,145328914432.0,27.378273,12.350453,1.279,2.7,21.48,64.218,7.172264988518262,Technology,Semiconductors,20.619493389023578,
RCL US Equity,71863148544.0,17.006403,13.259055,1.941,1.6,47.731,215.09,-0.27500185561588525,Consumer Cyclical,Travel Services,53.70614319985493,
REG US Equity,14766802944.0,28.014185,31.110445,0.922,3.82,7.683,69.389,4.547538275865273,Real Estate,REIT - Retail,14.75685297260984,
REGN US Equity,78928297984.0,17.985546,14.210775,0.397,0.5,14.864999000000001,9.511,4.128272109276351,Healthcare,Biotechnology,22.981042065841137,
RF US Equity,24100261888.0,11.705394,9.882364,1.045,3.76,11.895,,,Financial Services,Banks - Regional,23.301168189005875,
RJF US Equity,30513049600.0,15.104595,11.51342,1.01,1.4,17.124,46.262,,Financial Services,Asset Management,24.931146940066448,
RL US Equity,22757834752.0,25.512577,20.848448,1.479,0.97,33.846,98.972,2.5132004965882615,Consumer Cyclical,Apparel Manufacturing,42.17622547171524,
RMD US Equity,32410353664.0,21.984158,18.227999,0.928,1.08,25.676,13.411,4.3732940365115045,Healthcare,Medical Instruments & Supplies,21.243548487166912,
ROK US Equity,45762551808.0,46.51657,29.620302,1.541,1.36,23.735999999999997,99.289,2.240915314999385,Industrials,Specialty Industrial Machinery,29.61290162025293,
ROL US Equity,26663622656.0,50.752293,39.596592,0.84,1.32,38.944,75.529,2.082285453717456,Consumer Cyclical,Personal Services,19.325284116885694,
ROP US Equity,37540753408.0,25.703314,15.601134,0.89,1.0,7.929,47.957,5.643466749254219,Technology,Software - Application,20.182279794784623,
ROST US Equity,73208520704.0,34.242058,27.98695,0.927,0.79,36.678,84.241,2.235977889265779,Consumer Cyclical,Apparel Retail,23.40287172542781,
RSG US Equity,63425613824.0,29.925655,25.50937,0.535,1.22,18.301001,115.348,2.7908678360006536,Industrials,Waste Management,15.397996475695894,
RTX US Equity,243628490752.0,33.878277,24.007633,0.428,1.5,11.571,57.229,2.9690186109485714,Industrials,Aerospace & Defense,25.54046349951357,
SBAC US Equity,22470381568.0,21.596329,26.535503,0.88,2.36,,,4.0875083372327,Real Estate,REIT - Specialty,62.99233892433238,
RVTY US Equity,10540817408.0,45.76699,15.701322,1.129,0.3,3.216,46.869,4.964275954565515,Healthcare,Diagnostics & Research,34.185456281718366,
SBUX US Equity,113383129088.0,82.93333,34.20319,0.944,2.49,,,-1.2694900304637464,Consumer Cyclical,Restaurants,34.58458512108734,
SCHW US Equity,160695222272.0,18.232603,13.12712,0.901,1.4,19.09,67.073,,Financial Services,Capital Markets,32.09761915562772,
SJM US Equity,10134893568.0,,9.44722,0.259,4.63,-20.683001,143.204,8.726904945431393,Consumer Defensive,Packaged Foods,18.386054762801276,
SHW US Equity,83041714176.0,32.66569,25.083279,1.269,0.95,59.391000000000005,306.061,2.322612864074797,Basic Materials,Specialty Chemicals,32.7601903496698,
SLB US Equity,81586593792.0,23.12766,16.271189,0.695,2.17,13.904001,45.975,3.002025129574857,Energy,Oil & Gas Equipment & Services,42.3380386029747,
SMCI US Equity,17522063360.0,21.29927,9.767691,1.629,,13.193,75.28,0.5905697170130538,Technology,Computer Hardware,135.02668086900402,
SNA US Equity,19905687552.0,19.915625,17.942005,0.761,2.55,18.327999000000002,21.711,3.2166687552355686,Industrials,Tools & Accessories,22.806052643552714,
SNDK US Equity,144511680512.0,,8.5594845,,,-9.372,7.96,0.8660199836898842,Technology,Computer Hardware,92.56154367099754,
SNPS US Equity,91424899072.0,72.97554,27.992659,1.148,,5.5430003,35.579,3.386629348709072,Technology,Software - Infrastructure,41.1514969748874,
SO US Equity,103565426688.0,23.436224,18.683245,0.405,3.31,11.043,190.586,-3.3410038838771285,Utilities,Utilities - Regulated Electric,15.84746307626665,
SOLV US Equity,11990102016.0,7.7826576,9.833076,0.774,,38.861000000000004,103.941,5.2814395003059165,Healthcare,Medical Instruments & Supplies,28.442827011847054,
SPG US Equity,76768075776.0,14.222848,29.17613,1.403,4.29,104.10900000000001,435.463,3.0462202528346984,Real Estate,REIT - Retail,22.540896916508522,
SPGI US Equity,134179127296.0,30.673496,20.337843,1.204,0.86,13.086999999999998,37.912,3.635252261880981,Financial Services,Financial Data & Stock Exchanges,27.138751951649848,
SRE US Equity,60354859008.0,33.592728,16.71552,0.677,2.85,5.1909998,83.385,-45.94141135235638,Utilities,Utilities - Diversified,20.202885992309884,
STE US Equity,21940764672.0,31.1351,20.17827,1.07,1.1,10.468,28.651,3.9683928842787783,Healthcare,Medical Devices,23.853059779177674,
STLD US Equity,32954951680.0,24.40558,13.463705,1.4,0.89,15.247,48.123,-0.09646160707100147,Basic Materials,Steel,39.780446007940014,
STT US Equity,42478178304.0,15.47208,11.091662,1.384,2.2,11.261000000000001,,,Financial Services,Asset Management,24.588874653685863,
STX US Equity,129907834880.0,65.37543,27.785471,1.634,0.51,,1046.623,0.8432901933989958,Technology,Computer Hardware,65.25985513593837,
STZ US Equity,27311847424.0,16.307693,12.586357,0.432,2.63,22.636999,126.012,7.893140286459152,Consumer Defensive,Beverages - Brewers,29.917893719606496,
SW US Equity,20807639040.0,29.842104,12.736012,1.054,4.56,3.911,81.007,7.0154524172291675,Consumer Cyclical,Packaging & Containers,48.88596380442203,
SWK US Equity,11755182080.0,28.566036,12.397763,1.201,4.39,4.522,70.024,7.270836182573193,Industrials,Tools & Accessories,46.41713191790694,
SWKS US Equity,9290576896.0,23.666668,12.373377,1.3,4.6,6.485,20.714,11.836590604760653,Technology,Semiconductors,27.246996028047533,
SYF US Equity,27352352768.0,8.145963,7.540513,1.381,1.52,21.78,,,Financial Services,Credit Services,24.39614298775666,
SYK US Equity,126135869440.0,39.208336,19.669676,0.926,1.07,15.079,72.971,3.3060580424219737,Healthcare,Medical Devices,25.483763894308957,
SYY US Equity,36173631488.0,20.35849,15.065383,0.693,2.91,82.345,640.248,4.846071195759067,Consumer Defensive,Food Distribution,53.661146466426956,
T US Equity,181396144128.0,8.546053,10.202318,,4.27,18.370001,123.266,5.6932714295804505,Communication Services,Telecom Services,23.556805088123838,
TAP US Equity,8039782912.0,,8.553978,0.499,4.5,-18.172,61.772,8.700484075956105,Consumer Defensive,Beverages - Brewers,27.957966719080783,
TDG US Equity,67076476928.0,38.16677,25.844221,0.955,,,,1.9779660661428828,Industrials,Aerospace & Defense,36.667263772077526,
TDY US Equity,30416097280.0,33.216488,25.463099,,,9.049,23.133,2.5113758710335112,Technology,Scientific & Technical Instruments,27.491870850854273,
TECH US Equity,9165034496.0,110.52831,27.097916,1.486,0.55,3.966,17.449,2.8438245825888924,Healthcare,Biotechnology,33.593852416452144,
TEL US Equity,64860708864.0,22.57814,17.745777,,1.32,22.719998999999998,42.258,3.6821215090443817,Technology,Electronic Components,46.78271842767806,
TER US Equity,60303556608.0,111.00288,46.196896,1.794,0.14,19.733999999999998,10.131,0.4487776164832338,Technology,Semiconductor Equipment & Materials,61.5751712755106,
TFC US Equity,63477538816.0,12.611386,9.937818,0.869,4.08,8.579001,,,Financial Services,Banks - Regional,23.09146684414683,
TGT US Equity,59142942720.0,16.044226,15.342812,1.032,3.49,24.034001,125.518,4.379432163635162,Consumer Defensive,Discount Stores,27.09962572583169,
TJX US Equity,175975710720.0,32.540043,27.967943,0.727,1.21,59.129,132.375,2.2116688627515604,Consumer Cyclical,Apparel Retail,21.990900958096375,
TKO US Equity,14700078080.0,82.78222,49.8044,0.406,1.68,5.6339998,43.924,5.169741901126011,Communication Services,Entertainment,33.346499890788486,
TMO US Equity,191005949952.0,28.989283,18.936047,0.972,0.34,13.024000999999998,77.255,2.298815894009287,Healthcare,Diagnostics & Research,29.849054975638794,
TMUS US Equity,211308265472.0,19.416239,13.4938135,0.422,2.16,18.177,208.851,3.784281674991837,Communication Services,Telecom Services,24.299638605628385,
TPL US Equity,30299811840.0,62.875538,6.0106673,0.773,0.55,37.152,1.219,-0.2713944246064334,Energy,Oil & Gas E&P,68.16148980936825,
TPR US Equity,29913655296.0,56.436295,20.28077,1.61,1.09,55.337,715.475,4.744321568049134,Consumer Cyclical,Luxury Goods,36.40911334796358,
TRGP US Equity,50885537792.0,27.850588,20.52879,0.811,1.8,51.381,548.63,-0.5195975349238969,Energy,Oil & Gas Midstream,23.429389626156752,
TRMB US Equity,16162182144.0,39.25568,17.087822,1.536,,7.321999999999999,26.749,3.2347891351669205,Technology,Scientific & Technical Instruments,29.871986516618033,
TROW US Equity,21859627008.0,10.848485,10.485421,1.523,5.19,18.791,3.891,8.541202204944778,Financial Services,Asset Management,19.53048338503931,
TRV US Equity,64150646784.0,9.0,10.615123,0.522,1.66,25.272,28.975,20.739269146882993,Financial Services,Insurance - Property & Casualty,16.986475555221013,
TSCO US Equity,20506646528.0,19.192118,16.666023,0.747,2.46,45.504,254.949,1.710304098337653,Consumer Cyclical,Specialty Retail,45.592520907412414,
TSLA US Equity,1454104903680.0,355.51376,140.78987,1.915,,4.9250003,17.763,0.2566957092678525,Consumer Cyclical,Auto Manufacturers,44.58675516725828,
TSN US Equity,22726699008.0,115.26786,14.668355,0.434,3.16,1.2560000999999998,46.039,5.074428308282015,Consumer Defensive,Farm Products,24.2410994915764,
TTD US Equity,11214019584.0,26.177778,9.903237,1.174,,16.317,17.563,5.364230475023219,Communication Services,Advertising Agencies,59.33334042178363,
TT US Equity,105811640320.0,36.37119,28.326117,1.212,0.88,36.956,63.247,1.8295127399457747,Industrials,Building Products & Equipment,33.73494353533303,
TTWO US Equity,40403431424.0,,27.69137,0.965,,-86.217004,100.449,3.675368461694349,Communication Services,Electronic Gaming & Multimedia,27.907507970746835,
TXN US Equity,215151591424.0,43.28022,29.64287,0.994,2.4,30.148000000000003,90.819,-0.13972705942367736,Technology,Semiconductors,32.00619916578892,
TYL US Equity,14889262080.0,48.108334,24.429758,0.921,,8.901,17.355,3.38198004235815,Technology,Software - Application,27.699716064974407,
TXT US Equity,15580570624.0,17.472656,12.262437,0.971,0.09,12.242,54.375,5.475569621858799,Industrials,Aerospace & Defense,23.660842895492255,
UAL US Equity,29773594624.0,8.991177,6.3797507,1.286,,25.726998000000002,195.081,5.540144053249,Industrials,Airlines,57.707173513916175,
UBER US Equity,155552415744.0,15.978859,17.607414,1.206,,39.925998,43.806,4.079734004545528,Technology,Software - Application,35.597013130844054,
UDR US Equity,12992636928.0,30.539822,62.74545,0.72,5.04,9.378,144.726,6.869090831566721,Real Estate,REIT - Residential,20.95341143565642,
UHS US Equity,11039578112.0,7.8233767,7.0641155,1.295,0.44,21.326,69.729,5.120238565870297,Healthcare,Medical Care Facilities,24.08143403578823,
ULTA US Equity,24663523328.0,21.976227,17.869717,0.953,,43.595,77.835,3.649503422644157,Consumer Cyclical,Specialty Retail,53.94441249736385,
UNH US Equity,321071513600.0,26.7413,17.093653,0.408,2.5,12.537999999999998,81.618,4.317807507915894,Healthcare,Healthcare Plans,40.304346218670176,
UNP US Equity,148063354880.0,20.83542,18.369896,0.968,2.21,40.377,177.733,2.646164630792945,Industrials,Railroads,15.923803398690781,
UPS US Equity,89470558208.0,16.05183,13.292787,1.098,6.23,33.772000000000006,175.884,5.797297998232692,Industrials,Integrated Freight & Logistics,21.706072133020456,
URI US Equity,50574282752.0,20.79228,15.278092,1.681,0.98,28.357,174.732,3.816663092317739,Industrials,Rental & Leasing Services,30.469442682248488,
USB US Equity,88013004800.0,11.865828,10.0493765,1.034,3.64,12.350000399999999,,,Financial Services,Banks - Regional,18.768225492075015,
VICI US Equity,30145490944.0,10.804599,9.559322,0.728,6.32,10.217,62.679,4.865771649646815,Real Estate,REIT - Diversified,21.89418404036905,
V US Equity,600179474432.0,29.22911,21.393179,0.799,0.86,53.954,54.612,3.670943745760543,Financial Services,Credit Services,20.26880018112734,
VLO US Equity,70079791104.0,30.959047,13.243372,0.612,2.05,8.299,43.988,5.307699839572855,Energy,Oil & Gas Refining & Marketing,45.657825265190304,
VLTO US Equity,22058059776.0,23.670214,19.496765,1.153,0.58,36.498000000000005,92.692,3.696494543401132,Industrials,Pollution & Treatment Controls,18.38519600078979,
VRSK US Equity,24676423680.0,27.64915,20.811205,0.819,1.12,437.94603,1581.795,4.10589286818405,Industrials,Consulting Services,33.24630199308915,
VMC US Equity,37882675200.0,35.596317,27.120102,1.095,0.72,12.972,57.785,1.0797482010985329,Basic Materials,Building Materials,27.219540642806933,
VRSN US Equity,24743409664.0,30.59297,26.3494,0.695,1.2,,,3.3289671035048505,Technology,Software - Infrastructure,31.82008792597807,
VRTX US Equity,111325626368.0,28.568539,20.06913,0.367,,22.541,10.908,2.3113389611609034,Healthcare,Biotechnology,25.18969214784651,
VST US Equity,52742590464.0,71.463295,13.866957,1.498,0.59,17.656,399.55,-0.8707383918002014,Utilities,Utilities - Independent Power Producers,52.882880722645744,
VTR US Equity,38084599808.0,148.33333,83.72793,0.768,2.6,2.17,101.996,3.1876767988119594,Real Estate,REIT - Healthcare Facilities,19.55893967597867,
VTRS US Equity,16907390976.0,,5.454587,0.822,3.31,-21.080999,99.91,14.38106212514666,Healthcare,Drug Manufacturers - Specialty & Generic,29.10303754087448,
VZ US Equity,193929117696.0,11.325123,8.750928,0.27,6.15,17.069000000000003,174.78,8.890490503353442,Communication Services,Telecom Services,20.20705764507131,
WAB US Equity,44593651712.0,37.042492,21.916393,0.987,0.41,11.305001,42.22,6.702467488653108,Industrials,Railroads,32.74892573133103,
WAT US Equity,32824576000.0,31.047354,20.46235,1.203,,29.279,60.282,1.301349232964959,Healthcare,Diagnostics & Research,28.727805954317954,
WBD US Equity,68509978624.0,94.24138,-1639.4722,1.637,,2.078,98.91,23.38017079805183,Communication Services,Entertainment,10.390429249122008,
WDAY US Equity,33295800320.0,48.69231,10.178616,1.141,,8.231,48.956,9.048438695105677,Technology,Software - Application,47.54650331454902,
WDC US Equity,133033017344.0,36.77694,27.453686,1.829,0.13,41.126000000000005,65.436,2.931133324531685,Technology,Computer Hardware,72.15242483617025,
WEC US Equity,36927819776.0,23.571726,18.87807,0.525,3.36,11.576,159.331,-5.793294824814951,Utilities,Utilities - Regulated Electric,17.265731660139274,
WELL US Equity,140694732800.0,140.6338,60.69909,0.821,1.48,2.5390001,49.488,1.6243986413114677,Real Estate,REIT - Healthcare Facilities,24.51277232268809,
WFC US Equity,247779852288.0,12.454406,10.22,1.056,2.23,12.028,,,Financial Services,Banks - Diversified,30.275881980389833,
WM US Equity,90318979072.0,33.422386,23.99544,0.547,1.53,29.696,239.385,1.9176478939374342,Industrials,Waste Management,14.750164320371487,
WMB US Equity,86945128448.0,33.224297,27.198862,0.653,2.95,18.555,197.026,-0.4065782710430069,Energy,Oil & Gas Midstream,17.00236905258491,
WMT US Equity,1036252872704.0,47.61172,39.599556,0.661,0.76,21.847,64.443,1.018501421613406,Consumer Defensive,Discount Stores,23.46850286931029,
WRB US Equity,25278132224.0,14.300848,13.992914,0.373,0.53,,31.921,,Financial Services,Insurance - Property & Casualty,20.405345225234854,
WSM US Equity,23480674304.0,22.317873,19.44972,1.578,1.54,51.523995,69.957,3.6948908228423596,Consumer Cyclical,Specialty Retail,30.832738400402746,
WST US Equity,19779913728.0,40.47345,30.86286,1.151,0.32,16.855,10.271,1.3846117418212431,Healthcare,Medical Instruments & Supplies,24.030977274975722,
WTW US Equity,27550674944.0,17.921278,13.012065,0.63,1.32,20.076,85.755,6.966707639291438,Financial Services,Insurance Brokers,21.485546355990355,
WY US Equity,17860227072.0,55.044445,36.445766,0.998,3.39,3.3840000000000003,60.694,-0.8202583282363322,Real Estate,REIT - Specialty,29.002892616129223,
WYNN US Equity,11120771072.0,33.96178,18.538157,1.034,0.94,,,3.72705264155266,Consumer Cyclical,Resorts & Casinos,32.24103634371106,
XEL US Equity,48753307648.0,22.839182,17.252842,0.44,3.03,9.358,152.832,-14.395434030182994,Utilities,Utilities - Regulated Electric,20.974659855869263,
XOM US Equity,621405601792.0,22.313433,14.885871,0.288,2.76,11.0810004,18.936,1.968078453868461,Energy,Oil & Gas Integrated,32.07566682637912,
XYL US Equity,29531955200.0,30.984694,20.03411,1.174,1.42,8.396,21.066,3.0246896216339922,Industrials,Specialty Industrial Machinery,25.233022437163633,
XYZ US Equity,44055715840.0,34.52381,15.181721,2.613,,6.0100004,40.444,-2.347687704715321,Technology,Software - Infrastructure,46.11673741066763,
YUM US Equity,43968978944.0,28.659458,21.294512,0.662,1.89,,,2.9793732569238167,Consumer Cyclical,Restaurants,19.86769854301394,
ZBH US Equity,18203461632.0,26.208452,10.346228,0.612,1.03,5.599,61.971,7.427158786234972,Healthcare,Medical Devices,24.044902599841127,
ZBRA US Equity,11368203264.0,28.251833,11.505388,1.655,,11.6809994,75.167,5.792471797942687,Technology,Communication Equipment,31.497431982303368,
ZTS US Equity,49608445952.0,19.521595,15.521998,0.974,1.8,65.99199999999999,279.586,3.6100203778461633,Healthcare,Drug Manufacturers - Specialty & Generic,29.572916727435477,
