date,rate_3m,rate_6m,rate_2y,rate_10y
2018-01-01,1.3757,1.527,1.883,2.4054
2018-01-02,1.3884,1.5552,1.9191,2.4633
2018-01-03,1.3913,1.5839,1.9313,2.4471
2018-01-04,1.3964,1.5839,1.9515,2.4525
2018-01-05,1.3936,1.5759,1.9599,2.4763
2018-01-08,1.4063,1.5707,1.9579,2.48
2018-01-09,1.4245,1.5942,1.9682,2.553
2018-01-10,1.4194,1.5788,1.9724,2.5568
2018-01-11,1.427,1.5839,1.9786,2.5367
2018-01-12,1.437,1.5939,1.9976,2.5462
2018-01-15,1.437,1.5939,1.9976,2.5462
2018-01-16,1.419,1.5912,2.0142,2.5371
2018-01-17,1.4398,1.6251,2.0431,2.5904
2018-01-18,1.427,1.6173,2.0434,2.6256
2018-01-19,1.4268,1.6171,2.0647,2.6592
2018-01-22,1.4166,1.6196,2.0608,2.65
2018-01-23,1.4348,1.6277,2.0403,2.6131
2018-01-24,1.4296,1.6226,2.0762,2.6465
2018-01-25,1.4168,1.6251,2.0842,2.617
2018-01-26,1.4115,1.6274,2.1163,2.6599
2018-01-29,1.4038,1.6248,2.1163,2.6936
2018-01-30,1.4424,1.6561,2.1243,2.7199
2018-01-31,1.4551,1.6483,2.1406,2.705
2018-02-01,1.478,1.6431,2.1609,2.7896
2018-02-02,1.4728,1.6274,2.1413,2.8411
2018-02-05,1.4804,1.6145,2.0241,2.7056
2018-02-06,1.5165,1.6844,2.1051,2.8016
2018-02-07,1.5419,1.7205,2.1235,2.8359
2018-02-08,1.5393,1.723,2.1034,2.824
2018-02-09,1.5545,1.7331,2.0732,2.8512
2018-02-12,1.5697,1.7742,2.0753,2.8585
2018-02-13,1.5829,1.7876,2.104,2.8294
2018-02-14,1.5726,1.7927,2.1636,2.9022
2018-02-15,1.5879,1.8159,2.1844,2.9095
2018-02-16,1.5901,1.8207,2.1895,2.8749
2018-02-19,1.5901,1.8207,2.1895,2.8749
2018-02-20,1.5952,1.8206,2.2187,2.8896
2018-02-21,1.639,1.8469,2.2661,2.95
2018-02-22,1.6338,1.8417,2.246,2.9207
2018-02-23,1.6387,1.844,2.238,2.866
2018-02-26,1.6387,1.8413,2.2219,2.8623
2018-02-27,1.6596,1.8598,2.26,2.8934
2018-02-28,1.6518,1.8469,2.25,2.8606
2018-03-01,1.6109,1.8288,2.2117,2.8078
2018-03-02,1.6387,1.8336,2.2418,2.8643
2018-03-05,1.6565,1.8387,2.2378,2.8808
2018-03-06,1.6621,1.865,2.2499,2.8863
2018-03-07,1.6748,1.8702,2.2519,2.8827
2018-03-08,1.6543,1.8701,2.2498,2.8571
2018-03-09,1.6592,1.8672,2.258,2.8938
2018-03-12,1.6744,1.8697,2.262,2.8681
2018-03-13,1.703,1.8857,2.2539,2.8426
2018-03-14,1.7489,1.9399,2.258,2.817
2018-03-15,1.7616,1.9372,2.2846,2.828
2018-03-16,1.7691,1.9395,2.2909,2.8445
2018-03-19,1.7562,1.9549,2.3075,2.8555
2018-03-20,1.7874,1.958,2.3448,2.8959
2018-03-21,1.7413,1.9347,2.3055,2.883
2018-03-22,1.7105,1.9217,2.2786,2.8244
2018-03-23,1.7154,1.8982,2.2538,2.8135
2018-03-26,1.7383,1.911,2.2704,2.852
2018-03-27,1.7516,1.927,2.2641,2.7753
2018-03-28,1.7183,1.9244,2.2842,2.7807
2018-03-29,1.7001,1.9137,2.2661,2.7389
2018-03-30,1.7001,1.9137,2.2661,2.7389
2018-04-02,1.7153,1.9084,2.2459,2.7298
2018-04-03,1.7388,1.9192,2.2782,2.7753
2018-04-04,1.6953,1.8986,2.2924,2.8027
2018-04-05,1.7054,1.9088,2.3026,2.832
2018-04-06,1.7077,1.893,2.2661,2.7735
2018-04-09,1.7076,1.9032,2.2783,2.779
2018-04-10,1.7209,1.9219,2.3069,2.8009
2018-04-11,1.7208,1.9244,2.307,2.7808
2018-04-12,1.7437,1.9398,2.348,2.8358
2018-04-13,1.7486,1.9524,2.3566,2.8267
2018-04-16,1.7409,1.9626,2.3773,2.8267
2018-04-17,1.7797,1.9916,2.394,2.8285
2018-04-18,1.8078,1.9968,2.4293,2.8728
2018-04-19,1.8102,1.9967,2.4275,2.9098
2018-04-20,1.7997,1.9989,2.4573,2.9602
2018-04-23,1.8175,2.0066,2.4764,2.9752
2018-04-24,1.8488,2.0304,2.4746,2.9995
2018-04-25,1.8436,2.0175,2.4878,3.0259
2018-04-26,1.8077,1.9992,2.4817,2.9809
2018-04-27,1.8023,2.0041,2.4838,2.9568
2018-04-30,1.7996,2.0014,2.4879,2.9531
2018-05-01,1.8309,2.0278,2.5042,2.9644
2018-05-02,1.8231,2.0226,2.4882,2.9663
2018-05-03,1.823,2.0199,2.4762,2.9458
2018-05-04,1.8253,2.0222,2.4969,2.9497
2018-05-07,1.8252,2.0272,2.497,2.9497
2018-05-08,1.8539,2.0227,2.5094,2.976
2018-05-09,1.8794,2.0511,2.53,3.0042
2018-05-10,1.8844,2.038,2.5302,2.9622
2018-05-11,1.8995,2.0429,2.5349,2.9695
2018-05-14,1.8942,2.0453,2.5475,3.0024
2018-05-15,1.9,2.0795,2.5745,3.0723
2018-05-16,1.8973,2.0795,2.5851,3.0964
2018-05-17,1.8998,2.0742,2.5647,3.1112
2018-05-18,1.8816,2.0791,2.5467,3.0559
2018-05-21,1.8994,2.097,2.5656,3.0596
2018-05-22,1.9204,2.1236,2.568,3.0597
2018-05-23,1.905,2.0925,2.5282,2.9935
2018-05-24,1.8921,2.0795,2.5081,2.977
2018-05-25,1.8891,2.0635,2.4758,2.9313
2018-05-28,1.8891,2.0635,2.4758,2.9313
2018-05-29,1.8737,2.0221,2.3191,2.781
2018-05-30,1.9127,2.0692,2.4115,2.855
2018-05-31,1.8946,2.0768,2.4274,2.8586
2018-06-01,1.9046,2.0868,2.4716,2.9022
2018-06-04,1.9019,2.0945,2.5161,2.9424
2018-06-05,1.9332,2.1158,2.4918,2.9277
2018-06-06,1.9331,2.1184,2.5161,2.9717
2018-06-07,1.9202,2.1105,2.4876,2.9204
2018-06-08,1.9071,2.1023,2.4977,2.9461
2018-06-11,1.8968,2.0815,2.5202,2.9516
2018-06-12,1.9153,2.0847,2.5387,2.9608
2018-06-13,1.9203,2.0744,2.5675,2.9663
2018-06-14,1.9228,2.0561,2.5635,2.9351
2018-06-15,1.9174,2.0584,2.5471,2.9205
2018-06-18,1.9198,2.0867,2.5492,2.9169
2018-06-19,1.923,2.1209,2.5452,2.8967
2018-06-20,1.9229,2.1184,2.5659,2.9389
2018-06-21,1.9279,2.1027,2.5369,2.8967
2018-06-22,1.9071,2.0842,2.5412,2.8949
2018-06-25,1.884,2.0841,2.5329,2.8803
2018-06-26,1.9153,2.1209,2.5329,2.8766
2018-06-27,1.9178,2.0925,2.504,2.8256
2018-06-28,1.9126,2.1001,2.5101,2.8365
2018-06-29,1.9123,2.1049,2.5282,2.8601
2018-07-02,1.9249,2.11,2.5485,2.8711
2018-07-03,1.9613,2.1158,2.5242,2.8309
2018-07-04,1.9613,2.1158,2.5242,2.8309
2018-07-05,1.9433,2.0975,2.5507,2.8291
2018-07-06,1.9404,2.1049,2.5365,2.8217
2018-07-09,1.9505,2.1152,2.559,2.8564
2018-07-10,1.9691,2.1391,2.5693,2.8491
2018-07-11,1.9536,2.1339,2.5776,2.8491
2018-07-12,1.9612,2.1571,2.5859,2.8454
2018-07-13,1.966,2.1541,2.578,2.8271
2018-07-16,1.9761,2.1514,2.5966,2.8582
2018-07-17,2.0075,2.1779,2.6154,2.86
2018-07-18,1.9971,2.1624,2.6093,2.8692
2018-07-19,1.9842,2.1364,2.5907,2.838
2018-07-20,1.9685,2.1334,2.5931,2.8931
2018-07-23,1.9556,2.1462,2.6287,2.9541
2018-07-24,1.9844,2.1831,2.6331,2.9486
2018-07-25,1.992,2.1831,2.6694,2.9746
2018-07-26,1.9816,2.1778,2.6815,2.9764
2018-07-27,1.9813,2.1774,2.6694,2.9542
2018-07-30,1.9812,2.1799,2.6613,2.9728
2018-07-31,2.0203,2.1909,2.6694,2.9598
2018-08-01,2.0176,2.2064,2.6776,3.0064
2018-08-02,2.0021,2.2063,2.6634,2.9859
2018-08-03,2.0018,2.2033,2.6432,2.9488
2018-08-06,2.0068,2.2032,2.6452,2.9395
2018-08-07,2.0433,2.2271,2.6697,2.973
2018-08-08,2.0483,2.2245,2.6677,2.96
2018-08-09,2.0431,2.2296,2.6452,2.9258
2018-08-10,2.0427,2.2162,2.6042,2.8732
2018-08-13,2.0375,2.2057,2.6124,2.8786
2018-08-14,2.0664,2.2349,2.637,2.8985
2018-08-15,2.0534,2.2297,2.6082,2.8623
2018-08-16,2.0456,2.2218,2.6164,2.8659
2018-08-17,2.0325,2.2188,2.6059,2.8605
2018-08-20,2.0324,2.2135,2.5851,2.819
2018-08-21,2.0614,2.2323,2.5954,2.8298
2018-08-22,2.0715,2.2245,2.5912,2.8189
2018-08-23,2.0739,2.2244,2.6162,2.8261
2018-08-24,2.0864,2.2344,2.6202,2.8098
2018-08-27,2.0965,2.2394,2.6412,2.8459
2018-08-28,2.1099,2.2583,2.6654,2.8804
2018-08-29,2.1175,2.2712,2.6755,2.884
2018-08-30,2.0969,2.2607,2.6492,2.855
2018-08-31,2.0938,2.2601,2.6269,2.8604
2018-09-03,2.0938,2.2601,2.6269,2.8604
2018-09-04,2.1091,2.2729,2.6533,2.8985
2018-09-05,2.1303,2.2945,2.6493,2.9022
2018-09-06,2.125,2.2918,2.633,2.8731
2018-09-07,2.1298,2.2991,2.7025,2.9388
2018-09-10,2.1245,2.3042,2.7108,2.9314
2018-09-11,2.1381,2.3179,2.7438,2.9755
2018-09-12,2.1354,2.3179,2.7481,2.9626
2018-09-13,2.1327,2.3203,2.7565,2.97
2018-09-14,2.1426,2.3277,2.7777,2.9959
2018-09-17,2.1476,2.3301,2.7779,2.9867
2018-09-18,2.1612,2.3542,2.7988,3.0551
2018-09-19,2.161,2.3594,2.7907,3.0626
2018-09-20,2.1609,2.3592,2.8034,3.0626
2018-09-21,2.1631,2.3691,2.7999,3.0628
2018-09-24,2.1655,2.3586,2.8169,3.0889
2018-09-25,2.2047,2.3672,2.8391,3.0964
2018-09-26,2.1918,2.3646,2.8148,3.048
2018-09-27,2.184,2.3644,2.8269,3.0518
2018-09-28,2.1964,2.364,2.8188,3.0612
2018-10-01,2.1937,2.3742,2.8189,3.0836
2018-10-02,2.2073,2.3957,2.8108,3.0631
2018-10-03,2.2174,2.4009,2.872,3.1813
2018-10-04,2.2121,2.4059,2.868,3.187
2018-10-05,2.209,2.4053,2.885,3.2328
2018-10-08,2.209,2.4053,2.885,3.2328
2018-10-09,2.2345,2.4207,2.8851,3.2063
2018-10-10,2.2584,2.4321,2.8421,3.1629
2018-10-11,2.2583,2.4371,2.8484,3.1498
2018-10-12,2.263,2.434,2.8528,3.1613
2018-10-15,2.2731,2.4546,2.855,3.1557
2018-10-16,2.297,2.458,2.8655,3.1633
2018-10-17,2.3046,2.4684,2.8885,3.205
2018-10-18,2.3044,2.4605,2.8741,3.1786
2018-10-19,2.304,2.4677,2.9038,3.1921
2018-10-22,2.3013,2.4624,2.9082,3.1978
2018-10-23,2.3227,2.4633,2.879,3.1676
2018-10-24,2.3276,2.458,2.8305,3.1035
2018-10-25,2.3249,2.4631,2.8467,3.1167
2018-10-26,2.3193,2.4626,2.8062,3.0755
2018-10-29,2.3038,2.4624,2.8164,3.0849
2018-10-30,2.3227,2.484,2.8507,3.1227
2018-10-31,2.3251,2.4892,2.8669,3.1435
2018-11-01,2.3147,2.4838,2.8445,3.1303
2018-11-02,2.3142,2.4911,2.9034,3.2121
2018-11-05,2.3115,2.4883,2.9075,3.2008
2018-11-06,2.338,2.51,2.9279,3.2276
2018-11-07,2.3533,2.51,2.9567,3.2355
2018-11-08,2.348,2.5098,2.965,3.2373
2018-11-09,2.3448,2.5143,2.9241,3.1819
2018-11-12,2.3448,2.5143,2.9241,3.1819
2018-11-13,2.337,2.5089,2.8911,3.1397
2018-11-14,2.3712,2.5126,2.8663,3.125
2018-11-15,2.3557,2.5098,2.8539,3.1103
2018-11-16,2.3424,2.4963,2.7998,3.0628
2018-11-19,2.3474,2.4961,2.7893,3.0628
2018-11-20,2.3791,2.5101,2.8037,3.0628
2018-11-21,2.3967,2.5202,2.8139,3.0627
2018-11-22,2.3967,2.5202,2.8139,3.0627
2018-11-23,2.3962,2.5197,2.8094,3.039
2018-11-26,2.3935,2.5221,2.8302,3.0535
2018-11-27,2.3893,2.5308,2.8329,3.0572
2018-11-28,2.3789,2.5204,2.8086,3.059
2018-11-29,2.3531,2.515,2.8086,3.0298
2018-11-30,2.3424,2.5197,2.7865,2.9879
2018-12-03,2.332,2.5351,2.8211,2.9697
2018-12-04,2.4071,2.562,2.7947,2.9136
2018-12-05,2.4071,2.562,2.7947,2.9136
2018-12-06,2.4018,2.5412,2.76,2.8955
2018-12-07,2.386,2.5327,2.7109,2.845
2018-12-10,2.373,2.5299,2.7292,2.8575
2018-12-11,2.3868,2.5516,2.7641,2.879
2018-12-12,2.4174,2.5464,2.7723,2.9096
2018-12-13,2.407,2.5436,2.762,2.9131
2018-12-14,2.4091,2.5353,2.733,2.8895
2018-12-17,2.3807,2.5325,2.6916,2.857
2018-12-18,2.3842,2.5205,2.6439,2.8175
2018-12-19,2.3943,2.536,2.6458,2.7548
2018-12-20,2.3788,2.5306,2.6706,2.8065
2018-12-21,2.3757,2.5275,2.6389,2.7902
2018-12-24,2.3729,2.4934,2.5593,2.7383
2018-12-25,2.3729,2.4934,2.5593,2.7383
2018-12-26,2.4251,2.5256,2.615,2.8079
2018-12-27,2.3993,2.4916,2.5625,2.7666
2018-12-28,2.3706,2.4652,2.5161,2.7182
2018-12-31,2.3549,2.4752,2.4878,2.6842
2019-01-01,2.3549,2.4752,2.4878,2.6842
2019-01-02,2.4097,2.4997,2.4676,2.6204
2019-01-03,2.3993,2.4632,2.3786,2.5535
2019-01-04,2.4065,2.4991,2.4937,2.6677
2019-01-07,2.4038,2.5015,2.5406,2.696
2019-01-08,2.4381,2.536,2.5855,2.728
2019-01-09,2.4354,2.5126,2.5529,2.71
2019-01-10,2.4224,2.5046,2.5755,2.7421
2019-01-11,2.4142,2.5015,2.5408,2.7007
2019-01-14,2.4115,2.4935,2.5347,2.7024
2019-01-15,2.4227,2.5049,2.5347,2.7112
2019-01-16,2.4071,2.4892,2.5409,2.7218
2019-01-17,2.3967,2.4864,2.5637,2.7504
2019-01-18,2.3935,2.4935,2.6139,2.7842
2019-01-21,2.3935,2.4935,2.6139,2.7842
2019-01-22,2.3934,2.4882,2.5869,2.7392
2019-01-23,2.3969,2.5048,2.5829,2.7409
2019-01-24,2.3531,2.4942,2.5642,2.7157
2019-01-25,2.3732,2.5015,2.6063,2.7585
2019-01-28,2.3807,2.4935,2.5897,2.744
2019-01-29,2.4073,2.51,2.5726,2.7098
2019-01-30,2.4123,2.4892,2.5081,2.6775
2019-01-31,2.3839,2.4527,2.4576,2.6293
2019-02-01,2.386,2.4574,2.5019,2.6842
2019-02-04,2.3781,2.465,2.5364,2.7235
2019-02-05,2.4047,2.4918,2.5222,2.6983
2019-02-06,2.4123,2.4944,2.5243,2.6946
2019-02-07,2.3967,2.476,2.4795,2.6572
2019-02-08,2.4116,2.4885,2.465,2.6339
2019-02-11,2.4243,2.4935,2.4854,2.6536
2019-02-12,2.4253,2.4893,2.5059,2.6877
2019-02-13,2.4277,2.5048,2.5305,2.7021
2019-02-14,2.4198,2.4994,2.4935,2.6536
2019-02-15,2.4192,2.4961,2.5141,2.6626
2019-02-18,2.4192,2.4961,2.5141,2.6626
2019-02-19,2.419,2.4934,2.4872,2.6339
2019-02-20,2.4354,2.4944,2.4975,2.6447
2019-02-21,2.4429,2.5098,2.5286,2.6914
2019-02-22,2.4424,2.5041,2.4933,2.6518
2019-02-25,2.4397,2.5039,2.5058,2.6626
2019-02-26,2.4381,2.5126,2.4819,2.6357
2019-02-27,2.4354,2.5074,2.498,2.6825
2019-02-28,2.4326,2.4942,2.5141,2.715
2019-03-01,2.4296,2.5015,2.5526,2.7531
2019-03-04,2.4243,2.4961,2.5405,2.7223
2019-03-05,2.433,2.5247,2.5446,2.7169
2019-03-06,2.4508,2.5221,2.5161,2.6934
2019-03-07,2.4455,2.5167,2.4734,2.6393
2019-03-08,2.4398,2.511,2.461,2.6285
2019-03-11,2.4269,2.516,2.4752,2.6393
2019-03-12,2.4407,2.4971,2.4506,2.6015
2019-03-13,2.4379,2.5048,2.4648,2.6213
2019-03-14,2.4352,2.5046,2.4607,2.6303
2019-03-15,2.4347,2.4989,2.4378,2.5871
2019-03-18,2.432,2.4961,2.4521,2.6033
2019-03-19,2.4432,2.509,2.4686,2.6123
2019-03-20,2.4533,2.4778,2.3961,2.5263
2019-03-21,2.4583,2.4724,2.4084,2.5369
2019-03-22,2.4424,2.4641,2.3166,2.439
2019-03-25,2.4422,2.4535,2.2416,2.3983
2019-03-26,2.4484,2.4752,2.2662,2.423
2019-03-27,2.42,2.4491,2.2,2.3665
2019-03-28,2.4147,2.4386,2.2359,2.3946
2019-03-29,2.3809,2.4225,2.26,2.405
2019-04-01,2.3781,2.4301,2.3326,2.5009
2019-04-02,2.41,2.4439,2.3024,2.4741
2019-04-03,2.4201,2.4439,2.3348,2.5241
2019-04-04,2.4225,2.4464,2.3369,2.5151
2019-04-05,2.422,2.4511,2.3393,2.4954
2019-04-08,2.4116,2.4561,2.3618,2.5222
2019-04-09,2.4047,2.4373,2.3497,2.5006
2019-04-10,2.4097,2.4424,2.3212,2.4649
2019-04-11,2.4172,2.4423,2.354,2.497
2019-04-12,2.4219,2.4444,2.3914,2.5651
2019-04-15,2.4012,2.4312,2.3916,2.5543
2019-04-16,2.4201,2.4596,2.4124,2.5904
2019-04-17,2.4277,2.4596,2.4002,2.594
2019-04-18,2.4116,2.4563,2.3802,2.5596
2019-04-19,2.4116,2.4563,2.3802,2.5596
2019-04-22,2.4217,2.4587,2.3866,2.5885
2019-04-23,2.4227,2.4517,2.3639,2.565
2019-04-24,2.4174,2.4387,2.3178,2.5181
2019-04-25,2.4121,2.4568,2.3319,2.5325
2019-04-26,2.4091,2.4433,2.2821,2.4982
2019-04-29,2.4063,2.4405,2.2922,2.5252
2019-04-30,2.4099,2.4439,2.2661,2.5018
2019-05-01,2.4071,2.4309,2.3044,2.4999
2019-05-02,2.4172,2.449,2.3448,2.5414
2019-05-03,2.4168,2.4485,2.333,2.525
2019-05-06,2.4115,2.4431,2.2904,2.4692
2019-05-07,2.4124,2.4192,2.2844,2.4566
2019-05-08,2.4225,2.4373,2.2966,2.4835
2019-05-09,2.4172,2.4345,2.258,2.4423
2019-05-10,2.4168,2.4314,2.2661,2.4672
2019-05-13,2.3961,2.4157,2.1884,2.4015
2019-05-14,2.3919,2.4231,2.1965,2.4104
2019-05-15,2.3917,2.4179,2.1596,2.3732
2019-05-16,2.3865,2.4177,2.1922,2.3944
2019-05-17,2.3732,2.4121,2.1981,2.3909
2019-05-20,2.3653,2.4015,2.2208,2.4157
2019-05-21,2.3663,2.4127,2.2538,2.4264
2019-05-22,2.3661,2.4023,2.2227,2.382
2019-05-23,2.3506,2.3839,2.146,2.3185
2019-05-24,2.3371,2.3755,2.1641,2.3202
2019-05-27,2.3371,2.3755,2.1641,2.3202
2019-05-28,2.3396,2.3649,2.1244,2.2658
2019-05-29,2.3481,2.3738,2.109,2.2605
2019-05-30,2.3634,2.3815,2.0609,2.2133
2019-05-31,2.3399,2.3446,1.9221,2.1246
2019-06-03,2.3243,2.2924,1.8317,2.071
2019-06-04,2.3342,2.2661,1.8834,2.1296
2019-06-05,2.3366,2.2323,1.8569,2.1348
2019-06-06,2.3056,2.2011,1.8787,2.1174
2019-06-07,2.2666,2.1412,1.8494,2.0809
2019-06-10,2.2716,2.185,1.9036,2.1484
2019-06-11,2.2457,2.2099,1.9297,2.1431
2019-06-12,2.2148,2.1943,1.8786,2.1205
2019-06-13,2.1686,2.1708,1.8357,2.0945
2019-06-14,2.1682,2.1704,1.8405,2.0804
2019-06-17,2.1783,2.191,1.8687,2.0942
2019-06-18,2.2108,2.1839,1.8643,2.0595
2019-06-19,2.1592,2.0697,1.7351,2.0233
2019-06-20,2.1283,2.0618,1.7775,2.0284
2019-06-21,2.0997,2.0407,1.7678,2.054
2019-06-24,2.1047,2.0509,1.7324,2.0143
2019-06-25,2.1208,2.0852,1.7318,1.985
2019-06-26,2.1387,2.106,1.7689,2.0468
2019-06-27,2.1334,2.1033,1.7449,2.014
2019-06-28,2.0868,2.0899,1.7549,2.0051
2019-07-01,2.1073,2.0872,1.7872,2.024
2019-07-02,2.1722,2.0641,1.7613,1.974
2019-07-03,2.2028,2.0768,1.7596,1.9498
2019-07-04,2.2028,2.0768,1.7596,1.9498
2019-07-05,2.2152,2.1179,1.8593,2.0338
2019-07-08,2.2305,2.1126,1.89,2.0476
2019-07-09,2.2355,2.1268,1.9066,2.0648
2019-07-10,2.1687,2.0619,1.8277,2.0613
2019-07-11,2.1404,2.0721,1.8625,2.1378
2019-07-12,2.1298,2.0692,1.8471,2.1219
2019-07-15,2.1271,2.0483,1.829,2.0887
2019-07-16,2.144,2.0541,1.8498,2.1026
2019-07-17,2.113,2.0334,1.8111,2.0451
2019-07-18,2.0204,1.9814,1.7559,2.0242
2019-07-19,2.0637,2.0251,1.8183,2.0552
2019-07-22,2.0662,2.0535,1.8123,2.0464
2019-07-23,2.0412,2.0826,1.8374,2.0812
2019-07-24,2.0925,2.0749,1.8179,2.0428
2019-07-25,2.1,2.0799,1.8639,2.081
2019-07-26,2.1125,2.0874,1.8519,2.0703
2019-07-29,2.0996,2.0872,1.8579,2.065
2019-07-30,2.0592,2.0563,1.8459,2.058
2019-07-31,2.0616,2.0666,1.8721,2.0144
2019-08-01,2.0744,2.0329,1.734,1.8935
2019-08-02,2.0483,1.9963,1.7118,1.8452
2019-08-05,1.9969,1.9781,1.5733,1.7075
2019-08-06,2.028,1.9867,1.583,1.7023
2019-08-07,2.0125,1.953,1.6069,1.7342
2019-08-08,2.0072,1.9503,1.6188,1.7172
2019-08-09,1.9864,1.9448,1.6466,1.7447
2019-08-12,1.9684,1.9292,1.5837,1.6454
2019-08-13,1.9873,1.953,1.6666,1.7035
2019-08-14,1.9384,1.8986,1.5771,1.5792
2019-08-15,1.8793,1.8467,1.4957,1.5269
2019-08-16,1.8585,1.8438,1.4763,1.5538
2019-08-19,1.8943,1.88,1.5453,1.6063
2019-08-20,1.9,1.8831,1.5123,1.5555
2019-08-21,1.9718,1.8934,1.5733,1.5893
2019-08-22,1.9819,1.9037,1.6121,1.6131
2019-08-23,1.9534,1.862,1.5332,1.5351
2019-08-26,1.9764,1.88,1.5391,1.5351
2019-08-27,1.9694,1.865,1.5223,1.4711
2019-08-28,1.9796,1.865,1.5,1.4794
2019-08-29,1.9795,1.8726,1.52,1.4945
2019-08-30,1.9765,1.8671,1.504,1.4961
2019-09-02,1.9765,1.8671,1.504,1.4961
2019-09-03,1.9507,1.8515,1.452,1.4573
2019-09-04,1.9434,1.8494,1.4319,1.4657
2019-09-05,1.9509,1.8648,1.526,1.5586
2019-09-06,1.9481,1.862,1.5402,1.5602
2019-09-09,1.948,1.867,1.5928,1.6438
2019-09-10,1.9334,1.8856,1.676,1.7316
2019-09-11,1.9436,1.8753,1.6742,1.7385
2019-09-12,1.9511,1.8933,1.7192,1.7715
2019-09-13,1.956,1.9111,1.7999,1.8958
2019-09-16,1.9764,1.9214,1.7593,1.8467
2019-09-17,1.9719,1.9064,1.7248,1.8013
2019-09-18,1.9307,1.8908,1.7621,1.7961
2019-09-19,1.9178,1.9166,1.7378,1.784
2019-09-20,1.897,1.8982,1.683,1.7215
2019-09-23,1.8892,1.9059,1.6812,1.7267
2019-09-24,1.9026,1.8857,1.6256,1.6456
2019-09-25,1.882,1.8882,1.6795,1.7372
2019-09-26,1.8024,1.87,1.6555,1.6921
2019-09-27,1.779,1.8283,1.6315,1.6801
2019-09-30,1.8071,1.8127,1.6217,1.6646
2019-10-01,1.7618,1.7847,1.5459,1.6353
2019-10-02,1.7387,1.7407,1.478,1.5992
2019-10-03,1.6901,1.6554,1.3901,1.5341
2019-10-04,1.6873,1.6396,1.4036,1.529
2019-10-07,1.7025,1.7041,1.4617,1.558
2019-10-08,1.6667,1.6813,1.4194,1.5289
2019-10-09,1.6743,1.6709,1.4657,1.5836
2019-10-10,1.6639,1.676,1.5424,1.6681
2019-10-11,1.6611,1.6551,1.5914,1.729
2019-10-14,1.6611,1.6551,1.5914,1.729
2019-10-15,1.6482,1.6576,1.618,1.771
2019-10-16,1.6512,1.6296,1.5835,1.7395
2019-10-17,1.6639,1.6218,1.5999,1.7518
2019-10-18,1.656,1.619,1.5736,1.7536
2019-10-21,1.6508,1.6292,1.621,1.7993
2019-10-22,1.6385,1.6271,1.5944,1.7607
2019-10-23,1.6512,1.6348,1.5817,1.7642
2019-10-24,1.6614,1.6476,1.5777,1.766
2019-10-25,1.6612,1.6474,1.6176,1.7943
2019-10-28,1.6278,1.637,1.6435,1.842
2019-10-29,1.6008,1.627,1.6415,1.8385
2019-10-30,1.5726,1.6064,1.5976,1.7715
2019-10-31,1.524,1.5469,1.5239,1.691
2019-11-01,1.5136,1.5312,1.552,1.7103
2019-11-04,1.5289,1.5518,1.5822,1.777
2019-11-05,1.536,1.565,1.6245,1.8584
2019-11-06,1.541,1.5547,1.6086,1.8283
2019-11-07,1.5538,1.565,1.6672,1.9173
2019-11-08,1.5433,1.5647,1.6742,1.9417
2019-11-11,1.5433,1.5647,1.6742,1.9417
2019-11-12,1.5637,1.5672,1.6623,1.9347
2019-11-13,1.5641,1.578,1.636,1.886
2019-11-14,1.5615,1.5727,1.5914,1.8186
2019-11-15,1.5613,1.5725,1.6101,1.8308
2019-11-18,1.5535,1.5673,1.598,1.8153
2019-11-19,1.5539,1.5625,1.5961,1.7826
2019-11-20,1.5564,1.565,1.5757,1.7449
2019-11-21,1.564,1.5676,1.6046,1.7723
2019-11-22,1.5766,1.5751,1.6277,1.7706
2019-11-25,1.5817,1.5957,1.6134,1.7551
2019-11-26,1.5778,1.6114,1.5819,1.7414
2019-11-27,1.5853,1.6063,1.6259,1.7654
2019-11-28,1.5853,1.6063,1.6259,1.7654
2019-11-29,1.5672,1.6009,1.6119,1.7758
2019-12-02,1.5493,1.5905,1.6,1.8189
2019-12-03,1.559,1.5573,1.538,1.7157
2019-12-04,1.5359,1.5367,1.5721,1.774
2019-12-05,1.5256,1.534,1.5923,1.8103
2019-12-06,1.5049,1.5364,1.6149,1.8363
2019-12-09,1.533,1.5415,1.613,1.819
2019-12-10,1.5411,1.5521,1.6517,1.8416
2019-12-11,1.5615,1.5521,1.6133,1.7914
2019-12-12,1.5461,1.5547,1.6582,1.8922
2019-12-13,1.5562,1.5519,1.6037,1.8226
2019-12-16,1.5484,1.5725,1.6263,1.8713
2019-12-17,1.5386,1.5574,1.6224,1.8801
2019-12-18,1.5513,1.565,1.6287,1.9169
2019-12-19,1.5615,1.5598,1.6268,1.9204
2019-12-20,1.5613,1.5596,1.6294,1.9171
2019-12-23,1.5561,1.5776,1.6523,1.9294
2019-12-24,1.5667,1.5986,1.621,1.8996
2019-12-25,1.5667,1.5986,1.621,1.8996
2019-12-26,1.564,1.5908,1.631,1.8944
2019-12-27,1.551,1.5725,1.5812,1.8752
2019-12-30,1.5202,1.5699,1.5653,1.8788
2019-12-31,1.5436,1.578,1.5691,1.9175
2020-01-01,1.5436,1.578,1.5691,1.9175
2020-01-02,1.5256,1.5624,1.569,1.8771
2020-01-03,1.5075,1.5287,1.5246,1.7881
2020-01-06,1.5177,1.5363,1.5445,1.809
2020-01-07,1.5104,1.5418,1.5404,1.8177
2020-01-08,1.5257,1.5392,1.5806,1.8738
2020-01-09,1.5231,1.5417,1.5785,1.8545
2020-01-10,1.5305,1.5416,1.5702,1.8196
2020-01-13,1.5356,1.5492,1.5843,1.8459
2020-01-14,1.5514,1.5651,1.57,1.8109
2020-01-15,1.5564,1.565,1.5536,1.783
2020-01-16,1.5461,1.5547,1.5657,1.8074
2020-01-17,1.5535,1.557,1.5592,1.8215
2020-01-20,1.5535,1.557,1.5592,1.8215
2020-01-21,1.533,1.544,1.5304,1.7743
2020-01-22,1.5436,1.5521,1.5283,1.7691
2020-01-23,1.5487,1.5521,1.5137,1.7325
2020-01-24,1.5254,1.5338,1.4947,1.6839
2020-01-27,1.533,1.5312,1.4409,1.608
2020-01-28,1.5462,1.5676,1.4625,1.6562
2020-01-29,1.541,1.5547,1.4128,1.5839
2020-01-30,1.5512,1.5495,1.4128,1.5856
2020-01-31,1.5382,1.5235,1.3132,1.5068
2020-02-03,1.5535,1.5363,1.353,1.5272
2020-02-04,1.5462,1.5573,1.409,1.5991
2020-02-05,1.5487,1.5573,1.4431,1.6508
2020-02-06,1.5589,1.5676,1.4452,1.6422
2020-02-07,1.5357,1.5519,1.4011,1.5834
2020-02-10,1.5433,1.5389,1.3931,1.5696
2020-02-11,1.559,1.5316,1.4234,1.6006
2020-02-12,1.5692,1.5444,1.4437,1.6333
2020-02-13,1.5717,1.5521,1.4438,1.6173
2020-02-14,1.5689,1.5389,1.4279,1.5848
2020-02-17,1.5689,1.5389,1.4279,1.5848
2020-02-18,1.5688,1.5337,1.4116,1.561
2020-02-19,1.5692,1.5418,1.4219,1.5661
2020-02-20,1.5717,1.5366,1.3892,1.5152
2020-02-21,1.5459,1.5158,1.3543,1.4713
2020-02-24,1.5254,1.4693,1.2476,1.3705
2020-02-25,1.5104,1.4464,1.2248,1.3521
2020-02-26,1.5078,1.4129,1.1647,1.3371
2020-02-27,1.4207,1.2917,1.0615,1.2607
2020-02-28,1.267,1.1527,0.913,1.1486
2020-03-02,1.1877,1.0345,0.9029,1.1632
2020-03-03,0.9197,0.8093,0.6991,0.999
2020-03-04,0.7104,0.6663,0.6926,1.0522
2020-03-05,0.6109,0.5184,0.5973,0.912
2020-03-06,0.4504,0.3784,0.5062,0.7623
2020-03-09,0.3409,0.3682,0.381,0.5407
2020-03-10,0.4326,0.4228,0.5342,0.803
2020-03-11,0.3943,0.3794,0.5195,0.8695
2020-03-12,0.3027,0.3233,0.481,0.8042
2020-03-13,0.2441,0.3437,0.4903,0.9603
2020-03-16,0.1933,0.257,0.3599,0.7182
2020-03-17,0.1373,0.2309,0.4925,1.0784
2020-03-18,-0.0127,0.0609,0.5337,1.1915
2020-03-19,-0.0254,0.0025,0.4507,1.1404
2020-03-20,-0.033,-0.0152,0.3134,0.8454
2020-03-23,-0.0356,0.0228,0.3123,0.7863
2020-03-24,-0.0381,0.0685,0.3715,0.8466
2020-03-25,-0.0813,0.0203,0.3299,0.8673
2020-03-26,-0.1372,-0.0279,0.2927,0.8447
2020-03-27,-0.0381,-0.0177,0.2418,0.6746
2020-03-30,0.0102,0.0177,0.2281,0.7264
2020-03-31,0.061,0.1395,0.2455,0.6695
2020-04-01,0.0381,0.1217,0.2061,0.5832
2020-04-02,0.0458,0.1344,0.2255,0.597
2020-04-03,0.0585,0.1344,0.2289,0.5948
2020-04-06,0.0534,0.1294,0.2622,0.6698
2020-04-07,0.1144,0.1552,0.2601,0.7122
2020-04-08,0.1627,0.2112,0.252,0.7722
2020-04-09,0.1933,0.2239,0.2254,0.7191
2020-04-10,0.1933,0.2239,0.2254,0.7191
2020-04-13,0.1933,0.2417,0.2452,0.7713
2020-04-14,0.1373,0.1928,0.219,0.752
2020-04-15,0.117,0.17,0.1969,0.6316
2020-04-16,0.1119,0.1598,0.2066,0.6267
2020-04-17,0.0864,0.1547,0.2019,0.6417
2020-04-20,0.0712,0.1167,0.2016,0.6053
2020-04-21,0.0864,0.1192,0.2034,0.5691
2020-04-22,0.0915,0.1294,0.2133,0.619
2020-04-23,0.0966,0.1091,0.2191,0.6015
2020-04-24,0.0991,0.1192,0.2245,0.6008
2020-04-27,0.0915,0.1167,0.2223,0.6605
2020-04-28,0.0864,0.1243,0.2112,0.6129
2020-04-29,0.0788,0.0964,0.2014,0.6269
2020-04-30,0.0788,0.1014,0.1956,0.6393
2020-05-01,0.0991,0.0913,0.19,0.6118
2020-05-04,0.0991,0.1116,0.1822,0.6336
2020-05-05,0.0966,0.1119,0.1882,0.6619
2020-05-06,0.1068,0.1399,0.1784,0.703
2020-05-07,0.0839,0.1246,0.1388,0.6409
2020-05-08,0.0941,0.1323,0.1568,0.6831
2020-05-11,0.1042,0.145,0.1747,0.7099
2020-05-12,0.1195,0.1522,0.1589,0.6651
2020-05-13,0.1093,0.137,0.1589,0.6525
2020-05-14,0.1093,0.142,0.147,0.6218
2020-05-15,0.0991,0.1344,0.1451,0.6428
2020-05-18,0.1042,0.142,0.1772,0.7257
2020-05-19,0.1144,0.1395,0.1652,0.6882
2020-05-20,0.1144,0.1294,0.1633,0.6801
2020-05-21,0.1068,0.1395,0.1653,0.672
2020-05-22,0.1144,0.1344,0.1676,0.6591
2020-05-25,0.1144,0.1344,0.1676,0.6591
2020-05-26,0.1169,0.142,0.1717,0.6965
2020-05-27,0.1398,0.1674,0.1799,0.6819
2020-05-28,0.1424,0.1624,0.1701,0.69
2020-05-29,0.1246,0.1522,0.1603,0.6526
2020-06-01,0.1246,0.1547,0.1564,0.6591
2020-06-02,0.1395,0.1552,0.1623,0.6852
2020-06-03,0.1471,0.1679,0.19,0.7458
2020-06-04,0.142,0.173,0.194,0.8234
2020-06-05,0.1471,0.1781,0.2062,0.8951
2020-06-08,0.1572,0.1832,0.2261,0.8752
2020-06-09,0.1576,0.1827,0.2024,0.8253
2020-06-10,0.1653,0.1725,0.1667,0.7263
2020-06-11,0.1602,0.1801,0.1967,0.669
2020-06-12,0.15,0.1776,0.193,0.7034
2020-06-15,0.1526,0.1776,0.189,0.7215
2020-06-16,0.1521,0.1852,0.1992,0.7528
2020-06-17,0.1471,0.1674,0.1952,0.738
2020-06-18,0.1445,0.1674,0.1933,0.7084
2020-06-19,0.1471,0.1649,0.1855,0.6937
2020-06-22,0.1395,0.1623,0.1917,0.7085
2020-06-23,0.1344,0.1674,0.1857,0.7118
2020-06-24,0.1369,0.1598,0.1876,0.679
2020-06-25,0.1369,0.1624,0.1857,0.6856
2020-06-26,0.1369,0.1573,0.1661,0.6413
2020-06-29,0.1217,0.1547,0.1485,0.6234
2020-06-30,0.1293,0.1297,0.1485,0.6561
2020-07-01,0.1293,0.1501,0.1603,0.6758
2020-07-02,0.1369,0.1501,0.1526,0.6693
2020-07-03,0.1369,0.1501,0.1526,0.6693
2020-07-06,0.1369,0.1577,0.1566,0.6759
2020-07-07,0.1398,0.1573,0.1567,0.6397
2020-07-08,0.1348,0.1497,0.1587,0.6644
2020-07-09,0.1246,0.1471,0.1508,0.6135
2020-07-10,0.1246,0.1446,0.1529,0.6447
2020-07-13,0.1271,0.1395,0.1509,0.6184
2020-07-14,0.1318,0.142,0.157,0.6233
2020-07-15,0.1268,0.1319,0.155,0.6299
2020-07-16,0.104,0.1319,0.145,0.6168
2020-07-17,0.1039,0.1243,0.1451,0.6266
2020-07-20,0.109,0.1192,0.1472,0.6102
2020-07-21,0.109,0.1268,0.1411,0.6004
2020-07-22,0.1116,0.1243,0.1492,0.5971
2020-07-23,0.1014,0.1268,0.1513,0.5774
2020-07-24,0.1039,0.1243,0.1473,0.5888
2020-07-27,0.0963,0.1268,0.1514,0.6151
2020-07-28,0.0989,0.1119,0.1387,0.579
2020-07-29,0.0963,0.0992,0.1309,0.5741
2020-07-30,0.0862,0.0915,0.1172,0.5462
2020-07-31,0.0837,0.089,0.1054,0.5282
2020-08-03,0.0837,0.0966,0.1093,0.5543
2020-08-04,0.0864,0.1014,0.1073,0.5069
2020-08-05,0.0941,0.1141,0.1171,0.5477
2020-08-06,0.0864,0.1065,0.1151,0.5362
2020-08-07,0.089,0.104,0.129,0.564
2020-08-10,0.0915,0.1091,0.131,0.5755
2020-08-11,0.0989,0.1167,0.1489,0.6415
2020-08-12,0.0938,0.1116,0.1609,0.6747
2020-08-13,0.0938,0.1091,0.1629,0.7208
2020-08-14,0.0887,0.1141,0.145,0.7094
2020-08-17,0.0862,0.104,0.1511,0.6882
2020-08-18,0.0913,0.1141,0.1431,0.6687
2020-08-19,0.0938,0.1141,0.1391,0.6801
2020-08-20,0.0887,0.1116,0.1411,0.6509
2020-08-21,0.0887,0.1091,0.1432,0.6282
2020-08-24,0.0862,0.1091,0.1513,0.6542
2020-08-25,0.0887,0.1094,0.1493,0.6835
2020-08-26,0.0913,0.1068,0.1504,0.6884
2020-08-27,0.0938,0.1068,0.1583,0.7522
2020-08-28,0.0963,0.1017,0.127,0.7211
2020-08-31,0.0938,0.1068,0.1309,0.7048
2020-09-01,0.0991,0.1116,0.1309,0.6689
2020-09-02,0.0991,0.1091,0.1329,0.6477
2020-09-03,0.0991,0.1116,0.127,0.6347
2020-09-04,0.0991,0.1141,0.1428,0.718
2020-09-07,0.0991,0.1141,0.1428,0.718
2020-09-08,0.1093,0.1192,0.1408,0.6788
2020-09-09,0.1014,0.1217,0.1468,0.7001
2020-09-10,0.104,0.1167,0.1389,0.6772
2020-09-11,0.109,0.1167,0.127,0.6658
2020-09-14,0.1039,0.1141,0.137,0.6723
2020-09-15,0.0989,0.1116,0.139,0.6789
2020-09-16,0.0938,0.1116,0.137,0.6969
2020-09-17,0.0837,0.1091,0.135,0.6887
2020-09-18,0.0811,0.1065,0.1391,0.6937
2020-09-21,0.0786,0.1014,0.1371,0.6658
2020-09-22,0.0862,0.0862,0.1351,0.6708
2020-09-23,0.0887,0.0989,0.1387,0.6724
2020-09-24,0.0913,0.0989,0.1328,0.6659
2020-09-25,0.0913,0.0989,0.1289,0.6544
2020-09-28,0.0887,0.0964,0.125,0.6528
2020-09-29,0.0864,0.1014,0.123,0.6495
2020-09-30,0.0915,0.1014,0.127,0.684
2020-10-01,0.0864,0.1014,0.127,0.6774
2020-10-02,0.0864,0.0989,0.1289,0.7005
2020-10-05,0.0864,0.1014,0.1447,0.7817
2020-10-06,0.0837,0.1065,0.1467,0.7353
2020-10-07,0.0913,0.104,0.1507,0.7868
2020-10-08,0.0887,0.1065,0.1508,0.7852
2020-10-09,0.0938,0.1141,0.1529,0.7737
2020-10-12,0.0938,0.1141,0.1529,0.7737
2020-10-13,0.0887,0.1091,0.139,0.7272
2020-10-14,0.0989,0.1116,0.139,0.7256
2020-10-15,0.0938,0.1116,0.139,0.7322
2020-10-16,0.0913,0.1116,0.1431,0.7456
2020-10-19,0.0887,0.1091,0.1451,0.769
2020-10-20,0.0862,0.1065,0.1431,0.7857
2020-10-21,0.0887,0.1091,0.1472,0.8226
2020-10-22,0.0887,0.1091,0.1533,0.8562
2020-10-23,0.0862,0.1065,0.1554,0.8429
2020-10-26,0.0761,0.104,0.1494,0.801
2020-10-27,0.089,0.1014,0.1453,0.7676
2020-10-28,0.0864,0.1014,0.1466,0.771
2020-10-29,0.0864,0.0989,0.1466,0.823
2020-10-30,0.0864,0.0964,0.1525,0.8737
2020-11-02,0.0864,0.0938,0.1545,0.8434
2020-11-03,0.0887,0.104,0.1663,0.8993
2020-11-04,0.0862,0.0938,0.1447,0.7629
2020-11-05,0.0862,0.0913,0.1447,0.7629
2020-11-06,0.0862,0.0913,0.1527,0.8185
2020-11-09,0.0887,0.0913,0.1706,0.9235
2020-11-10,0.0887,0.0964,0.1807,0.9595
2020-11-11,0.0887,0.0964,0.1807,0.9753
2020-11-12,0.0862,0.0964,0.1768,0.8815
2020-11-13,0.0837,0.0913,0.179,0.8963
2020-11-16,0.0761,0.0913,0.1771,0.9061
2020-11-17,0.0786,0.0888,0.1692,0.857
2020-11-18,0.071,0.0862,0.1732,0.8701
2020-11-19,0.0583,0.0837,0.1612,0.8293
2020-11-20,0.0634,0.0811,0.1573,0.8243
2020-11-23,0.0659,0.0786,0.1594,0.8537
2020-11-24,0.0737,0.0862,0.1602,0.8799
2020-11-25,0.0788,0.0811,0.1583,0.8816
2020-11-26,0.0788,0.0811,0.1583,0.8816
2020-11-27,0.0737,0.0786,0.1524,0.8373
2020-11-30,0.0712,0.0913,0.1485,0.8389
2020-12-01,0.0761,0.0888,0.1662,0.926
2020-12-02,0.0761,0.0862,0.1584,0.936
2020-12-03,0.0761,0.0811,0.1486,0.9063
2020-12-04,0.0735,0.0913,0.1507,0.9659
2020-12-07,0.0684,0.0862,0.1408,0.9228
2020-12-08,0.0684,0.0862,0.1508,0.9179
2020-12-09,0.071,0.0811,0.1488,0.9361
2020-12-10,0.071,0.0761,0.1369,0.9063
2020-12-11,0.0634,0.0761,0.115,0.8964
2020-12-14,0.0634,0.0761,0.115,0.8931
2020-12-15,0.0659,0.071,0.113,0.908
2020-12-16,0.0761,0.0837,0.115,0.9163
2020-12-17,0.0811,0.0862,0.121,0.9329
2020-12-18,0.0811,0.0837,0.121,0.9462
2020-12-21,0.0811,0.0888,0.121,0.9346
2020-12-22,0.0761,0.0811,0.1129,0.9164
2020-12-23,0.0786,0.0862,0.1169,0.943
2020-12-24,0.0811,0.0913,0.1189,0.9231
2020-12-25,0.0811,0.0913,0.1189,0.9231
2020-12-28,0.0837,0.0938,0.1189,0.9231
2020-12-29,0.0862,0.0862,0.125,0.9364
2020-12-30,0.071,0.0735,0.1211,0.9231
2020-12-31,0.0583,0.0811,0.1211,0.9132
2021-01-01,0.0583,0.0811,0.1211,0.9132
2021-01-04,0.0634,0.0761,0.1132,0.9132
2021-01-05,0.0761,0.0761,0.1211,0.9549
2021-01-06,0.0811,0.0837,0.1369,1.0355
2021-01-07,0.0786,0.0786,0.1369,1.0795
2021-01-08,0.071,0.0811,0.1329,1.1153
2021-01-11,0.0811,0.0811,0.1449,1.146
2021-01-12,0.0761,0.0837,0.1449,1.1291
2021-01-13,0.0811,0.0811,0.143,1.0832
2021-01-14,0.0735,0.0862,0.139,1.1292
2021-01-15,0.0761,0.0811,0.133,1.0835
2021-01-18,0.0761,0.0811,0.133,1.0835
2021-01-19,0.071,0.0837,0.131,1.0886
2021-01-20,0.0735,0.0862,0.127,1.0802
2021-01-21,0.071,0.0862,0.1189,1.1058
2021-01-22,0.071,0.0811,0.1209,1.0855
2021-01-25,0.0684,0.0837,0.1149,1.0295
2021-01-26,0.0634,0.0735,0.1211,1.0347
2021-01-27,0.0608,0.0735,0.1191,1.0161
2021-01-28,0.0532,0.0735,0.1172,1.0449
2021-01-29,0.0482,0.0659,0.1093,1.0655
2021-02-01,0.0482,0.0659,0.1073,1.0792
2021-02-02,0.0456,0.0659,0.1132,1.0963
2021-02-03,0.0406,0.0507,0.1171,1.1374
2021-02-04,0.0228,0.0406,0.1112,1.1392
2021-02-05,0.0203,0.0431,0.1013,1.1635
2021-02-08,0.0253,0.0431,0.1111,1.1705
2021-02-09,0.0253,0.0406,0.1151,1.1568
2021-02-10,0.038,0.0507,0.1071,1.1225
2021-02-11,0.0355,0.0507,0.1091,1.1632
2021-02-12,0.0355,0.0507,0.109,1.2082
2021-02-15,0.0355,0.0507,0.109,1.2082
2021-02-16,0.033,0.0482,0.119,1.3141
2021-02-17,0.033,0.0507,0.1029,1.2703
2021-02-18,0.0279,0.0355,0.1049,1.2956
2021-02-19,0.0279,0.0304,0.1048,1.3364
2021-02-22,0.0279,0.0406,0.1109,1.3653
2021-02-23,0.0228,0.0482,0.1108,1.3416
2021-02-24,0.0304,0.0456,0.123,1.3756
2021-02-25,0.033,0.0558,0.172,1.5199
2021-02-26,0.033,0.0456,0.127,1.4049
2021-03-01,0.033,0.0507,0.1191,1.417
2021-03-02,0.0304,0.0532,0.1211,1.3914
2021-03-03,0.0355,0.0558,0.1407,1.4808
2021-03-04,0.0304,0.0507,0.1447,1.564
2021-03-05,0.0253,0.0482,0.1369,1.5661
2021-03-08,0.033,0.0482,0.1626,1.5907
2021-03-09,0.0279,0.0355,0.1607,1.5263
2021-03-10,0.0304,0.0431,0.1528,1.5178
2021-03-11,0.0279,0.0456,0.1389,1.537
2021-03-12,0.0203,0.033,0.147,1.6247
2021-03-15,0.0127,0.0406,0.151,1.6055
2021-03-16,0.0127,0.0456,0.149,1.6179
2021-03-17,0.0025,0.0431,0.133,1.6427
2021-03-18,-0.0025,0.0254,0.1531,1.7082
2021-03-19,-0.0025,0.0203,0.1492,1.721
2021-03-22,0.0025,0.0279,0.1472,1.6946
2021-03-23,0.0025,0.0355,0.1452,1.6206
2021-03-24,0.0152,0.033,0.1465,1.6084
2021-03-25,0.0152,0.033,0.1367,1.6332
2021-03-26,0.0152,0.033,0.1387,1.676
2021-03-29,0.0101,0.0228,0.1407,1.7081
2021-03-30,0.0101,0.0304,0.1465,1.7029
2021-03-31,0.0152,0.0304,0.1603,1.7404
2021-04-01,0.0127,0.033,0.1585,1.6699
2021-04-02,0.0127,0.0279,0.1862,1.7216
2021-04-05,0.0152,0.0279,0.1664,1.7003
2021-04-06,0.0152,0.0254,0.1566,1.656
2021-04-07,0.0101,0.0203,0.1527,1.6739
2021-04-08,0.0101,0.0254,0.1488,1.6192
2021-04-09,0.0076,0.0304,0.1548,1.6585
2021-04-12,0.0076,0.0304,0.1668,1.6657
2021-04-13,0.0101,0.0355,0.1589,1.6145
2021-04-14,0.0152,0.0355,0.161,1.6323
2021-04-15,0.0051,0.0304,0.159,1.5759
2021-04-16,0.0101,0.0355,0.1612,1.5798
2021-04-19,0.0152,0.0355,0.1572,1.6047
2021-04-20,0.0127,0.033,0.1492,1.5589
2021-04-21,0.0127,0.0304,0.1472,1.5555
2021-04-22,0.0152,0.0279,0.1472,1.538
2021-04-23,0.0152,0.0254,0.1575,1.5577
2021-04-26,0.0076,0.0254,0.1677,1.5667
2021-04-27,0.0025,0.0304,0.1798,1.6216
2021-04-28,0.0025,0.0228,0.1641,1.6094
2021-04-29,0.0025,0.0254,0.1622,1.6343
2021-04-30,0.0025,0.0228,0.1584,1.6259
2021-05-03,0.0051,0.0304,0.1585,1.5976
2021-05-04,0.0076,0.033,0.1585,1.5924
2021-05-05,0.0101,0.033,0.1506,1.566
2021-05-06,0.0101,0.033,0.1527,1.5696
2021-05-07,0.0051,0.0279,0.1448,1.5771
2021-05-10,-0.0025,0.0279,0.1528,1.602
2021-05-11,0.0051,0.0304,0.1588,1.6217
2021-05-12,0.0051,0.0279,0.1629,1.6916
2021-05-13,0.0076,0.0254,0.1529,1.6574
2021-05-14,-0.0025,0.0254,0.147,1.6284
2021-05-17,0.0051,0.0254,0.1531,1.6488
2021-05-18,0.0025,0.0254,0.1491,1.6369
2021-05-19,0.0025,0.0203,0.1552,1.671
2021-05-20,0.0025,0.0152,0.1451,1.625
2021-05-21,-0.0025,0.0076,0.1533,1.6216
2021-05-24,0.0025,0.0152,0.1493,1.6012
2021-05-25,0.0076,0.0279,0.1412,1.5588
2021-05-26,0.0051,0.0254,0.1485,1.5757
2021-05-27,0.0025,0.0254,0.1446,1.6062
2021-05-28,0.0025,0.0203,0.1407,1.5943
2021-05-31,0.0025,0.0203,0.1407,1.5943
2021-06-01,0.0076,0.0304,0.1466,1.6062
2021-06-02,0.0127,0.0304,0.1446,1.5875
2021-06-03,0.0127,0.0304,0.1545,1.625
2021-06-04,0.0127,0.0279,0.1448,1.5534
2021-06-07,0.0177,0.033,0.1547,1.5687
2021-06-08,0.0228,0.0355,0.1508,1.5331
2021-06-09,0.0177,0.033,0.1548,1.4908
2021-06-10,0.0203,0.033,0.1429,1.4318
2021-06-11,0.0203,0.0355,0.1469,1.4518
2021-06-14,0.0127,0.0279,0.157,1.494
2021-06-15,0.0127,0.0355,0.163,1.4922
2021-06-16,0.0228,0.0431,0.2052,1.5754
2021-06-17,0.0253,0.0406,0.2093,1.504
2021-06-18,0.0279,0.0482,0.2541,1.4381
2021-06-21,0.0304,0.0406,0.2543,1.4886
2021-06-22,0.0304,0.0456,0.2281,1.4632
2021-06-23,0.0355,0.0456,0.2622,1.4852
2021-06-24,0.0431,0.0482,0.2681,1.4919
2021-06-25,0.0431,0.0507,0.2661,1.5241
2021-06-28,0.0406,0.0456,0.2543,1.4765
2021-06-29,0.0406,0.0456,0.2504,1.4697
2021-06-30,0.0406,0.0456,0.2486,1.468
2021-07-01,0.0406,0.0431,0.2527,1.4578
2021-07-02,0.038,0.0406,0.2336,1.4238
2021-07-05,0.038,0.0406,0.2336,1.4238
2021-07-06,0.0431,0.0456,0.2179,1.3481
2021-07-07,0.0456,0.0507,0.2141,1.3163
2021-07-08,0.0456,0.0482,0.1944,1.2928
2021-07-09,0.0431,0.0482,0.2126,1.3595
2021-07-12,0.0456,0.0456,0.2267,1.3645
2021-07-13,0.0406,0.0507,0.2528,1.4166
2021-07-14,0.0431,0.0456,0.223,1.3459
2021-07-15,0.038,0.0456,0.2231,1.2989
2021-07-16,0.0431,0.0456,0.2215,1.2903
2021-07-19,0.0355,0.0406,0.2156,1.1888
2021-07-20,0.0406,0.0456,0.1996,1.2218
2021-07-21,0.0431,0.0456,0.2078,1.2884
2021-07-22,0.0406,0.0456,0.1998,1.2783
2021-07-23,0.0431,0.0456,0.1981,1.2763
2021-07-26,0.0406,0.0456,0.1941,1.2896
2021-07-27,0.0406,0.0456,0.2035,1.2411
2021-07-28,0.0456,0.0456,0.2016,1.2327
2021-07-29,0.0431,0.0456,0.2035,1.2693
2021-07-30,0.0406,0.0456,0.1839,1.2223
2021-08-02,0.0406,0.0456,0.1722,1.1773
2021-08-03,0.0406,0.0456,0.1703,1.1722
2021-08-04,0.0456,0.0456,0.1802,1.182
2021-08-05,0.0456,0.0456,0.198,1.2235
2021-08-06,0.0431,0.0431,0.2083,1.2969
2021-08-09,0.0456,0.0406,0.2203,1.3237
2021-08-10,0.0431,0.0482,0.2383,1.349
2021-08-11,0.0507,0.0456,0.2186,1.3303
2021-08-12,0.0431,0.0406,0.2227,1.359
2021-08-13,0.0456,0.0406,0.2071,1.2767
2021-08-16,0.0608,0.0431,0.2092,1.265
2021-08-17,0.0608,0.0456,0.2133,1.2617
2021-08-18,0.0532,0.0456,0.2155,1.2583
2021-08-19,0.0456,0.038,0.2196,1.2433
2021-08-20,0.0431,0.0431,0.2241,1.255
2021-08-23,0.0406,0.0431,0.2242,1.2517
2021-08-24,0.038,0.0456,0.2223,1.2935
2021-08-25,0.0456,0.0456,0.2386,1.339
2021-08-26,0.0431,0.0456,0.2406,1.3491
2021-08-27,0.0456,0.0456,0.2151,1.307
2021-08-30,0.0406,0.0456,0.2014,1.2785
2021-08-31,0.0355,0.0507,0.2093,1.3088
2021-09-01,0.0355,0.0431,0.2094,1.2936
2021-09-02,0.0406,0.0456,0.2056,1.2835
2021-09-03,0.033,0.0431,0.2061,1.3223
2021-09-06,0.033,0.0431,0.2061,1.3223
2021-09-07,0.033,0.0355,0.2201,1.3732
2021-09-08,0.038,0.0456,0.2162,1.3376
2021-09-09,0.0355,0.0456,0.2124,1.2971
2021-09-10,0.038,0.0456,0.2127,1.3411
2021-09-13,0.033,0.0355,0.2129,1.3259
2021-09-14,0.0304,0.0456,0.207,1.2836
2021-09-15,0.033,0.0406,0.2111,1.2988
2021-09-16,0.0279,0.0406,0.2193,1.3378
2021-09-17,0.0304,0.0406,0.2217,1.3616
2021-09-20,0.0203,0.038,0.2158,1.3107
2021-09-21,0.0203,0.0304,0.2139,1.3226
2021-09-22,0.0253,0.038,0.2363,1.3006
2021-09-23,0.0228,0.0406,0.2608,1.4301
2021-09-24,0.0253,0.0406,0.2695,1.4509
2021-09-27,0.0228,0.0456,0.2779,1.4871
2021-09-28,0.0253,0.0482,0.301,1.5374
2021-09-29,0.0304,0.0456,0.2892,1.5167
2021-09-30,0.033,0.0456,0.2755,1.4873
2021-10-01,0.0304,0.0431,0.2638,1.4616
2021-10-04,0.0253,0.0456,0.2776,1.4789
2021-10-05,0.0355,0.0507,0.2836,1.5258
2021-10-06,0.0406,0.0482,0.2935,1.5206
2021-10-07,0.0431,0.0507,0.3055,1.5729
2021-10-08,0.0456,0.0558,0.3178,1.6118
2021-10-11,0.0456,0.0558,0.3178,1.6118
2021-10-12,0.0406,0.0456,0.3379,1.5769
2021-10-13,0.0406,0.0507,0.358,1.5368
2021-10-14,0.0355,0.0532,0.3602,1.5107
2021-10-15,0.0431,0.0507,0.3949,1.5703
2021-10-18,0.0406,0.0507,0.4254,1.6002
2021-10-19,0.0406,0.0431,0.3953,1.6372
2021-10-20,0.0431,0.0507,0.3854,1.6567
2021-10-21,0.0456,0.0558,0.4545,1.7011
2021-10-22,0.0507,0.0609,0.4534,1.6324
2021-10-25,0.0482,0.0532,0.4353,1.6307
2021-10-26,0.0482,0.0532,0.4396,1.6079
2021-10-27,0.0482,0.0558,0.5029,1.5413
2021-10-28,0.0456,0.0558,0.4891,1.58
2021-10-29,0.0482,0.0558,0.497,1.5521
2021-11-01,0.0406,0.0583,0.4992,1.5557
2021-11-02,0.0406,0.0659,0.4499,1.5488
2021-11-03,0.0406,0.0659,0.4659,1.6034
2021-11-04,0.033,0.0634,0.4244,1.5262
2021-11-05,0.038,0.0609,0.4008,1.4513
2021-11-08,0.0355,0.0583,0.4426,1.4897
2021-11-09,0.038,0.0558,0.4208,1.4358
2021-11-10,0.0431,0.0583,0.5129,1.5493
2021-11-11,0.0431,0.0583,0.5129,1.5493
2021-11-12,0.0406,0.0609,0.5115,1.5613
2021-11-15,0.0431,0.0583,0.5157,1.6145
2021-11-16,0.038,0.0558,0.5179,1.6335
2021-11-17,0.0406,0.0558,0.4979,1.5889
2021-11-18,0.0482,0.0609,0.5021,1.5855
2021-11-19,0.0406,0.0558,0.5067,1.5462
2021-11-22,0.0406,0.0583,0.5842,1.6236
2021-11-23,0.0406,0.0685,0.6142,1.6651
2021-11-24,0.0532,0.0888,0.6398,1.6341
2021-11-25,0.0532,0.0888,0.6398,1.6341
2021-11-26,0.038,0.0761,0.498,1.4731
2021-11-29,0.038,0.0837,0.4843,1.4987
2021-11-30,0.0456,0.0938,0.565,1.4443
2021-12-01,0.0406,0.0888,0.5513,1.4037
2021-12-02,0.0355,0.0862,0.6126,1.4443
2021-12-03,0.0431,0.0862,0.5873,1.343
2021-12-06,0.038,0.0964,0.6312,1.4342
2021-12-07,0.0558,0.1446,0.6892,1.4733
2021-12-08,0.0583,0.1192,0.6815,1.5212
2021-12-09,0.0482,0.1192,0.6877,1.499
2021-12-10,0.0482,0.1116,0.6543,1.4837
2021-12-13,0.0456,0.1141,0.6324,1.4156
2021-12-14,0.038,0.1167,0.6568,1.4411
2021-12-15,0.038,0.1167,0.6631,1.4565
2021-12-16,0.0304,0.1141,0.6128,1.4106
2021-12-17,0.0304,0.1192,0.6376,1.4021
2021-12-20,0.038,0.1294,0.6317,1.4225
2021-12-21,0.0507,0.1522,0.6665,1.4617
2021-12-22,0.0583,0.1573,0.6606,1.4515
2021-12-23,0.0558,0.1573,0.6881,1.4927
2021-12-24,0.0558,0.1573,0.6881,1.4927
2021-12-27,0.0406,0.17,0.6987,1.4756
2021-12-28,0.0431,0.1928,0.75,1.4807
2021-12-29,0.038,0.1877,0.7461,1.5496
2021-12-30,0.0304,0.1725,0.7244,1.5083
2021-12-31,0.0304,0.1776,0.7322,1.5101
2022-01-03,0.0532,0.1928,0.7678,1.628
2022-01-04,0.0735,0.2106,0.7599,1.6473
2022-01-05,0.0837,0.2233,0.8256,1.7052
2022-01-06,0.0913,0.2284,0.8656,1.7211
2022-01-07,0.0913,0.2309,0.8621,1.762
2022-01-10,0.0862,0.2512,0.8944,1.7603
2022-01-11,0.109,0.2665,0.8825,1.7357
2022-01-12,0.1141,0.2716,0.9189,1.7428
2022-01-13,0.1141,0.2716,0.8929,1.7041
2022-01-14,0.1116,0.2817,0.9668,1.7841
2022-01-17,0.1116,0.2817,0.9668,1.7841
2022-01-18,0.1242,0.3453,1.0425,1.8735
2022-01-19,0.1648,0.358,1.0572,1.8646
2022-01-20,0.1648,0.3453,1.0249,1.804
2022-01-21,0.1597,0.3478,1.0014,1.7581
2022-01-24,0.1547,0.3428,0.971,1.7706
2022-01-25,0.1775,0.3784,1.0174,1.7689
2022-01-26,0.1851,0.3937,1.1504,1.8637
2022-01-27,0.1902,0.4242,1.1882,1.7994
2022-01-28,0.175,0.4064,1.1623,1.7694
2022-01-31,0.18,0.4547,1.1787,1.7767
2022-02-01,0.1902,0.4751,1.1651,1.7875
2022-02-02,0.1851,0.4471,1.1535,1.7751
2022-02-03,0.1902,0.47,1.1959,1.8306
2022-02-04,0.2232,0.5439,1.3099,1.9085
2022-02-07,0.2105,0.5388,1.2903,1.9159
2022-02-08,0.2612,0.5694,1.3414,1.9632
2022-02-09,0.2689,0.577,1.3644,1.9415
2022-02-10,0.3704,0.7531,1.5786,2.0294
2022-02-11,0.3399,0.679,1.4997,1.9371
2022-02-14,0.3679,0.7147,1.5744,1.9875
2022-02-15,0.3806,0.7097,1.5774,2.0434
2022-02-16,0.3653,0.6535,1.5208,2.0382
2022-02-17,0.3374,0.6229,1.4662,1.9615
2022-02-18,0.3196,0.6127,1.4654,1.9286
2022-02-21,0.3196,0.6127,1.4654,1.9286
2022-02-22,0.3272,0.6662,1.5491,1.939
2022-02-23,0.345,0.7046,1.6016,1.9912
2022-02-24,0.3019,0.6408,1.5797,1.9633
2022-02-25,0.2917,0.6816,1.5697,1.9617
2022-02-28,0.2917,0.6203,1.4323,1.825
2022-03-01,0.3019,0.5847,1.3407,1.7275
2022-03-02,0.3247,0.6408,1.512,1.8767
2022-03-03,0.3247,0.628,1.53,1.8405
2022-03-04,0.3095,0.628,1.4759,1.7307
2022-03-07,0.312,0.6688,1.5503,1.7734
2022-03-08,0.3399,0.6867,1.5987,1.8456
2022-03-09,0.3577,0.7046,1.6798,1.9531
2022-03-10,0.3577,0.7097,1.6963,1.9864
2022-03-11,0.3552,0.7198,1.748,1.9917
2022-03-14,0.3805,0.7837,1.8609,2.133
2022-03-15,0.4339,0.8348,1.8491,2.1437
2022-03-16,0.3831,0.7991,1.9379,2.1849
2022-03-17,0.3755,0.771,1.9138,2.1706
2022-03-18,0.3653,0.7786,1.9362,2.1494
2022-03-21,0.4263,0.8603,2.1153,2.2896
2022-03-22,0.4669,0.9423,2.1641,2.3825
2022-03-23,0.4441,0.9013,2.0961,2.2917
2022-03-24,0.472,0.9294,2.1387,2.3718
2022-03-25,0.5203,0.9729,2.2696,2.4731
2022-03-28,0.5279,0.9779,2.3277,2.4585
2022-03-29,0.5178,1.0344,2.3646,2.3944
2022-03-30,0.5178,0.9986,2.3063,2.3488
2022-03-31,0.4822,1.0088,2.3345,2.338
2022-04-01,0.5101,1.0471,2.4564,2.3822
2022-04-04,0.5431,1.0522,2.4221,2.3951
2022-04-05,0.6194,1.0857,2.5139,2.5469
2022-04-06,0.6601,1.1164,2.4714,2.5975
2022-04-07,0.6703,1.1138,2.4595,2.6578
2022-04-08,0.6804,1.1393,2.5115,2.7
2022-04-11,0.6931,1.1342,2.4975,2.7801
2022-04-12,0.7034,1.1651,2.4054,2.7213
2022-04-13,0.7364,1.1523,2.3481,2.6987
2022-04-14,0.7491,1.2034,2.4539,2.8275
2022-04-15,0.7491,1.2034,2.4539,2.8275
2022-04-18,0.7592,1.2162,2.448,2.8527
2022-04-19,0.7899,1.2703,2.5915,2.9361
2022-04-20,0.8077,1.26,2.5753,2.832
2022-04-21,0.7873,1.2728,2.6822,2.9095
2022-04-22,0.7669,1.2906,2.6672,2.8987
2022-04-25,0.7923,1.2855,2.6257,2.8198
2022-04-26,0.7797,1.3576,2.4773,2.7205
2022-04-27,0.8153,1.355,2.591,2.8318
2022-04-28,0.8026,1.3576,2.6173,2.8224
2022-04-29,0.8229,1.3959,2.7146,2.9336
2022-05-02,0.7694,1.3907,2.7312,2.9807
2022-05-03,0.8942,1.4065,2.7824,2.9712
2022-05-04,0.8509,1.3627,2.6421,2.9344
2022-05-05,0.8102,1.3036,2.7034,3.0365
2022-05-06,0.8127,1.3112,2.7308,3.1265
2022-05-09,0.7999,1.3034,2.5938,3.0338
2022-05-10,0.8764,1.3987,2.6124,2.9908
2022-05-11,0.8866,1.3859,2.6371,2.9207
2022-05-12,0.9273,1.4115,2.5592,2.8479
2022-05-13,0.9425,1.4165,2.578,2.9185
2022-05-16,0.9807,1.4524,2.5698,2.8822
2022-05-17,1.0394,1.5041,2.7003,2.986
2022-05-18,0.9986,1.5093,2.6694,2.884
2022-05-19,0.9833,1.4681,2.6073,2.837
2022-05-20,1.0087,1.4628,2.5807,2.7811
2022-05-23,0.9858,1.4833,2.6204,2.8514
2022-05-24,1.0394,1.4759,2.4787,2.7506
2022-05-25,1.0394,1.4656,2.4919,2.7452
2022-05-26,1.0317,1.4681,2.4758,2.7469
2022-05-27,1.0316,1.491,2.4758,2.7378
2022-05-30,1.0316,1.491,2.4758,2.7378
2022-05-31,1.0392,1.5553,2.5565,2.8441
2022-06-01,1.1158,1.6071,2.6416,2.9058
2022-06-02,1.1158,1.6045,2.6296,2.9076
2022-06-03,1.131,1.6223,2.6525,2.9332
2022-06-06,1.1819,1.6789,2.7262,3.0399
2022-06-07,1.2459,1.7334,2.7265,2.9736
2022-06-08,1.2357,1.754,2.7739,3.0215
2022-06-09,1.2535,1.7875,2.8113,3.0418
2022-06-10,1.3018,1.9188,3.0632,3.1555
2022-06-13,1.534,2.2342,3.3541,3.3598
2022-06-14,1.7337,2.3516,3.4267,3.4733
2022-06-15,1.5879,2.1883,3.1908,3.2839
2022-06-16,1.4908,2.1597,3.0933,3.1952
2022-06-17,1.5646,2.198,3.1785,3.2256
2022-06-20,1.5646,2.198,3.1785,3.2256
2022-06-21,1.5186,2.3455,3.1963,3.2749
2022-06-22,1.5266,2.362,3.0559,3.1561
2022-06-23,1.57,2.3722,3.0145,3.087
2022-06-24,1.6311,2.4392,3.0632,3.1301
2022-06-27,1.6412,2.4935,3.1212,3.1997
2022-06-28,1.703,2.4347,3.1096,3.1715
2022-06-29,1.6748,2.484,3.0385,3.0891
2022-06-30,1.6262,2.4579,2.9533,3.0129
2022-07-01,1.6387,2.4442,2.8329,2.8803
2022-07-04,1.6387,2.4442,2.8329,2.8803
2022-07-05,1.6692,2.4882,2.8184,2.8054
2022-07-06,1.8359,2.5412,3.0018,2.928
2022-07-07,1.8588,2.58,3.0141,2.9945
2022-07-08,1.8841,2.608,3.1047,3.0803
2022-07-11,1.9991,2.6806,3.0718,2.9928
2022-07-12,2.1483,2.7155,3.0491,2.9687
2022-07-13,2.3148,2.8744,3.1547,2.9336
2022-07-14,2.3249,2.8455,3.1321,2.9595
2022-07-15,2.2886,2.8475,3.1201,2.9152
2022-07-18,2.2936,2.9072,3.1744,2.9855
2022-07-19,2.4432,2.9866,3.2374,3.0209
2022-07-20,2.4405,2.971,3.2272,3.0265
2022-07-21,2.4095,2.9342,3.085,2.8747
2022-07-22,2.3783,2.9022,2.97,2.7504
2022-07-25,2.4422,2.9411,3.0161,2.7959
2022-07-26,2.474,2.898,3.0528,2.8068
2022-07-27,2.3687,2.864,2.9979,2.7849
2022-07-28,2.3275,2.7804,2.8622,2.6759
2022-07-29,2.3168,2.837,2.8844,2.6487
2022-08-01,2.309,2.8004,2.8701,2.5732
2022-08-02,2.4355,2.9684,3.0508,2.7483
2022-08-03,2.4328,2.9292,3.0651,2.7046
2022-08-04,2.3967,2.929,3.0427,2.6883
2022-08-05,2.4706,3.03,3.2257,2.8268
2022-08-08,2.4961,3.0507,3.2053,2.7572
2022-08-09,2.5613,3.1016,3.2696,2.7773
2022-08-10,2.5688,3.0284,3.2141,2.7809
2022-08-11,2.5147,3.0203,3.2185,2.8876
2022-08-12,2.5168,3.0248,3.2422,2.8312
2022-08-15,2.5371,3.0402,3.1821,2.7878
2022-08-16,2.587,3.0859,3.2574,2.8041
2022-08-17,2.6073,3.0807,3.2848,2.8968
2022-08-18,2.62,3.0726,3.1974,2.8822
2022-08-19,2.6451,3.0927,3.2338,2.9721
2022-08-22,2.6962,3.1551,3.3098,3.0146
2022-08-23,2.6694,3.1226,3.2997,3.0461
2022-08-24,2.736,3.1983,3.3905,3.1039
2022-08-25,2.7846,3.1981,3.3661,3.0258
2022-08-26,2.8173,3.2051,3.3966,3.0409
2022-08-29,2.8531,3.2701,3.4232,3.1024
2022-08-30,2.8568,3.324,3.4416,3.1025
2022-08-31,2.9003,3.3318,3.4929,3.1926
2022-09-01,2.9077,3.3604,3.4994,3.2533
2022-09-02,2.8657,3.3015,3.3873,3.1894
2022-09-05,2.8657,3.3015,3.3873,3.1894
2022-09-06,2.9117,3.3745,3.5029,3.3492
2022-09-07,2.98,3.4078,3.4309,3.2635
2022-09-08,3.0029,3.4547,3.5035,3.317
2022-09-09,3.0073,3.5298,3.5565,3.3097
2022-09-12,3.0585,3.5478,3.5714,3.3578
2022-09-13,3.1321,3.7124,3.756,3.408
2022-09-14,3.1653,3.7729,3.7881,3.4043
2022-09-15,3.1084,3.7936,3.8646,3.4489
2022-09-16,3.0922,3.7871,3.8671,3.4494
2022-09-19,3.1176,3.8498,3.9358,3.4905
2022-09-20,3.181,3.7968,3.9665,3.563
2022-09-21,3.2271,3.8729,4.0484,3.5299
2022-09-22,3.1728,3.8567,4.1222,3.7138
2022-09-23,3.1822,3.8581,4.2011,3.6846
2022-09-26,3.2205,3.8156,4.3406,3.9244
2022-09-27,3.2377,3.9282,4.2829,3.9451
2022-09-28,3.2786,3.8545,4.1349,3.7312
2022-09-29,3.2809,3.8751,4.1924,3.7856
2022-09-30,3.2466,3.9029,4.2787,3.8286
2022-10-03,3.2128,3.9182,4.1134,3.6387
2022-10-04,3.3511,3.9599,4.0926,3.6329
2022-10-05,3.3508,3.9678,4.1481,3.7528
2022-10-06,3.3685,4.0253,4.2558,3.8236
2022-10-07,3.3312,4.0736,4.3078,3.8814
2022-10-10,3.3312,4.0736,4.3078,3.8814
2022-10-11,3.421,4.0969,4.3058,3.947
2022-10-12,3.6009,4.1498,4.2911,3.8962
2022-10-13,3.6961,4.2788,4.4635,3.9435
2022-10-14,3.6975,4.2826,4.4959,4.0184
2022-10-17,3.7358,4.327,4.4433,4.0104
2022-10-18,3.8725,4.3298,4.4286,4.0066
2022-10-19,3.9599,4.4354,4.5563,4.1335
2022-10-20,3.9621,4.4614,4.61,4.2283
2022-10-21,3.9272,4.3671,4.4723,4.2167
2022-10-24,3.9965,4.4354,4.5046,4.2424
2022-10-25,3.9655,4.499,4.4771,4.1021
2022-10-26,4.0013,4.4487,4.4039,4.0028
2022-10-27,4.0009,4.4111,4.2741,3.9187
2022-10-28,4.046,4.4756,4.4142,4.0123
2022-10-31,4.0559,4.5359,4.4824,4.0478
2022-11-01,4.0897,4.5838,4.5447,4.0419
2022-11-02,4.1229,4.552,4.6197,4.1005
2022-11-03,4.1276,4.5806,4.7138,4.1469
2022-11-04,4.1003,4.5603,4.6584,4.1584
2022-11-07,4.074,4.5624,4.7217,4.2135
2022-11-08,4.1544,4.5706,4.6506,4.1234
2022-11-09,4.1875,4.5626,4.5795,4.0923
2022-11-10,4.1572,4.5285,4.3321,3.8125
2022-11-11,4.1572,4.5285,4.3321,3.8125
2022-11-14,4.1593,4.5359,4.3888,3.8536
2022-11-15,4.1207,4.4622,4.3382,3.7696
2022-11-16,4.2082,4.5175,4.3549,3.6899
2022-11-17,4.1974,4.5726,4.452,3.7657
2022-11-18,4.2322,4.6133,4.5329,3.8288
2022-11-21,4.1774,4.6101,4.5523,3.8269
2022-11-22,4.1673,4.6893,4.5145,3.7559
2022-11-23,4.2207,4.6204,4.4773,3.6927
2022-11-24,4.2207,4.6204,4.4773,3.6927
2022-11-25,4.2606,4.6716,4.4526,3.6776
2022-11-28,4.2653,4.679,4.4381,3.6812
2022-11-29,4.3019,4.7059,4.4732,3.7441
2022-11-30,4.3196,4.6501,4.3102,3.6054
2022-12-01,4.2673,4.6389,4.2276,3.5048
2022-12-02,4.2477,4.6292,4.2717,3.4862
2022-12-05,4.2575,4.7002,4.3874,3.5736
2022-12-06,4.2631,4.7085,4.3664,3.5314
2022-12-07,4.2626,4.6714,4.2561,3.4169
2022-12-08,4.2414,4.7,4.3077,3.4819
2022-12-09,4.2632,4.7167,4.3443,3.5783
2022-12-12,4.2601,4.7373,4.3754,3.6113
2022-12-13,4.2994,4.6637,4.2183,3.5012
2022-12-14,4.3014,4.6634,4.2095,3.4774
2022-12-15,4.288,4.6495,4.2362,3.4463
2022-12-16,4.2503,4.6239,4.1783,3.4822
2022-12-19,4.2317,4.626,4.2557,3.5846
2022-12-20,4.2527,4.6687,4.2532,3.6825
2022-12-21,4.273,4.6395,4.2127,3.662
2022-12-22,4.3061,4.6416,4.2714,3.6786
2022-12-23,4.2834,4.6313,4.3211,3.7472
2022-12-26,4.2834,4.6313,4.3211,3.7472
2022-12-27,4.2467,4.636,4.3741,3.8411
2022-12-28,4.4361,4.7059,4.3512,3.8827
2022-12-29,4.376,4.7,4.3615,3.8145
2022-12-30,4.3429,4.7532,4.4258,3.8748
2023-01-02,4.3429,4.7532,4.4258,3.8748
2023-01-03,4.3553,4.7579,4.3699,3.7389
2023-01-04,4.4828,4.7537,4.3534,3.6827
2023-01-05,4.5937,4.8301,4.4576,3.7181
2023-01-06,4.579,4.7857,4.2474,3.558
2023-01-09,4.5939,4.809,4.2077,3.5321
2023-01-10,4.5845,4.8018,4.2472,3.6188
2023-01-11,4.6565,4.8281,4.2179,3.5392
2023-01-12,4.5755,4.7743,4.1447,3.44
2023-01-13,4.5732,4.7718,4.2321,3.5035
2023-01-16,4.5732,4.7718,4.2321,3.5035
2023-01-17,4.5778,4.742,4.2047,3.5476
2023-01-18,4.6383,4.7882,4.0825,3.3698
2023-01-19,4.6377,4.8062,4.1264,3.3915
2023-01-20,4.6282,4.8096,4.1702,3.4787
2023-01-23,4.6483,4.8116,4.2274,3.5098
2023-01-24,4.6545,4.8228,4.2103,3.4527
2023-01-25,4.6643,4.8068,4.125,3.4416
2023-01-26,4.6637,4.8168,4.1826,3.4947
2023-01-27,4.6645,4.8176,4.199,3.5035
2023-01-30,4.6535,4.7718,4.2341,3.5366
2023-01-31,4.6415,4.7962,4.2011,3.5069
2023-02-01,4.6383,4.7643,4.1063,3.4166
2023-02-02,4.6118,4.7557,4.1042,3.3927
2023-02-03,4.636,4.8149,4.2886,3.5246
2023-02-06,4.625,4.8196,4.4724,3.6399
2023-02-07,4.6441,4.8523,4.4644,3.6735
2023-02-08,4.6902,4.8999,4.4208,3.6098
2023-02-09,4.7259,4.9019,4.482,3.6579
2023-02-10,4.7345,4.8999,4.517,3.732
2023-02-13,4.7468,4.9232,4.5175,3.7016
2023-02-14,4.7142,4.9957,4.6154,3.7435
2023-02-15,4.7499,4.9717,4.6309,3.8049
2023-02-16,4.783,4.9977,4.64,3.8608
2023-02-17,4.7857,5.0082,4.6169,3.8148
2023-02-20,4.7857,5.0082,4.6169,3.8148
2023-02-21,4.7902,5.0182,4.7226,3.9525
2023-02-22,4.8174,5.0809,4.6933,3.9156
2023-02-23,4.8064,5.0669,4.6974,3.8768
2023-02-24,4.7811,5.0861,4.8136,3.9432
2023-02-27,4.7572,5.0641,4.7783,3.9141
2023-02-28,4.7687,5.1189,4.8158,3.92
2023-03-01,4.8485,5.1242,4.8764,3.9925
2023-03-02,4.8427,5.1262,4.885,4.0556
2023-03-03,4.8408,5.1107,4.8565,3.9517
2023-03-06,4.8375,5.1313,4.8861,3.9577
2023-03-07,4.9063,5.1719,5.0084,3.9637
2023-03-08,4.9758,5.2516,5.0701,3.9913
2023-03-09,4.9491,5.2055,4.87,3.9032
2023-03-10,4.8693,5.0462,4.5862,3.6987
2023-03-13,4.765,4.6127,3.9764,3.5732
2023-03-14,4.7557,4.8733,4.2504,3.6892
2023-03-15,4.6098,4.5485,3.8874,3.4548
2023-03-16,4.5937,4.8034,4.1572,3.577
2023-03-17,4.3356,4.602,3.8374,3.4286
2023-03-20,4.5292,4.7556,3.9763,3.4847
2023-03-21,4.6156,4.8733,4.1664,3.6094
2023-03-22,4.6591,4.8067,3.9367,3.4341
2023-03-23,4.5963,4.7261,3.833,3.4266
2023-03-24,4.6127,4.6924,3.7667,3.3762
2023-03-27,4.6509,4.8035,3.9952,3.5299
2023-03-28,4.6467,4.8067,4.0783,3.5696
2023-03-29,4.7239,4.8253,4.0989,3.5639
2023-03-30,4.7752,4.8513,4.1195,3.5488
2023-03-31,4.693,4.8574,4.0253,3.4676
2023-04-03,4.7183,4.8408,3.9634,3.4114
2023-04-04,4.7479,4.6398,3.8253,3.3387
2023-04-05,4.8174,4.7218,3.7798,3.3108
2023-04-06,4.7941,4.7539,3.8309,3.305
2023-04-07,4.752,4.8143,3.9806,3.3906
2023-04-10,4.962,4.8674,4.0077,3.4168
2023-04-11,4.9141,4.9293,4.0224,3.4262
2023-04-12,4.9446,4.916,3.9578,3.3906
2023-04-13,4.9569,4.9233,3.9683,3.4449
2023-04-14,4.9861,4.9746,4.0989,3.5128
2023-04-17,4.9906,5.0166,4.1942,3.6004
2023-04-18,5.0701,5.0468,4.1967,3.5756
2023-04-19,5.0901,5.0361,4.2437,3.5908
2023-04-20,5.0582,5.0247,4.1423,3.5318
2023-04-21,5.0172,4.9906,4.1816,3.5718
2023-04-24,4.9672,4.9873,4.0882,3.4901
2023-04-25,5.0233,4.932,3.9544,3.3996
2023-04-26,5.1083,4.9827,3.9509,3.4485
2023-04-27,5.144,5.0381,4.0682,3.5204
2023-04-28,5.0302,5.0013,4.0064,3.422
2023-05-01,5.0113,5.07,4.1407,3.5681
2023-05-02,5.1065,4.9321,3.9613,3.4239
2023-05-03,5.1811,4.9478,3.8048,3.3356
2023-05-04,5.1986,4.9604,3.7903,3.3787
2023-05-05,5.2016,5.0435,3.9139,3.437
2023-05-08,5.2008,5.0322,4.0012,3.5072
2023-05-09,5.1819,5.1269,4.0221,3.5186
2023-05-10,5.1967,5.0788,3.9098,3.4426
2023-05-11,5.1492,5.0781,3.8994,3.3843
2023-05-12,5.1522,5.084,3.9872,3.4625
2023-05-15,5.1229,5.1393,4.0104,3.5019
2023-05-16,5.1403,5.2045,4.0821,3.5339
2023-05-17,5.2176,5.2419,4.154,3.5641
2023-05-18,5.2246,5.2974,4.2517,3.6457
2023-05-19,5.2172,5.287,4.2659,3.6726
2023-05-22,5.2242,5.2943,4.3154,3.7148
2023-05-23,5.2261,5.3364,4.316,3.6919
2023-05-24,5.3268,5.3819,4.3757,3.7419
2023-05-25,5.2818,5.4133,4.5329,3.8174
2023-05-26,5.2294,5.37,4.5619,3.7983
2023-05-29,5.2294,5.37,4.5619,3.7983
2023-05-30,5.252,5.4066,4.4501,3.6866
2023-05-31,5.3884,5.4199,4.4027,3.6426
2023-06-01,5.3433,5.379,4.3408,3.595
2023-06-02,5.3513,5.4407,4.4969,3.6907
2023-06-05,5.2828,5.4025,4.4659,3.6831
2023-06-06,5.2339,5.4133,4.4786,3.6602
2023-06-07,5.2722,5.3972,4.5563,3.7952
2023-06-08,5.2272,5.3616,4.5147,3.7179
2023-06-09,5.2354,5.3486,4.5956,3.7394
2023-06-12,5.2164,5.3505,4.577,3.7356
2023-06-13,5.1961,5.3303,4.6662,3.8133
2023-06-14,5.2162,5.3383,4.6879,3.7862
2023-06-15,5.1998,5.2893,4.6418,3.7165
2023-06-16,5.2151,5.3023,4.7141,3.7613
2023-06-19,5.2151,5.3023,4.7141,3.7613
2023-06-20,5.2143,5.3256,4.6847,3.7207
2023-06-21,5.2762,5.3946,4.7152,3.7189
2023-06-22,5.2885,5.3911,4.7909,3.7946
2023-06-23,5.2888,5.3941,4.7412,3.7347
2023-06-26,5.3063,5.412,4.744,3.7212
2023-06-27,5.277,5.3829,4.7554,3.7639
2023-06-28,5.3205,5.4306,4.7098,3.7078
2023-06-29,5.325,5.4325,4.8593,3.8383
2023-06-30,5.2836,5.406,4.8954,3.8367
2023-07-03,5.2768,5.4178,4.9358,3.8545
2023-07-04,5.3198,5.483,4.9358,3.8545
2023-07-05,5.3398,5.4696,4.9445,3.9315
2023-07-06,5.3521,5.4608,4.9806,4.0291
2023-07-07,5.3367,5.4289,4.9459,4.0616
2023-07-10,5.3385,5.4843,4.8576,3.9938
2023-07-11,5.3709,5.4964,4.8726,3.97
2023-07-12,5.378,5.4669,4.7462,3.8573
2023-07-13,5.385,5.4527,4.6303,3.7634
2023-07-14,5.3539,5.4315,4.7656,3.8322
2023-07-17,5.3923,5.4602,4.7424,3.8068
2023-07-18,5.384,5.475,4.7659,3.7853
2023-07-19,5.4015,5.4723,4.766,3.7483
2023-07-20,5.4033,5.4742,4.8387,3.8503
2023-07-21,5.4009,5.4503,4.8372,3.8349
2023-07-24,5.4105,5.4762,4.9191,3.8725
2023-07-25,5.4049,5.4364,4.8744,3.8845
2023-07-26,5.3962,5.4734,4.8516,3.8668
2023-07-27,5.4163,5.4859,4.9284,3.9982
2023-07-28,5.4087,5.4674,4.8744,3.9507
2023-07-31,5.4001,5.4479,4.8766,3.9588
2023-08-01,5.3797,5.4884,4.9016,4.023
2023-08-02,5.3763,5.4803,4.8767,4.0775
2023-08-03,5.3989,5.4715,4.881,4.1751
2023-08-04,5.3965,5.4476,4.7641,4.0338
2023-08-07,5.4035,5.4575,4.7619,4.0885
2023-08-08,5.4336,5.4911,4.7514,4.022
2023-08-09,5.4328,5.4964,4.808,4.0081
2023-08-10,5.4268,5.4795,4.8417,4.1055
2023-08-11,5.4191,5.4717,4.8947,4.1522
2023-08-14,5.4157,5.4896,4.9669,4.1913
2023-08-15,5.4075,5.4991,4.9522,4.211
2023-08-16,5.4432,5.5018,4.9652,4.2504
2023-08-17,5.4085,5.4742,4.9292,4.2741
2023-08-18,5.4296,5.4664,4.9425,4.2546
2023-08-21,5.434,5.5004,5.0006,4.3379
2023-08-22,5.4161,5.4444,5.0459,4.3241
2023-08-23,5.4362,5.4894,4.9667,4.1918
2023-08-24,5.4641,5.51,5.0229,4.2372
2023-08-25,5.4565,5.5289,5.0779,4.2354
2023-08-28,5.4843,5.5521,5.0479,4.202
2023-08-29,5.4344,5.534,4.8942,4.1197
2023-08-30,5.4466,5.5313,4.8859,4.1139
2023-08-31,5.4354,5.4956,4.8629,4.1081
2023-09-01,5.4087,5.4789,4.8785,4.1788
2023-09-04,5.4087,5.4789,4.8785,4.1788
2023-09-05,5.4131,5.5076,4.9597,4.2598
2023-09-06,5.4537,5.5286,5.0162,4.2797
2023-09-07,5.4424,5.5144,4.9469,4.2441
2023-09-08,5.4426,5.5226,4.9906,4.2641
2023-09-11,5.447,5.5218,4.9905,4.288
2023-09-12,5.4231,5.5206,5.02,4.2801
2023-09-13,5.4484,5.5206,4.9692,4.2485
2023-09-14,5.4607,5.5224,5.0114,4.2863
2023-09-15,5.453,5.5039,5.0325,4.3324
2023-09-18,5.4548,5.5137,5.0538,4.3026
2023-09-19,5.4336,5.4839,5.0901,4.3586
2023-09-20,5.4589,5.5152,5.1758,4.407
2023-09-21,5.4581,5.5171,5.1438,4.4942
2023-09-22,5.4661,5.5173,5.1097,4.4337
2023-09-25,5.4679,5.5325,5.1249,4.5334
2023-09-26,5.4422,5.5447,5.1207,4.5356
2023-09-27,5.47,5.5555,5.1354,4.6075
2023-09-28,5.4614,5.5412,5.0582,4.5748
2023-09-29,5.4459,5.5414,5.0436,4.5711
2023-10-02,5.4555,5.562,5.1041,4.6785
2023-10-03,5.478,5.5716,5.1502,4.7955
2023-10-04,5.4955,5.5662,5.0518,4.7329
2023-10-05,5.492,5.5519,5.0183,4.7185
2023-10-06,5.507,5.5834,5.0813,4.8009
2023-10-09,5.507,5.5834,5.0813,4.8009
2023-10-10,5.4696,5.5424,4.9696,4.653
2023-10-11,5.4928,5.5528,4.9821,4.5582
2023-10-12,5.4894,5.56,5.0687,4.6969
2023-10-13,5.4843,5.5548,5.0538,4.6124
2023-10-16,5.4783,5.5647,5.0985,4.706
2023-10-17,5.4858,5.5536,5.2095,4.8341
2023-10-18,5.4902,5.5689,5.2225,4.9149
2023-10-19,5.4659,5.5198,5.1585,4.9898
2023-10-20,5.4478,5.5199,5.0731,4.9137
2023-10-23,5.4522,5.5164,5.0474,4.8502
2023-10-24,5.424,5.5555,5.1119,4.8229
2023-10-25,5.4596,5.5555,5.1206,4.9549
2023-10-26,5.4484,5.5385,5.0395,4.8445
2023-10-27,5.4485,5.5173,5.0021,4.8346
2023-10-30,5.4529,5.5459,5.054,4.8942
2023-10-31,5.4623,5.5689,5.0873,4.9307
2023-11-01,5.4511,5.526,4.9436,4.7341
2023-11-02,5.4268,5.5117,4.9893,4.659
2023-11-03,5.3931,5.461,4.8386,4.5724
2023-11-06,5.4183,5.4789,4.9345,4.6431
2023-11-07,5.4153,5.4857,4.9176,4.5665
2023-11-08,5.4223,5.4857,4.932,4.4925
2023-11-09,5.4241,5.4661,5.0202,4.6241
2023-11-10,5.4035,5.4556,5.0623,4.6518
2023-11-13,5.4157,5.4843,5.0348,4.6399
2023-11-14,5.3788,5.4034,4.836,4.4473
2023-11-15,5.4067,5.424,4.9118,4.5314
2023-11-16,5.3928,5.3964,4.8375,4.4355
2023-11-17,5.3852,5.3967,4.8855,4.4354
2023-11-20,5.3844,5.4147,4.9109,4.4198
2023-11-21,5.3849,5.4366,4.8723,4.3926
2023-11-22,5.4093,5.4527,4.8996,4.4042
2023-11-23,5.4093,5.4527,4.8996,4.4042
2023-11-24,5.3939,5.4637,4.9484,4.4665
2023-11-27,5.3879,5.4441,4.888,4.3866
2023-11-28,5.4101,5.4401,4.7342,4.3207
2023-11-29,5.3962,5.3999,4.6455,4.2552
2023-11-30,5.3876,5.3991,4.6802,4.3264
2023-12-01,5.3513,5.3459,4.5384,4.1956
2023-12-04,5.3714,5.3772,4.6353,4.2529
2023-12-05,5.3553,5.3812,4.5767,4.1649
2023-12-06,5.3936,5.3678,4.5929,4.104
2023-12-07,5.3876,5.3429,4.5945,4.1495
2023-12-08,5.3722,5.378,4.7209,4.2256
2023-12-11,5.3818,5.3906,4.708,4.2333
2023-12-12,5.3814,5.3498,4.7308,4.2006
2023-12-13,5.3649,5.2954,4.4265,4.0164
2023-12-14,5.3746,5.3081,4.3882,3.9208
2023-12-15,5.3774,5.3191,4.4428,3.911
2023-12-18,5.3818,5.3371,4.4463,3.9314
2023-12-19,5.3631,5.3222,4.4394,3.9313
2023-12-20,5.3806,5.2954,4.3313,3.8474
2023-12-21,5.3667,5.2867,4.3474,3.8881
2023-12-22,5.3532,5.2542,4.3231,3.895
2023-12-25,5.3532,5.2542,4.3231,3.895
2023-12-26,5.3628,5.2588,4.352,3.8967
2023-12-27,5.3884,5.258,4.2416,3.7944
2023-12-28,5.372,5.2572,4.2767,3.8443
2023-12-29,5.3323,5.2462,4.2499,3.8791
2024-01-01,5.3323,5.2462,4.2499,3.8791
2024-01-02,5.3628,5.2508,4.3201,3.9294
2024-01-03,5.3884,5.2587,4.3305,3.9162
2024-01-04,5.3798,5.266,4.3845,3.9988
2024-01-05,5.367,5.2504,4.3807,4.0457
2024-01-08,5.374,5.2496,4.3746,4.0305
2024-01-09,5.3605,5.2239,4.3642,4.0133
2024-01-10,5.3727,5.2419,4.358,4.0283
2024-01-11,5.3693,5.2144,4.2451,3.9658
2024-01-12,5.3532,5.166,4.1441,3.939
2024-01-15,5.3532,5.166,4.1441,3.939
2024-01-16,5.355,5.2054,4.2195,4.0581
2024-01-17,5.3675,5.2178,4.3608,4.1019
2024-01-18,5.3537,5.2144,4.3524,4.142
2024-01-19,5.3357,5.2202,4.3845,4.1226
2024-01-22,5.3506,5.2248,4.3911,4.1052
2024-01-23,5.3474,5.2259,4.3678,4.1282
2024-01-24,5.3623,5.2312,4.3799,4.1762
2024-01-25,5.3511,5.1957,4.2932,4.1184
2024-01-26,5.3513,5.2095,4.3489,4.1373
2024-01-29,5.3584,5.2061,4.318,4.074
2024-01-30,5.3526,5.1938,4.3345,4.0319
2024-01-31,5.3597,5.1938,4.2067,3.9124
2024-02-01,5.3615,5.1743,4.2024,3.8802
2024-02-02,5.3618,5.2389,4.3638,4.0199
2024-02-05,5.3584,5.2542,4.4722,4.1579
2024-02-06,5.3631,5.2025,4.4035,4.1
2024-02-07,5.378,5.2339,4.4287,4.1211
2024-02-08,5.3824,5.2599,4.454,4.154
2024-02-09,5.3748,5.263,4.4799,4.1754
2024-02-12,5.3844,5.2943,4.4738,4.1793
2024-02-13,5.3866,5.3437,4.6578,4.3143
2024-02-14,5.378,5.3195,4.5778,4.2554
2024-02-15,5.3667,5.3134,4.574,4.23
2024-02-16,5.3688,5.3264,4.6416,4.2792
2024-02-19,5.3688,5.3264,4.6416,4.2792
2024-02-20,5.3628,5.3176,4.6121,4.2753
2024-02-21,5.3884,5.3437,4.666,4.3187
2024-02-22,5.398,5.3429,4.7116,4.3207
2024-02-23,5.3983,5.3432,4.6896,4.248
2024-02-26,5.4053,5.3531,4.7182,4.2795
2024-02-27,5.3788,5.3437,4.6933,4.3032
2024-02-28,5.391,5.3249,4.6374,4.2639
2024-02-29,5.3798,5.3215,4.6187,4.2502
2024-03-01,5.3722,5.287,4.5313,4.1798
2024-03-04,5.374,5.321,4.6017,4.2131
2024-03-05,5.3579,5.2882,4.5579,4.1525
2024-03-06,5.3858,5.3142,4.5536,4.102
2024-03-07,5.3798,5.3,4.5014,4.0827
2024-03-08,5.38,5.3004,4.4735,4.0749
2024-03-11,5.3923,5.3157,4.536,4.0982
2024-03-12,5.3788,5.3104,4.5862,4.1507
2024-03-13,5.3936,5.3157,4.6345,4.1899
2024-03-14,5.3902,5.3229,4.6936,4.2903
2024-03-15,5.3748,5.3233,4.7276,4.3063
2024-03-18,5.3897,5.3332,4.7319,4.3242
2024-03-19,5.3683,5.3344,4.6831,4.2925
2024-03-20,5.3806,5.2917,4.6023,4.2728
2024-03-21,5.3772,5.3016,4.6363,4.2669
2024-03-22,5.3618,5.2913,4.5891,4.1981
2024-03-25,5.3532,5.2932,4.6254,4.2454
2024-03-26,5.3553,5.305,4.591,4.2316
2024-03-27,5.3675,5.3023,4.5682,4.1903
2024-03-28,5.3618,5.3153,4.62,4.2003
2024-03-29,5.3618,5.3153,4.62,4.2003
2024-04-01,5.3662,5.3198,4.7053,4.3092
2024-04-02,5.356,5.2828,4.6888,4.3491
2024-04-03,5.3605,5.3142,4.6723,4.3472
2024-04-04,5.3545,5.292,4.6474,4.3094
2024-04-05,5.3626,5.3218,4.7505,4.4016
2024-04-08,5.3696,5.3291,4.7886,4.4198
2024-04-09,5.3474,5.3104,4.7426,4.3616
2024-04-10,5.3962,5.3691,4.9731,4.5435
2024-04-11,5.3928,5.3577,4.9609,4.5865
2024-04-12,5.3774,5.3393,4.8966,4.5216
2024-04-15,5.3766,5.3518,4.9205,4.6014
2024-04-16,5.3605,5.3638,4.9871,4.6674
2024-04-17,5.4015,5.3584,4.9321,4.5873
2024-04-18,5.4007,5.3657,4.9861,4.6326
2024-04-19,5.3722,5.366,4.9858,4.6207
2024-04-22,5.3949,5.3652,4.9713,4.6085
2024-04-23,5.3526,5.3558,4.931,4.6004
2024-04-24,5.4093,5.3638,4.9269,4.6417
2024-04-25,5.4059,5.3764,4.9975,4.7039
2024-04-26,5.3931,5.374,4.9934,4.663
2024-04-29,5.3949,5.3652,4.9767,4.6136
2024-04-30,5.3918,5.39,5.0351,4.6798
2024-05-01,5.4067,5.3758,4.9602,4.6283
2024-05-02,5.3954,5.3777,4.8727,4.5811
2024-05-03,5.3852,5.3646,4.816,4.5077
2024-05-06,5.3923,5.3719,4.8305,4.4874
2024-05-07,5.3918,5.3611,4.8304,4.457
2024-05-08,5.3858,5.3611,4.8365,4.4937
2024-05-09,5.3902,5.3577,4.8154,4.4531
2024-05-10,5.3957,5.3713,4.8655,4.4963
2024-05-13,5.3792,5.3759,4.8612,4.4865
2024-05-14,5.3788,5.3691,4.8147,4.4394
2024-05-15,5.3962,5.3531,4.7237,4.34
2024-05-16,5.3954,5.3577,4.7953,4.375
2024-05-17,5.3904,5.3633,4.8245,4.4198
2024-05-20,5.3923,5.3678,4.8478,4.4433
2024-05-21,5.3814,5.3665,4.8285,4.412
2024-05-22,5.4067,5.3745,4.869,4.4218
2024-05-23,5.4033,5.3817,4.9353,4.4767
2024-05-24,5.3975,5.3812,4.9461,4.465
2024-05-27,5.4001,5.3812,,
2024-05-28,5.4019,5.3751,4.9764,4.55
2024-05-29,5.4067,5.39,4.9726,4.6117
2024-05-30,5.4085,5.3758,4.9248,4.546
2024-05-31,5.4009,5.3788,4.8727,4.4985
2024-06-03,5.4001,5.37,4.808,4.3884
2024-06-04,5.3866,5.3478,4.7704,4.3259
2024-06-05,5.3962,5.3451,4.7222,4.2755
2024-06-06,5.3902,5.3336,4.724,4.287
2024-06-07,5.3852,5.3686,4.8868,4.4335
2024-06-10,5.3766,5.3678,4.8804,4.467
2024-06-11,5.3667,5.3665,4.834,4.404
2024-06-12,5.3841,5.3558,4.7518,4.316
2024-06-13,5.3755,5.3363,4.6969,4.2442
2024-06-14,5.3783,5.3339,4.7044,4.2209
2024-06-17,5.3827,5.3572,4.7655,4.2809
2024-06-18,5.3789,5.3504,4.712,4.2227
2024-06-19,5.3789,5.3504,4.712,4.2227
2024-06-20,5.3677,5.3496,4.7372,4.2594
2024-06-21,5.3575,5.3446,4.7322,4.2554
2024-06-24,5.3463,5.3465,4.7234,4.2321
2024-06-25,5.3432,5.3096,4.7424,4.2476
2024-06-26,5.3737,5.3544,4.7472,4.3294
2024-06-27,5.3677,5.3348,4.712,4.2864
2024-06-28,5.3549,5.3218,4.7535,4.3961
2024-07-01,5.3567,5.3184,4.7556,4.4613
2024-07-02,5.3683,5.3069,4.7412,4.4316
2024-07-03,5.3824,5.2989,4.7059,4.3587
2024-07-04,5.3824,5.2989,4.7059,4.3587
2024-07-05,5.3748,5.2806,4.6035,4.2784
2024-07-08,5.3714,5.2852,4.6285,4.2783
2024-07-09,5.3536,5.2863,4.6264,4.2959
2024-07-10,5.3685,5.2837,4.62,4.2841
2024-07-11,5.3391,5.2082,4.513,4.2101
2024-07-12,5.3315,5.1793,4.4514,4.1829
2024-07-15,5.3255,5.1759,4.4575,4.2294
2024-07-16,5.3302,5.1822,4.4172,4.1576
2024-07-17,5.3346,5.1876,4.4379,4.1576
2024-07-18,5.3339,5.1868,4.4714,4.2021
2024-07-19,5.3289,5.1926,4.5109,4.2389
2024-07-22,5.3203,5.1919,4.517,4.2525
2024-07-23,5.299,5.1464,4.4913,4.2506
2024-07-24,5.3112,5.1617,4.4307,4.2838
2024-07-25,5.3052,5.1556,4.4307,4.2407
2024-07-26,5.2899,5.1401,4.3832,4.1939
2024-07-29,5.284,5.1447,4.3997,4.1744
2024-07-30,5.2822,5.1102,4.3585,4.1394
2024-07-31,5.284,5.0863,4.2575,4.0296
2024-08-01,5.252,5.0136,4.1482,3.976
2024-08-02,5.1742,4.8388,3.8798,3.7904
2024-08-05,5.2099,4.878,3.9201,3.7884
2024-08-06,5.2001,4.9425,3.9751,3.8919
2024-08-07,5.2202,4.9398,3.9621,3.9431
2024-08-08,5.2142,4.9711,4.038,3.9877
2024-08-09,5.2068,4.9743,4.0531,3.9398
2024-08-12,5.2086,4.9737,4.0173,3.9035
2024-08-13,5.1767,4.9238,3.9294,3.8428
2024-08-14,5.2019,4.9504,3.9558,3.8352
2024-08-15,5.2194,4.9977,4.0929,3.9131
2024-08-16,5.2094,4.969,4.0497,3.8826
2024-08-19,5.1931,4.9683,4.066,3.8711
2024-08-20,5.1689,4.9086,3.9836,3.8067
2024-08-21,5.1447,4.8866,3.9305,3.801
2024-08-22,5.1596,4.934,4.0035,3.8521
2024-08-23,5.1289,4.8867,3.9153,3.799
2024-08-26,5.1255,4.8994,3.9358,3.816
2024-08-27,5.1003,4.8334,3.8992,3.8216
2024-08-28,5.1048,4.8361,3.865,3.8349
2024-08-29,5.1197,4.8593,3.8939,3.8615
2024-08-30,5.1117,4.8568,3.9165,3.9034
2024-09-02,5.1117,4.8568,3.9165,3.9034
2024-09-03,5.1109,4.8402,3.8631,3.831
2024-09-04,5.0771,4.759,3.7539,3.7552
2024-09-05,5.0582,4.7451,3.7435,3.7269
2024-09-06,5.051,4.7167,3.6462,3.708
2024-09-09,5.0191,4.7214,3.6688,3.7004
2024-09-10,4.9583,4.6687,3.5941,3.6423
2024-09-11,5.0018,4.7431,3.6415,3.6534
2024-09-12,4.9621,4.7079,3.6392,3.674
2024-09-13,4.8797,4.6319,3.5824,3.6513
2024-09-16,4.8609,4.5862,3.5509,3.6176
2024-09-17,4.8466,4.5205,3.6048,3.6456
2024-09-18,4.7499,4.5069,3.6172,3.7038
2024-09-19,4.713,4.4719,3.5813,3.7131
2024-09-20,4.6541,4.4597,3.591,3.7413
2024-09-23,4.6147,4.4354,3.5866,3.7489
2024-09-24,4.6048,4.3666,3.5379,3.728
2024-09-25,4.6146,4.3825,3.5592,3.7849
2024-09-26,4.6141,4.4005,3.6287,3.7963
2024-09-27,4.6019,4.383,3.5592,3.7506
2024-09-30,4.6169,4.4036,3.6411,3.7809
2024-10-01,4.5689,4.356,3.6043,3.7315
2024-10-02,4.5891,4.3587,3.6414,3.7809
2024-10-03,4.5807,4.3687,3.7053,3.8458
2024-10-04,4.6127,4.4412,3.9217,3.9672
2024-10-07,4.6458,4.4354,3.9952,4.0256
2024-10-08,4.626,4.4381,3.9582,4.0119
2024-10-09,4.6513,4.4619,4.0215,4.0726
2024-10-10,4.6403,4.4561,3.9573,4.0608
2024-10-11,4.625,4.4433,3.9554,4.1003
2024-10-14,4.625,4.4433,3.9554,4.1003
2024-10-15,4.6193,4.4348,3.9454,4.0317
2024-10-16,4.6202,4.4248,3.9376,4.0122
2024-10-17,4.6377,4.4455,3.9719,4.0906
2024-10-18,4.6282,4.4386,3.9483,4.0828
2024-10-21,4.6224,4.4883,4.0317,4.1956
2024-10-22,4.6256,4.4672,4.0324,4.2076
2024-10-23,4.6302,4.4884,4.0779,4.2456
2024-10-24,4.6141,4.4905,4.0787,4.2118
2024-10-25,4.6331,4.5153,4.1046,4.2399
2024-10-28,4.6091,4.4883,4.1377,4.2821
2024-10-29,4.5896,4.4751,4.0962,4.2541
2024-10-30,4.5761,4.4725,4.1826,4.3004
2024-10-31,4.5418,4.4561,4.1702,4.2844
2024-11-01,4.5013,4.4359,4.2054,4.3836
2024-11-04,4.5214,4.4142,4.1599,4.2847
2024-11-05,4.53,4.4142,4.1765,4.2708
2024-11-06,4.532,4.4301,4.2617,4.4315
2024-11-07,4.5341,4.4111,4.1994,4.3257
2024-11-08,4.524,4.438,4.2539,4.3043
2024-11-11,4.524,4.438,4.2539,4.3043
2024-11-12,4.5287,4.4692,4.3401,4.4275
2024-11-13,4.4957,4.4275,4.2857,4.4512
2024-11-14,4.5237,4.4799,4.3448,4.4354
2024-11-15,4.4909,4.4597,4.3033,4.4394
2024-11-18,4.5111,4.4671,4.2802,4.4138
2024-11-19,4.519,4.4593,4.2803,4.3962
2024-11-20,4.5314,4.4698,4.3144,4.41
2024-11-21,4.5387,4.4799,4.3487,4.4218
2024-11-22,4.537,4.4862,4.373,4.4002
2024-11-25,4.5234,4.4803,4.2685,4.2731
2024-11-26,4.4859,4.4719,4.2561,4.3062
2024-11-27,4.4926,4.4534,4.2272,4.2634
2024-11-28,4.4926,4.4534,4.2272,4.2634
2024-11-29,4.4858,4.4386,4.1509,4.1685
2024-12-02,4.4619,4.4301,4.1796,4.1897
2024-12-03,4.447,4.4063,4.1795,4.2245
2024-12-04,4.4543,4.3745,4.1256,4.18
2024-12-05,4.4408,4.3872,4.144,4.1761
2024-12-06,4.3874,4.346,4.1039,4.1529
2024-12-09,4.392,4.3508,4.1245,4.2012
2024-12-10,4.3641,4.3219,4.143,4.2263
2024-12-11,4.3584,4.3084,4.1532,4.2711
2024-12-12,4.3268,4.3052,4.1906,4.3278
2024-12-13,4.3201,4.3143,4.2448,4.3967
2024-12-16,4.3067,4.3085,4.249,4.3967
2024-12-17,4.3253,4.3034,4.2447,4.3987
2024-12-18,4.3377,4.3007,4.3545,4.514
2024-12-19,4.3268,4.2925,4.3165,4.5621
2024-12-20,4.3175,4.291,4.3102,4.5222
2024-12-23,4.3144,4.2958,4.3401,4.5865
2024-12-24,4.3066,4.2978,4.3324,4.5887
2024-12-25,4.3066,4.2978,4.3324,4.5887
2024-12-26,4.3191,4.3026,4.3283,4.5827
2024-12-27,4.2735,4.2905,4.3262,4.6253
2024-12-30,4.2782,4.2821,4.2418,4.5327
2024-12-31,4.3144,4.2661,4.2416,4.569
2025-01-01,4.3144,4.2661,4.2416,4.569
2025-01-02,4.3061,4.2735,4.2395,4.559
2025-01-03,4.2917,4.272,4.2787,4.5975
2025-01-06,4.2911,4.2662,4.2745,4.63
2025-01-07,4.3071,4.2584,4.2911,4.685
2025-01-08,4.3066,4.2687,4.2828,4.6892
2025-01-09,4.3035,4.2656,4.264,4.6893
2025-01-10,4.3175,4.2905,4.3792,4.7592
2025-01-13,4.317,4.3138,4.3793,4.7779
2025-01-14,4.3045,4.319,4.3668,4.7924
2025-01-15,4.3014,4.2899,4.2638,4.6531
2025-01-16,4.2983,4.292,4.23,4.6125
2025-01-17,4.2963,4.3032,4.2826,4.627
2025-01-20,4.2963,4.3032,4.2826,4.627
2025-01-21,4.2984,4.3106,4.2741,4.5764
2025-01-22,4.317,4.3057,4.2975,4.6109
2025-01-23,4.3139,4.2947,4.289,4.6436
2025-01-24,4.3046,4.2799,4.2655,4.6214
2025-01-27,4.2911,4.2662,4.195,4.5343
2025-01-28,4.2838,4.2793,4.1949,4.5323
2025-01-29,4.2885,4.2925,4.2135,4.5284
2025-01-30,4.2854,4.2999,4.2073,4.5163
2025-01-31,4.2839,4.2984,4.1971,4.5387
2025-02-03,4.2911,4.3164,4.2489,4.555
2025-02-04,4.3097,4.2928,4.2137,4.5105
2025-02-05,4.3144,4.3005,4.1868,4.4181
2025-02-06,4.3191,4.3052,4.2118,4.4342
2025-02-07,4.3279,4.3275,4.2892,4.4947
2025-02-10,4.3325,4.3323,4.2747,4.4968
2025-02-11,4.3149,4.3401,4.2833,4.5352
2025-02-12,4.3273,4.3613,4.3548,4.6208
2025-02-13,4.3165,4.3608,4.3067,4.5288
2025-02-14,4.3118,4.3534,4.2589,4.4762
2025-02-17,4.3118,4.3534,4.2589,4.4762
2025-02-18,4.3139,4.3767,4.3056,4.5503
2025-02-19,4.3196,4.3639,4.2676,4.5327
2025-02-20,4.3113,4.3555,4.2699,4.5053
2025-02-21,4.2994,4.3249,4.198,4.4313
2025-02-24,4.2886,4.3243,4.1747,4.4003
2025-02-25,4.2812,4.3084,4.0942,4.2945
2025-02-26,4.2963,4.3084,4.0716,4.2562
2025-02-27,4.2958,4.2947,4.0511,4.2599
2025-02-28,4.2942,4.272,3.9889,4.2082
2025-03-03,4.2937,4.2636,3.9496,4.1551
2025-03-04,4.2838,4.2425,3.9905,4.2442
2025-03-05,4.304,4.2476,4.0047,4.2785
2025-03-06,4.2983,4.2233,3.959,4.2784
2025-03-07,4.2994,4.2377,3.9997,4.3011
2025-03-10,4.2782,4.2081,3.8833,4.2131
2025-03-11,4.2812,4.2211,3.9431,4.2799
2025-03-12,4.2988,4.2317,3.9866,4.3124
2025-03-13,4.2958,4.2259,3.9571,4.2682
2025-03-14,4.2917,4.243,4.017,4.3121
2025-03-17,4.286,4.2557,4.0441,4.2985
2025-03-18,4.2817,4.2502,4.0398,4.2831
2025-03-19,4.2942,4.237,3.9723,4.2428
2025-03-20,4.2911,4.2286,3.9636,4.2369
2025-03-21,4.287,4.2271,3.9481,4.2462
2025-03-24,4.2839,4.2293,4.0346,4.3346
2025-03-25,4.276,4.2238,4.0132,4.3133
2025-03-26,4.2937,4.2264,4.0166,4.3519
2025-03-27,4.2932,4.2339,3.9899,4.3595
2025-03-28,4.2917,4.2166,3.9119,4.2494
2025-03-31,4.2937,4.2213,3.8832,4.2053
2025-04-01,4.2916,4.195,3.8811,4.1689
2025-04-02,4.2988,4.2185,3.8584,4.1307
2025-04-03,4.288,4.1731,3.6817,4.0286
2025-04-04,4.2425,4.082,3.652,3.9943
2025-04-07,4.2601,4.1475,3.7629,4.1835
2025-04-08,4.2916,4.1155,3.7256,4.2929
2025-04-09,4.3196,4.1974,3.9077,4.3315
2025-04-10,4.3113,4.152,3.862,4.4249
2025-04-11,4.3098,4.1822,3.9599,4.4895
2025-04-14,4.2989,4.1738,3.845,4.3739
2025-04-15,4.2968,4.1842,3.8449,4.333
2025-04-16,4.3066,4.1762,3.7695,4.2768
2025-04-17,4.3098,4.1902,3.7982,4.3249
2025-04-18,4.3098,4.1902,3.7982,4.3249
2025-04-21,4.317,4.1923,3.7623,4.4106
2025-04-22,4.3019,4.1868,3.819,4.4008
2025-04-23,4.3118,4.2053,3.8709,4.3812
2025-04-24,4.2983,4.1969,3.7971,4.3149
2025-04-25,4.2917,4.1902,3.748,4.2353
2025-04-28,4.286,4.195,3.6928,4.2082
2025-04-29,4.2812,4.1712,3.6499,4.1716
2025-04-30,4.2859,4.1736,3.6027,4.1619
2025-05-01,4.2906,4.189,3.6987,4.2176
2025-05-02,4.3123,4.2403,3.8239,4.3083
2025-05-05,4.3093,4.2345,3.8323,4.3433
2025-05-06,4.3019,4.2079,3.7827,4.2946
2025-05-07,4.3196,4.2132,3.7765,4.2694
2025-05-08,4.3242,4.2418,3.8739,4.3785
2025-05-09,4.3201,4.2324,3.891,4.3785
2025-05-12,4.3791,4.2451,4.0103,4.4709
2025-05-13,4.3745,4.2502,4.0001,4.465
2025-05-14,4.3843,4.2608,4.0508,4.5363
2025-05-15,4.3553,4.2444,3.9608,4.4315
2025-05-16,4.3356,4.2614,3.9995,4.477
2025-05-19,4.3377,4.2742,3.9765,4.4474
2025-05-20,4.3201,4.2767,3.9704,4.4869
2025-05-21,4.3377,4.2952,4.0194,4.5985
2025-05-22,4.3346,4.2947,3.99,4.5287
2025-05-23,4.3325,4.3006,3.9912,4.511
2025-05-26,4.3377,4.2979,,
2025-05-27,4.301,4.3001,3.9808,4.4436
2025-05-28,4.3273,4.3113,3.9901,4.4773
2025-05-29,4.3372,4.311,3.9386,4.418
2025-05-30,4.333,4.3095,3.8975,4.4004
2025-06-02,4.3299,4.2905,3.9366,4.4399
2025-06-03,4.3201,4.2899,3.9511,4.4537
2025-06-04,4.3377,4.2634,3.8665,4.3552
2025-06-05,4.332,4.2603,3.9201,4.3906
2025-06-06,4.3356,4.2905,4.0365,4.5056
2025-06-09,4.3455,4.2926,4.0034,4.4738
2025-06-10,4.3356,4.2978,4.0181,4.4698
2025-06-11,4.3532,4.2899,3.9515,4.4203
2025-06-12,4.3631,4.2709,3.9077,4.3592
2025-06-13,4.3486,4.2667,3.9475,4.3987
2025-06-16,4.3532,4.2953,3.9664,4.4462
2025-06-17,4.3071,4.2867,3.9518,4.3888
2025-06-18,4.3191,4.2814,3.9414,4.3909
2025-06-19,4.3191,4.2814,3.9414,4.3909
2025-06-20,4.2994,4.272,3.9077,4.3751
2025-06-23,4.2627,4.2451,3.8633,4.3475
2025-06-24,4.2605,4.2293,3.8251,4.2945
2025-06-25,4.2885,4.2346,3.7807,4.2906
2025-06-26,4.3061,4.2344,3.7193,4.2417
2025-06-27,4.2942,4.2329,3.748,4.2769
2025-06-30,4.2911,4.2456,3.7192,4.228
2025-07-01,4.3227,4.2373,3.7725,4.2416
2025-07-02,4.3273,4.2346,3.7848,4.2769
2025-07-03,4.3512,4.291,3.8799,4.3457
2025-07-04,4.3512,4.291,3.8799,4.3457
2025-07-07,4.3429,4.2826,3.8946,4.3794
2025-07-08,4.346,4.2872,3.8905,4.3992
2025-07-09,4.3584,4.2661,3.8429,4.332
2025-07-10,4.3501,4.2603,3.8721,4.3498
2025-07-11,4.3305,4.2562,3.885,4.4093
2025-07-14,4.3325,4.2636,3.8998,4.4333
2025-07-15,4.3304,4.2846,3.9398,4.4813
2025-07-16,4.3325,4.2634,3.8917,4.4553
2025-07-17,4.3372,4.2735,3.9045,4.4513
2025-07-18,4.3279,4.2562,3.8691,4.4155
2025-07-21,4.3222,4.2609,3.8608,4.3777
2025-07-22,4.3071,4.2267,3.8334,4.344
2025-07-23,4.3455,4.2634,3.88,4.3798
2025-07-24,4.3501,4.2709,3.9162,4.3957
2025-07-25,4.346,4.2667,3.9232,4.3878
2025-07-28,4.3351,4.2557,3.9255,4.4098
2025-07-29,4.333,4.2396,3.8689,4.3204
2025-07-30,4.3377,4.2714,3.9406,4.37
2025-07-31,4.3372,4.2682,3.9571,4.374
2025-08-01,4.2658,4.0978,3.6817,4.2159
2025-08-04,4.2446,4.0974,3.6752,4.1923
2025-08-05,4.232,4.1129,3.7242,4.21
2025-08-06,4.2289,4.1076,3.7137,4.2257
2025-08-07,4.2362,4.1071,3.7279,4.25
2025-08-08,4.2373,4.1163,3.7624,4.2829
2025-08-11,4.242,4.1105,3.7684,4.2849
2025-08-12,4.2191,4.0759,3.7308,4.2888
2025-08-13,4.2005,4.0416,3.6745,4.2326
2025-08-14,4.2129,4.0755,3.7324,4.2849
2025-08-15,4.2115,4.0688,3.7505,4.316
2025-08-18,4.2213,4.0736,3.7629,4.3335
2025-08-19,4.1958,4.0471,3.748,4.3062
2025-08-20,4.2082,4.0574,3.7478,4.2907
2025-08-21,4.231,4.0939,3.7918,4.3277
2025-08-22,4.183,4.0372,3.6963,4.2537
2025-08-25,4.1929,4.0367,3.7235,4.2751
2025-08-26,4.173,4.0126,3.6789,4.2615
2025-08-27,4.1725,3.9968,3.6085,4.2343
2025-08-28,4.172,4.0042,3.629,4.2033
2025-08-29,4.1391,3.9604,3.6167,4.2284
2025-09-01,4.1391,3.9604,3.6167,4.2284
2025-09-02,4.1179,3.9784,3.6392,4.2614
2025-09-03,4.1177,3.9783,3.6166,4.2168
2025-09-04,4.0758,3.9463,3.5878,4.1607
2025-09-05,4.0021,3.8713,3.5092,4.0742
2025-09-08,4.0172,3.8603,3.4863,4.0398
2025-09-09,4.0172,3.8703,3.5584,4.0875
2025-09-10,4.0297,3.8545,3.5438,4.0454
2025-09-11,4.0215,3.8383,3.5415,4.0206
2025-09-12,4.0202,3.8529,3.5556,4.0643
2025-09-15,3.9888,3.8446,3.5368,4.0375
2025-09-16,3.9526,3.8047,3.5033,4.0279
2025-09-17,3.9651,3.8124,3.5531,4.0872
2025-09-18,3.9724,3.8278,3.5635,4.1044
2025-09-19,3.9608,3.8292,3.5715,4.1274
2025-09-22,3.9371,3.834,3.603,4.1467
2025-09-23,3.9246,3.8255,3.586,4.1061
2025-09-24,3.9526,3.8361,3.6041,4.1466
2025-09-25,3.9703,3.862,3.6553,4.1698
2025-09-26,3.9483,3.8476,3.643,4.1755
2025-09-29,3.953,3.8498,3.6205,4.1387
2025-09-30,3.9323,3.8361,3.6083,4.1503
2025-10-01,3.9293,3.8071,3.5347,4.0981
2025-10-02,3.9418,3.812,3.5388,4.0827
2025-10-03,3.9509,3.8213,3.5759,4.1192
2025-10-06,3.9401,3.8183,3.5883,4.152
2025-10-07,3.9138,3.8071,3.5636,4.123
2025-10-08,3.9315,3.8203,3.5802,4.1171
2025-10-09,3.9517,3.8383,3.5927,4.1384
2025-10-10,3.9423,3.813,3.5015,4.0322
2025-10-13,3.9423,3.813,3.5015,4.0322
2025-10-14,3.9315,3.8126,3.4807,4.0321
2025-10-15,3.9496,3.8203,3.4973,4.0282
2025-10-16,3.9337,3.7857,3.4243,3.9745
2025-10-17,3.9143,3.7897,3.4573,4.0088
2025-10-20,3.8726,3.7841,3.4552,3.98
2025-10-21,3.8647,3.7729,3.4551,3.9627
2025-10-22,3.8772,3.7755,3.4445,3.9493
2025-10-23,3.8794,3.7804,3.4885,4.0009
2025-10-24,3.8446,3.7556,3.4799,4.0007
2025-10-27,3.8132,3.7447,3.4905,3.9795
2025-10-28,3.7924,3.7361,3.4898,3.9756
2025-10-29,3.8746,3.8229,3.598,4.0757
2025-10-30,3.8355,3.8041,3.6082,4.097
2025-10-31,3.8007,3.8029,3.5736,4.0775
2025-11-03,3.8597,3.8183,3.6045,4.1104
2025-11-04,3.8647,3.7939,3.5758,4.0852
2025-11-05,3.8772,3.815,3.6295,4.1591
2025-11-06,3.8484,3.7778,3.5553,4.0831
2025-11-07,3.8446,3.7766,3.5616,4.0966
2025-11-10,3.8696,3.8047,3.5908,4.116
2025-11-11,3.8285,3.7652,3.5908,4.116
2025-11-12,3.8695,3.7966,3.568,4.0693
2025-11-13,3.8794,3.812,3.5909,4.1192
2025-11-14,3.8756,3.816,3.6058,4.1483
2025-11-17,3.8571,3.8209,3.6101,4.1386
2025-11-18,3.8518,3.8045,3.5725,4.1134
2025-11-19,3.8669,3.8229,3.5915,4.1367
2025-11-20,3.8613,3.8093,3.5327,4.0845
2025-11-21,3.8214,3.7608,3.5075,4.0633
2025-11-24,3.8158,3.7762,3.4969,4.0248
2025-11-25,3.7665,3.7646,3.4586,3.996
2025-11-26,3.8381,3.7778,3.475,3.9941
2025-11-27,3.8381,3.7778,3.475,3.9941
2025-11-28,3.7956,3.7635,3.4893,4.0132
2025-12-01,3.7668,3.7447,3.5304,4.0865
2025-12-02,3.7407,3.7124,3.508,4.0865
2025-12-03,3.7042,3.6782,3.4835,4.0633
2025-12-04,3.7012,3.6884,3.5226,4.0981
2025-12-05,3.6949,3.6767,3.5603,4.1351
2025-12-08,3.6946,3.6843,3.575,4.1643
2025-12-09,3.702,3.66,3.6147,4.1878
2025-12-10,3.6655,3.6204,3.5381,4.1468
2025-12-11,3.6419,3.6148,3.5404,4.1566
2025-12-12,3.6072,3.577,3.5222,4.1841
2025-12-15,3.6172,3.5898,3.5015,4.1723
2025-12-16,3.6064,3.5941,3.487,4.145
2025-12-17,3.619,3.5889,3.4829,4.1528
2025-12-18,3.6032,3.5833,3.46,4.1217
2025-12-19,3.6021,3.598,3.4834,4.1471
2025-12-22,3.6069,3.5924,3.5067,4.1628
2025-12-23,3.5832,3.5885,3.5321,4.1628
2025-12-24,3.6341,3.5807,3.5014,4.1335
2025-12-25,3.6341,3.5807,3.5014,4.1335
2025-12-26,3.6227,3.5717,3.479,4.1277
2025-12-29,3.6172,3.5845,3.4545,4.1102
2025-12-30,3.5419,3.5964,3.4484,4.1219
2025-12-31,3.6264,3.6017,3.473,4.167
2026-01-01,3.6264,3.6017,3.473,4.167
2026-01-02,3.6124,3.6006,3.4733,4.1907
2026-01-05,3.5914,3.5819,3.4508,4.1612
2026-01-06,3.5781,3.5576,3.4632,4.173
2026-01-07,3.588,3.5705,3.4695,4.1475
2026-01-08,3.5877,3.5728,3.4881,4.1672
2026-01-09,3.5918,3.5822,3.5321,4.1653
2026-01-12,3.612,3.595,3.5343,4.1752
2026-01-13,3.6323,3.5994,3.5324,4.1792
2026-01-14,3.6396,3.6047,3.5097,4.132
2026-01-15,3.6419,3.6148,3.5641,4.1694
2026-01-16,3.6301,3.6134,3.586,4.2229
2026-01-19,3.6301,3.6134,3.586,4.2229
2026-01-20,3.6478,3.6156,3.5968,4.2925
2026-01-21,3.668,3.6336,3.5845,4.2428
2026-01-22,3.6651,3.6306,3.6058,4.2449
2026-01-23,3.664,3.6295,3.594,4.2252
2026-01-26,3.6533,3.6317,3.59,4.2113
2026-01-27,3.6452,3.6336,3.5731,4.2432
2026-01-28,3.6655,3.6441,3.5712,4.2432
2026-01-29,3.6599,3.6384,3.5591,4.2313
2026-01-30,3.6537,3.6242,3.5224,4.2355
2026-02-02,3.661,3.6396,3.5716,4.2774
2026-02-03,3.6632,3.6258,3.5696,4.2655
2026-02-04,3.6758,3.6441,3.5532,4.2735
2026-02-05,3.6573,3.5833,3.4504,4.1801
2026-02-06,3.6691,3.6032,3.4976,4.206
2026-02-09,3.6765,3.6002,3.4851,4.2021
2026-02-10,3.6684,3.5915,3.452,4.1427
2026-02-11,3.6887,3.6047,3.5099,4.1724
2026-02-12,3.6806,3.6043,3.4559,4.0981
2026-02-13,3.6713,3.6029,3.4076,4.0483
2026-02-16,3.6713,3.6029,3.4076,4.0483
2026-02-17,3.671,3.6078,3.4325,4.0578
2026-02-18,3.6861,3.6152,3.4595,4.0827
2026-02-19,3.6754,3.6148,3.4573,4.0673
2026-02-20,3.6743,3.6242,3.4781,4.0826
2026-02-23,3.6662,3.6291,3.438,4.0309
2026-02-24,3.6607,3.6362,3.4611,4.029
2026-02-25,3.6629,3.6336,3.471,4.0519
2026-02-26,3.6702,3.6279,3.428,4.0041
2026-02-27,3.6562,3.6164,3.3749,3.9375
2026-03-02,3.6636,3.6391,3.4752,4.0345
2026-03-03,3.6721,3.619,3.5081,4.0594
2026-03-04,3.6777,3.6432,3.5473,4.0959
2026-03-05,3.6641,3.6409,3.5764,4.1363
2026-03-06,3.6571,3.6105,3.5605,4.1383
2026-03-09,3.6665,3.622,3.5359,4.0958
2026-03-10,3.666,3.6376,3.59,4.1557
2026-03-11,3.6793,3.6433,3.6527,4.2296
2026-03-12,3.6843,3.6539,3.7407,4.2609
2026-03-13,3.6835,3.6512,3.7169,4.2767
2026-03-16,3.6831,3.6663,3.6711,4.216
2026-03-17,3.6807,3.671,3.6736,4.1985
2026-03-18,3.6963,3.7014,3.7729,4.265
2026-03-19,3.69,3.7043,3.7924,4.2493
2026-03-20,3.7001,3.7401,3.8853,4.3856
