date,vix,vix_3m,vix_6m
2018-01-02,9.77,12.61,14.72
2018-01-03,9.15,12.32,14.41
2018-01-04,9.22,12.24,14.38
2018-01-05,9.22,12.06,14.19
2018-01-08,9.52,12.15,14.21
2018-01-09,10.08,12.41,14.32
2018-01-10,9.82,12.36,14.31
2018-01-11,9.88,12.16,14.11
2018-01-12,10.16,12.2,14.18
2018-01-16,11.66,13.23,14.99
2018-01-17,11.91,13.25,14.88
2018-01-18,12.22,13.58,15.15
2018-01-19,11.27,13.04,14.86
2018-01-22,11.03,12.99,14.84
2018-01-23,11.1,13.22,14.94
2018-01-24,11.47,13.53,15.25
2018-01-25,11.58,13.68,15.39
2018-01-26,11.08,13.46,15.11
2018-01-29,13.84,14.99,16.14
2018-01-30,14.79,15.83,16.78
2018-01-31,13.54,14.9,16.06
2018-02-01,13.47,14.72,15.9
2018-02-02,17.31,17.03,17.49
2018-02-05,37.32,28.13,24.55
2018-02-06,29.98,23.75,21.54
2018-02-07,27.73,23.03,21.76
2018-02-08,33.46,27.33,24.89
2018-02-09,29.06,24.92,23.18
2018-02-12,25.61,22.86,22.08
2018-02-13,24.97,22.65,21.67
2018-02-14,19.26,19.34,19.75
2018-02-15,19.13,19.08,19.4
2018-02-16,19.46,19.17,19.48
2018-02-20,20.6,20.01,20.04
2018-02-21,20.02,20.03,20.14
2018-02-22,18.72,19.06,19.36
2018-02-23,16.49,17.5,18.21
2018-02-26,15.8,16.92,17.6
2018-02-27,18.59,19.02,19.26
2018-02-28,19.85,19.89,19.99
2018-03-01,22.47,21.42,21.1
2018-03-02,19.59,19.86,19.97
2018-03-05,18.73,19.21,19.52
2018-03-06,18.36,19.24,19.6
2018-03-07,17.76,18.84,19.44
2018-03-08,16.54,18.18,18.88
2018-03-09,14.64,17.01,17.95
2018-03-12,15.78,17.8,18.65
2018-03-13,16.35,18.05,18.86
2018-03-14,17.23,18.78,19.4
2018-03-15,16.59,18.21,19.11
2018-03-16,15.8,17.74,18.69
2018-03-19,19.02,19.38,19.7
2018-03-20,18.2,18.88,19.54
2018-03-21,17.86,18.71,19.49
2018-03-22,23.34,21.66,21.44
2018-03-23,24.87,22.79,22.86
2018-03-26,21.03,20.7,20.9
2018-03-27,22.5,21.94,22.0
2018-03-28,22.87,22.31,22.29
2018-03-29,19.97,20.55,21.05
2018-04-02,23.62,22.57,22.33
2018-04-03,21.1,21.02,21.26
2018-04-04,20.06,20.42,20.85
2018-04-05,18.94,19.61,20.13
2018-04-06,21.49,21.2,21.41
2018-04-09,21.77,21.23,21.29
2018-04-10,20.47,20.4,20.75
2018-04-11,20.24,20.37,20.8
2018-04-12,18.49,19.28,19.98
2018-04-13,17.41,18.55,19.35
2018-04-16,16.56,17.82,18.77
2018-04-17,15.25,16.8,18.03
2018-04-18,15.6,16.8,17.93
2018-04-19,15.96,17.12,18.21
2018-04-20,16.88,17.72,18.65
2018-04-23,16.34,17.35,18.38
2018-04-24,18.02,18.23,19.0
2018-04-25,17.84,18.23,18.99
2018-04-26,16.24,17.29,18.29
2018-04-27,15.41,17.08,18.22
2018-04-30,15.93,17.34,18.33
2018-05-01,15.49,16.91,18.08
2018-05-02,15.97,17.26,18.32
2018-05-03,15.9,17.03,18.16
2018-05-04,14.77,16.65,17.84
2018-05-07,14.75,16.65,17.89
2018-05-08,14.71,16.48,17.76
2018-05-09,13.42,15.78,17.27
2018-05-10,13.23,15.24,16.83
2018-05-11,12.65,14.82,16.57
2018-05-14,12.93,14.53,16.26
2018-05-15,14.63,15.79,17.05
2018-05-16,13.42,15.14,16.6
2018-05-17,13.43,15.02,16.63
2018-05-18,13.42,15.19,16.79
2018-05-21,13.08,14.69,16.28
2018-05-22,13.22,14.88,16.4
2018-05-23,12.58,14.48,16.19
2018-05-24,12.53,14.43,16.16
2018-05-25,13.22,14.83,16.43
2018-05-29,17.02,17.13,17.94
2018-05-30,14.94,16.0,17.26
2018-05-31,15.43,16.33,17.54
2018-06-01,13.46,15.27,16.81
2018-06-04,12.74,14.9,16.47
2018-06-05,12.4,14.72,16.31
2018-06-06,11.64,14.19,15.97
2018-06-07,12.13,14.43,16.06
2018-06-08,12.18,14.6,16.13
2018-06-11,12.35,14.55,16.12
2018-06-12,12.34,14.59,16.17
2018-06-13,12.94,14.92,16.43
2018-06-14,12.12,14.4,16.09
2018-06-15,11.98,14.42,16.32
2018-06-18,12.31,14.48,16.35
2018-06-19,13.35,15.17,16.89
2018-06-20,12.79,14.79,16.52
2018-06-21,14.64,15.87,17.2
2018-06-22,13.77,15.5,16.92
2018-06-25,17.33,17.52,18.27
2018-06-26,15.92,16.87,17.79
2018-06-27,17.91,18.05,18.66
2018-06-28,16.85,17.52,18.29
2018-06-29,16.09,17.14,18.09
2018-07-02,15.6,16.95,17.97
2018-07-03,16.14,17.35,18.23
2018-07-05,14.97,16.53,17.63
2018-07-06,13.37,15.71,17.07
2018-07-09,12.69,14.87,16.29
2018-07-10,12.64,14.71,16.11
2018-07-11,13.63,15.38,16.54
2018-07-12,12.58,14.76,16.1
2018-07-13,12.18,14.54,15.9
2018-07-16,12.83,14.85,16.1
2018-07-17,12.06,14.4,15.83
2018-07-18,12.1,14.39,15.88
2018-07-19,12.87,14.97,16.22
2018-07-20,12.86,15.08,16.41
2018-07-23,12.62,14.86,16.24
2018-07-24,12.41,14.7,16.09
2018-07-25,12.29,14.55,15.89
2018-07-26,12.14,14.4,15.87
2018-07-27,13.03,15.0,16.22
2018-07-30,14.26,15.66,16.68
2018-07-31,12.83,14.87,16.21
2018-08-01,13.15,15.22,16.41
2018-08-02,12.19,14.76,16.08
2018-08-03,11.64,14.49,15.9
2018-08-06,11.27,14.23,15.68
2018-08-07,10.93,13.93,15.41
2018-08-08,10.85,13.96,15.45
2018-08-09,11.27,14.13,15.54
2018-08-10,13.16,15.22,16.29
2018-08-13,14.78,16.21,16.97
2018-08-14,13.31,15.35,16.39
2018-08-15,14.64,16.19,16.94
2018-08-16,13.45,15.51,16.47
2018-08-17,12.64,15.17,16.26
2018-08-20,12.49,15.0,16.15
2018-08-21,12.86,15.19,16.33
2018-08-22,12.25,15.08,16.25
2018-08-23,12.41,15.06,16.28
2018-08-24,11.99,14.82,16.07
2018-08-27,12.16,14.79,16.0
2018-08-28,12.5,15.11,16.25
2018-08-29,12.25,14.95,16.2
2018-08-30,13.53,15.54,16.69
2018-08-31,12.86,15.15,16.43
2018-09-04,13.16,15.45,16.59
2018-09-05,13.91,15.92,16.93
2018-09-06,14.65,16.34,17.26
2018-09-07,14.88,16.59,17.47
2018-09-10,14.16,16.17,17.15
2018-09-11,13.22,15.54,16.64
2018-09-12,13.14,15.32,16.4
2018-09-13,12.37,14.77,15.86
2018-09-14,12.07,14.37,15.6
2018-09-17,13.68,15.28,16.1
2018-09-18,12.79,15.04,15.99
2018-09-19,11.75,14.65,15.85
2018-09-20,11.8,14.51,15.7
2018-09-21,11.68,14.58,15.9
2018-09-24,12.2,14.77,15.96
2018-09-25,12.42,14.92,16.05
2018-09-26,12.89,15.15,16.2
2018-09-27,12.41,14.89,16.07
2018-09-28,12.12,14.77,15.98
2018-10-01,12.0,14.74,15.95
2018-10-02,12.05,14.84,16.03
2018-10-03,11.61,14.68,15.96
2018-10-04,14.22,15.84,16.7
2018-10-05,14.82,16.25,17.14
2018-10-08,15.69,16.51,17.36
2018-10-09,15.95,16.63,17.4
2018-10-10,22.96,20.7,20.31
2018-10-11,24.98,21.56,20.88
2018-10-12,21.31,19.84,19.87
2018-10-15,21.3,20.29,20.27
2018-10-16,17.62,17.96,18.58
2018-10-17,17.4,18.1,18.64
2018-10-18,20.06,19.86,19.93
2018-10-19,19.89,19.84,20.03
2018-10-22,19.64,19.82,20.01
2018-10-23,20.71,20.28,20.29
2018-10-24,25.23,22.62,22.04
2018-10-25,24.22,22.44,21.84
2018-10-26,24.16,22.48,21.97
2018-10-29,24.7,23.06,22.27
2018-10-30,23.35,22.23,21.72
2018-10-31,21.23,21.15,21.0
2018-11-01,19.34,20.07,20.23
2018-11-02,19.51,20.3,20.45
2018-11-05,19.96,20.2,20.25
2018-11-06,19.91,19.58,19.7
2018-11-07,16.36,17.62,18.29
2018-11-08,16.72,17.68,18.24
2018-11-09,17.36,18.46,18.94
2018-11-12,20.45,20.23,20.16
2018-11-13,20.02,20.27,20.29
2018-11-14,21.25,21.22,21.04
2018-11-15,19.98,20.31,20.48
2018-11-16,18.14,19.35,19.82
2018-11-19,20.1,20.64,20.79
2018-11-20,22.48,22.27,22.09
2018-11-21,20.8,21.32,21.47
2018-11-23,21.52,21.75,21.79
2018-11-26,18.9,20.11,20.55
2018-11-27,19.02,19.94,20.4
2018-11-28,18.49,19.28,19.79
2018-11-29,18.79,19.59,19.92
2018-11-30,18.07,18.89,19.49
2018-12-03,16.44,17.95,18.66
2018-12-04,20.74,20.75,20.6
2018-12-06,21.19,21.06,20.83
2018-12-07,23.23,22.44,21.89
2018-12-10,22.64,22.01,21.68
2018-12-11,21.76,21.72,21.57
2018-12-12,21.46,21.59,21.57
2018-12-13,20.65,21.35,21.61
2018-12-14,21.63,21.96,22.02
2018-12-17,24.52,23.41,23.05
2018-12-18,25.58,23.9,23.39
2018-12-19,25.58,24.02,23.62
2018-12-20,28.38,25.24,24.33
2018-12-21,30.11,26.23,24.86
2018-12-24,36.07,28.84,26.36
2018-12-26,30.41,25.69,24.37
2018-12-27,29.96,25.89,24.23
2018-12-28,28.34,25.32,23.95
2018-12-31,25.42,23.73,22.93
2019-01-02,23.22,22.75,22.31
2019-01-03,25.45,24.11,23.36
2019-01-04,21.38,21.86,21.76
2019-01-07,21.4,21.62,21.53
2019-01-08,20.47,21.14,21.17
2019-01-09,19.98,20.69,20.9
2019-01-10,19.5,20.52,20.86
2019-01-11,18.19,19.74,20.35
2019-01-14,19.07,19.93,20.39
2019-01-15,18.6,19.24,19.73
2019-01-16,19.04,19.53,19.84
2019-01-17,18.06,19.17,19.62
2019-01-18,17.8,18.84,19.27
2019-01-22,20.8,20.69,20.55
2019-01-23,19.52,20.08,20.09
2019-01-24,18.89,19.67,19.85
2019-01-25,17.42,18.82,19.3
2019-01-28,18.87,19.58,19.68
2019-01-29,19.13,19.6,19.68
2019-01-30,17.66,18.68,19.04
2019-01-31,16.57,17.88,18.44
2019-02-01,16.14,17.59,18.32
2019-02-04,15.73,17.19,17.96
2019-02-05,15.57,17.07,17.79
2019-02-06,15.38,16.9,17.69
2019-02-07,16.37,17.52,18.05
2019-02-08,15.72,17.26,17.9
2019-02-11,15.97,17.22,17.85
2019-02-12,15.43,16.82,17.51
2019-02-13,15.65,16.96,17.62
2019-02-14,16.22,17.32,17.98
2019-02-15,14.91,16.48,17.4
2019-02-19,14.88,16.45,17.19
2019-02-20,14.02,15.82,16.75
2019-02-21,14.46,16.16,16.97
2019-02-22,13.51,15.46,16.53
2019-02-25,14.85,16.0,16.81
2019-02-26,15.17,16.3,17.08
2019-02-27,14.7,15.99,16.83
2019-02-28,14.78,16.1,16.93
2019-03-01,13.57,15.38,16.48
2019-03-04,14.63,16.03,16.93
2019-03-05,14.74,16.15,16.99
2019-03-06,15.74,16.74,17.47
2019-03-07,16.59,17.3,17.87
2019-03-08,16.05,17.11,17.81
2019-03-11,14.33,16.01,17.0
2019-03-12,13.77,15.65,16.74
2019-03-13,13.41,15.33,16.46
2019-03-14,13.5,15.3,16.45
2019-03-15,12.88,14.98,16.24
2019-03-18,13.1,15.24,16.36
2019-03-19,13.56,15.56,16.61
2019-03-20,13.91,15.79,16.78
2019-03-21,13.63,15.51,16.5
2019-03-22,16.48,17.37,17.78
2019-03-25,16.33,17.45,17.83
2019-03-26,14.68,16.45,17.28
2019-03-27,15.15,16.78,17.56
2019-03-28,14.43,16.3,17.25
2019-03-29,13.71,15.8,16.89
2019-04-01,13.4,15.46,16.53
2019-04-02,13.36,15.54,16.63
2019-04-03,13.74,15.63,16.6
2019-04-04,13.58,15.48,16.56
2019-04-05,12.82,15.06,16.28
2019-04-08,13.18,15.28,16.38
2019-04-09,14.28,15.99,16.9
2019-04-10,13.3,15.38,16.49
2019-04-11,13.02,15.25,16.43
2019-04-12,12.01,14.46,16.04
2019-04-15,12.32,14.53,16.09
2019-04-16,12.18,14.47,16.06
2019-04-17,12.6,14.82,16.29
2019-04-18,12.09,14.57,16.14
2019-04-22,12.42,14.72,16.19
2019-04-23,12.28,14.54,16.0
2019-04-24,13.14,15.04,16.28
2019-04-25,13.25,15.21,16.44
2019-04-26,12.73,14.89,16.2
2019-04-29,13.11,15.23,16.46
2019-04-30,13.12,15.23,16.43
2019-05-01,14.8,16.19,17.09
2019-05-02,14.42,16.03,17.0
2019-05-03,12.87,15.07,16.38
2019-05-06,15.44,16.4,17.15
2019-05-07,19.32,18.78,18.63
2019-05-08,19.4,18.75,18.6
2019-05-09,19.1,18.44,18.38
2019-05-10,16.04,16.9,17.47
2019-05-13,20.55,19.79,19.34
2019-05-14,18.06,18.29,18.37
2019-05-15,16.44,17.49,17.81
2019-05-16,15.29,16.74,17.35
2019-05-17,15.96,17.06,17.57
2019-05-20,16.31,17.29,17.69
2019-05-21,14.95,16.42,17.12
2019-05-22,14.75,16.42,17.1
2019-05-23,16.92,17.69,18.01
2019-05-24,15.85,17.09,17.72
2019-05-28,17.5,17.9,18.29
2019-05-29,17.9,18.24,18.61
2019-05-30,17.3,17.96,18.48
2019-05-31,18.71,18.83,19.14
2019-06-03,18.86,18.77,19.09
2019-06-04,16.97,17.59,18.17
2019-06-05,16.09,17.13,17.82
2019-06-06,15.93,16.92,17.67
2019-06-07,16.3,17.15,17.86
2019-06-10,15.94,16.88,17.66
2019-06-11,15.99,16.99,17.81
2019-06-12,15.91,17.05,17.82
2019-06-13,15.82,16.86,17.64
2019-06-14,15.28,16.6,17.48
2019-06-17,15.35,16.61,17.49
2019-06-18,15.15,16.5,17.38
2019-06-19,14.33,16.1,17.14
2019-06-20,14.75,16.14,17.05
2019-06-21,15.4,16.67,17.43
2019-06-24,15.26,16.47,17.27
2019-06-25,16.28,17.12,17.78
2019-06-26,16.21,17.05,17.8
2019-06-27,15.82,16.76,17.52
2019-06-28,15.08,16.06,16.96
2019-07-01,14.06,15.43,16.38
2019-07-02,12.93,14.72,15.92
2019-07-03,12.57,14.53,15.74
2019-07-05,13.28,14.98,15.99
2019-07-08,13.96,15.48,16.36
2019-07-09,14.09,15.57,16.47
2019-07-10,13.03,15.19,16.25
2019-07-11,12.93,14.98,16.15
2019-07-12,12.39,14.8,16.09
2019-07-15,12.68,15.04,16.28
2019-07-16,12.86,15.22,16.39
2019-07-17,13.97,15.82,16.84
2019-07-18,13.53,15.54,16.61
2019-07-19,14.45,15.93,16.9
2019-07-22,13.53,15.47,16.57
2019-07-23,12.61,14.93,16.18
2019-07-24,12.07,14.56,15.93
2019-07-25,12.74,15.05,16.25
2019-07-26,12.16,14.69,15.95
2019-07-29,12.83,15.0,16.16
2019-07-30,13.94,15.7,16.61
2019-07-31,16.12,16.91,17.47
2019-08-01,17.87,17.99,18.17
2019-08-02,17.61,17.89,18.11
2019-08-05,24.59,21.9,20.81
2019-08-06,20.17,19.69,19.41
2019-08-07,19.49,19.5,19.26
2019-08-08,16.91,17.86,18.05
2019-08-09,17.97,18.56,18.56
2019-08-12,21.09,20.5,19.87
2019-08-13,17.52,18.53,18.69
2019-08-14,22.1,21.3,20.73
2019-08-15,21.18,21.07,20.58
2019-08-16,18.47,19.7,19.64
2019-08-19,16.88,18.36,18.82
2019-08-20,17.5,18.87,19.15
2019-08-21,15.8,17.72,18.37
2019-08-22,16.68,18.23,18.75
2019-08-23,19.87,20.36,20.22
2019-08-26,19.32,19.82,19.88
2019-08-27,20.31,20.64,20.56
2019-08-28,19.35,20.05,20.16
2019-08-29,17.88,19.03,19.45
2019-08-30,18.98,19.54,19.85
2019-09-03,19.66,20.12,20.36
2019-09-04,17.33,18.81,19.43
2019-09-05,16.27,18.08,18.88
2019-09-06,15.0,17.46,18.51
2019-09-09,15.27,17.55,18.58
2019-09-10,15.2,17.41,18.48
2019-09-11,14.61,17.1,18.25
2019-09-12,14.22,16.81,18.07
2019-09-13,13.74,16.67,18.04
2019-09-16,14.67,17.2,18.47
2019-09-17,14.44,17.23,18.54
2019-09-18,13.95,16.86,18.31
2019-09-19,14.05,16.79,18.26
2019-09-20,15.32,17.71,18.96
2019-09-23,14.91,17.43,18.7
2019-09-24,17.05,18.55,19.44
2019-09-25,15.96,18.0,19.06
2019-09-26,16.07,18.12,19.16
2019-09-27,17.22,18.75,19.62
2019-09-30,16.24,17.96,19.02
2019-10-01,18.56,19.35,20.03
2019-10-02,20.56,20.74,21.0
2019-10-03,19.12,19.78,20.4
2019-10-04,17.04,18.59,19.51
2019-10-07,17.86,18.91,19.76
2019-10-08,20.28,20.39,20.82
2019-10-09,18.64,19.51,20.26
2019-10-10,17.57,18.79,19.74
2019-10-11,15.58,17.55,18.86
2019-10-14,14.57,17.12,18.58
2019-10-15,13.54,16.48,18.1
2019-10-16,13.68,16.48,18.12
2019-10-17,13.79,16.44,18.01
2019-10-18,14.25,16.65,18.21
2019-10-21,14.0,16.28,17.82
2019-10-22,14.46,16.55,18.02
2019-10-23,14.01,16.29,17.84
2019-10-24,13.71,16.25,17.84
2019-10-25,12.65,15.71,17.45
2019-10-28,13.11,15.99,17.59
2019-10-29,13.2,16.09,17.77
2019-10-30,12.33,15.69,17.48
2019-10-31,13.22,16.05,17.71
2019-11-01,12.3,15.42,17.29
2019-11-04,12.83,15.62,17.38
2019-11-05,13.1,15.91,17.65
2019-11-06,12.62,15.83,17.66
2019-11-07,12.73,15.8,17.64
2019-11-08,12.07,15.53,17.5
2019-11-11,12.69,15.6,17.54
2019-11-12,12.68,15.49,17.45
2019-11-13,13.0,15.62,17.48
2019-11-14,13.05,15.6,17.48
2019-11-15,12.05,14.99,17.1
2019-11-18,12.46,15.17,17.16
2019-11-19,12.86,15.5,17.4
2019-11-20,12.78,15.64,17.6
2019-11-21,13.13,15.82,17.84
2019-11-22,12.34,15.4,17.53
2019-11-25,11.87,14.99,17.15
2019-11-26,11.54,14.85,17.0
2019-11-27,11.75,14.96,17.06
2019-11-29,12.62,15.51,17.41
2019-12-02,14.91,16.84,18.2
2019-12-03,15.96,17.63,18.84
2019-12-04,14.8,16.98,18.27
2019-12-05,14.52,16.78,18.13
2019-12-06,13.62,16.21,17.74
2019-12-09,15.86,17.3,18.43
2019-12-10,15.68,17.13,18.37
2019-12-11,14.99,16.91,18.18
2019-12-12,13.94,16.09,17.61
2019-12-13,12.63,15.28,17.05
2019-12-16,12.14,14.98,16.68
2019-12-17,12.29,15.15,16.89
2019-12-18,12.58,15.2,16.91
2019-12-19,12.5,15.14,16.77
2019-12-20,12.51,15.32,16.85
2019-12-23,12.61,15.5,17.0
2019-12-24,12.67,15.52,16.97
2019-12-26,12.65,15.52,16.92
2019-12-27,13.43,15.95,17.28
2019-12-30,14.82,16.68,17.7
2019-12-31,13.78,15.87,17.13
2020-01-02,12.47,15.19,16.58
2020-01-03,14.02,16.01,17.16
2020-01-06,13.85,15.92,17.08
2020-01-07,13.79,15.86,17.02
2020-01-08,13.45,15.4,16.65
2020-01-09,12.54,14.95,16.36
2020-01-10,12.56,14.95,16.33
2020-01-13,12.32,14.64,16.03
2020-01-14,12.39,14.64,16.01
2020-01-15,12.42,14.63,15.98
2020-01-16,12.32,14.45,15.78
2020-01-17,12.1,14.41,15.76
2020-01-21,12.85,14.87,15.94
2020-01-22,12.91,14.98,16.11
2020-01-23,12.98,14.99,16.11
2020-01-24,14.56,16.07,16.78
2020-01-27,18.23,18.16,18.11
2020-01-28,16.28,17.03,17.35
2020-01-29,16.39,17.03,17.36
2020-01-30,15.49,16.59,17.03
2020-01-31,18.84,18.63,18.34
2020-02-03,17.97,18.04,18.09
2020-02-04,16.05,16.7,17.06
2020-02-05,15.15,16.11,16.67
2020-02-06,14.96,15.89,16.57
2020-02-07,15.47,16.29,16.94
2020-02-10,15.04,16.13,16.78
2020-02-11,15.18,16.14,16.83
2020-02-12,13.74,15.36,16.34
2020-02-13,14.15,15.68,16.55
2020-02-14,13.68,15.5,16.46
2020-02-18,14.83,16.1,16.86
2020-02-19,14.38,15.82,16.76
2020-02-20,15.56,16.6,17.24
2020-02-21,17.08,17.61,17.92
2020-02-24,25.03,21.92,20.48
2020-02-25,27.85,23.86,21.88
2020-02-26,27.56,23.7,21.85
2020-02-27,39.16,29.92,25.61
2020-02-28,40.11,29.85,25.91
2020-03-02,33.42,27.7,24.73
2020-03-03,36.82,30.17,26.34
2020-03-04,31.99,27.51,24.88
2020-03-05,39.62,32.57,28.9
2020-03-06,41.94,35.46,31.4
2020-03-09,54.46,43.05,36.89
2020-03-10,47.3,39.44,34.34
2020-03-11,53.9,44.37,38.54
2020-03-12,75.47,57.24,47.81
2020-03-13,57.83,48.31,41.23
2020-03-16,82.69,67.7,55.4
2020-03-17,75.91,65.27,54.81
2020-03-18,76.45,72.98,61.11
2020-03-19,72.0,69.47,56.06
2020-03-20,66.04,65.59,53.12
2020-03-23,61.59,56.64,46.59
2020-03-24,61.67,52.11,41.59
2020-03-25,63.95,53.85,44.31
2020-03-26,61.0,49.79,40.85
2020-03-27,65.54,55.75,47.71
2020-03-30,57.08,51.26,43.89
2020-03-31,53.54,48.32,42.47
2020-04-01,57.06,51.17,45.18
2020-04-02,50.91,47.3,42.67
2020-04-03,46.8,44.84,40.84
2020-04-06,45.24,43.09,39.15
2020-04-07,46.7,43.42,39.54
2020-04-08,43.35,41.59,38.32
2020-04-09,41.67,40.61,37.42
2020-04-13,41.17,39.97,37.0
2020-04-14,37.76,36.46,34.91
2020-04-15,40.84,39.28,36.94
2020-04-16,40.11,39.21,37.04
2020-04-17,38.15,37.28,35.66
2020-04-20,43.83,40.97,38.29
2020-04-21,45.41,43.28,40.39
2020-04-22,41.98,40.92,38.89
2020-04-23,41.38,40.86,39.16
2020-04-24,35.93,37.81,37.1
2020-04-27,33.29,35.33,35.12
2020-04-28,33.57,35.37,34.95
2020-04-29,31.23,33.33,33.19
2020-04-30,34.15,35.05,34.49
2020-05-01,37.19,37.97,36.85
2020-05-04,35.97,37.0,36.43
2020-05-05,33.61,35.52,35.29
2020-05-06,34.12,35.68,35.58
2020-05-07,31.44,34.01,34.45
2020-05-08,27.98,31.64,32.73
2020-05-11,27.57,30.39,32.13
2020-05-12,33.04,34.26,34.77
2020-05-13,35.28,36.51,36.72
2020-05-14,32.61,34.9,35.66
2020-05-15,31.89,34.51,35.57
2020-05-18,29.3,31.77,33.14
2020-05-19,30.53,32.81,33.59
2020-05-20,27.99,31.11,32.45
2020-05-21,29.53,32.38,33.59
2020-05-22,28.16,31.54,33.16
2020-05-26,28.01,30.85,32.55
2020-05-27,27.62,30.19,31.85
2020-05-28,28.59,31.21,32.59
2020-05-29,27.51,30.27,31.96
2020-06-01,28.23,30.92,32.41
2020-06-02,26.84,29.93,31.78
2020-06-03,25.66,28.91,31.07
2020-06-04,25.81,28.85,30.99
2020-06-05,24.52,27.42,29.68
2020-06-08,25.81,28.08,30.04
2020-06-09,27.57,29.67,31.24
2020-06-10,27.57,29.57,31.23
2020-06-11,40.79,40.43,39.68
2020-06-12,36.09,38.05,37.79
2020-06-15,34.4,36.43,36.66
2020-06-16,33.67,35.8,36.26
2020-06-17,33.47,35.72,36.59
2020-06-18,32.94,35.14,36.11
2020-06-19,35.12,36.68,37.74
2020-06-22,31.77,33.75,35.0
2020-06-23,31.37,33.06,34.17
2020-06-24,33.84,35.39,35.57
2020-06-25,32.22,34.09,34.84
2020-06-26,34.73,35.8,36.23
2020-06-29,31.78,33.91,34.48
2020-06-30,30.43,32.52,33.13
2020-07-01,28.62,31.68,32.56
2020-07-02,27.68,30.87,31.82
2020-07-06,27.94,30.98,31.66
2020-07-07,29.43,32.07,32.49
2020-07-08,28.08,31.19,31.83
2020-07-09,29.26,32.06,32.37
2020-07-10,27.29,31.02,31.72
2020-07-13,32.19,34.54,35.02
2020-07-14,29.52,32.56,33.28
2020-07-15,27.76,31.56,32.74
2020-07-16,28.0,31.55,32.75
2020-07-17,25.68,30.37,31.73
2020-07-20,24.46,29.1,30.43
2020-07-21,24.84,29.47,30.7
2020-07-22,24.32,29.05,30.43
2020-07-23,26.08,30.25,31.94
2020-07-24,25.84,30.56,31.65
2020-07-27,24.74,30.0,31.33
2020-07-28,25.44,30.1,31.47
2020-07-29,24.1,29.29,30.97
2020-07-30,24.76,29.76,31.39
2020-07-31,24.46,29.71,31.21
2020-08-03,24.28,29.66,31.18
2020-08-04,23.76,29.09,30.72
2020-08-05,22.99,28.6,30.32
2020-08-06,22.65,28.2,30.11
2020-08-07,22.21,28.28,30.22
2020-08-10,22.13,28.05,29.91
2020-08-11,24.03,29.17,30.79
2020-08-12,22.28,28.12,29.85
2020-08-13,22.13,28.17,30.05
2020-08-14,22.05,28.37,30.45
2020-08-17,21.35,27.45,29.5
2020-08-18,21.51,27.35,29.63
2020-08-19,22.54,28.11,30.3
2020-08-20,22.72,28.13,29.34
2020-08-21,22.54,28.17,29.51
2020-08-24,22.37,28.1,29.5
2020-08-25,22.03,27.91,29.36
2020-08-26,23.27,28.7,29.87
2020-08-27,24.47,29.93,30.63
2020-08-28,22.96,29.62,30.49
2020-08-31,26.41,31.85,32.2
2020-09-01,26.12,32.1,32.42
2020-09-02,26.57,32.67,33.24
2020-09-03,33.6,37.63,35.54
2020-09-04,30.75,34.75,33.94
2020-09-08,31.46,34.31,33.44
2020-09-09,28.81,32.12,31.99
2020-09-10,29.71,32.92,32.67
2020-09-11,26.87,31.13,31.66
2020-09-14,25.85,30.48,31.3
2020-09-15,25.59,30.27,31.29
2020-09-16,26.04,30.57,31.62
2020-09-17,26.46,30.75,31.82
2020-09-18,25.83,30.46,31.69
2020-09-21,27.78,31.64,32.46
2020-09-22,26.86,31.67,32.54
2020-09-23,28.58,33.28,33.49
2020-09-24,28.51,33.06,33.39
2020-09-25,26.38,32.03,32.62
2020-09-28,26.19,31.74,32.21
2020-09-29,26.27,31.09,31.84
2020-09-30,26.37,31.64,32.18
2020-10-01,26.7,31.72,32.59
2020-10-02,27.63,32.39,33.1
2020-10-05,27.96,31.28,32.2
2020-10-06,29.48,31.88,32.67
2020-10-07,28.06,30.7,31.6
2020-10-08,26.36,29.49,30.83
2020-10-09,25.0,28.28,29.59
2020-10-12,25.07,27.98,29.28
2020-10-13,26.07,28.35,29.45
2020-10-14,26.4,28.24,29.29
2020-10-15,26.97,28.72,28.82
2020-10-16,27.41,29.21,29.25
2020-10-19,29.18,30.4,30.18
2020-10-20,29.35,30.11,30.12
2020-10-21,28.65,29.61,29.61
2020-10-22,28.11,29.3,29.37
2020-10-23,27.55,28.99,29.14
2020-10-26,32.46,32.07,31.23
2020-10-27,33.35,32.72,31.66
2020-10-28,40.28,37.75,35.23
2020-10-29,37.59,35.84,34.03
2020-10-30,38.02,36.27,34.3
2020-11-02,37.13,35.06,33.44
2020-11-03,35.55,33.52,32.18
2020-11-04,29.57,29.98,29.93
2020-11-05,27.58,29.05,29.36
2020-11-06,24.86,27.37,27.91
2020-11-09,25.75,26.88,27.13
2020-11-10,24.8,26.49,27.05
2020-11-11,23.45,25.62,26.54
2020-11-12,25.35,27.22,27.64
2020-11-13,23.1,25.69,26.82
2020-11-16,22.45,25.35,26.61
2020-11-17,22.71,25.38,26.73
2020-11-18,23.84,26.39,27.61
2020-11-19,23.11,25.8,26.82
2020-11-20,23.7,26.06,27.07
2020-11-23,22.66,25.43,26.65
2020-11-24,21.64,24.84,26.3
2020-11-25,21.25,24.42,26.0
2020-11-27,20.84,24.43,26.05
2020-11-30,20.57,24.33,25.97
2020-12-01,20.77,24.49,26.09
2020-12-02,21.17,24.54,26.17
2020-12-03,21.28,24.56,26.25
2020-12-04,20.79,24.29,26.08
2020-12-07,21.3,24.52,26.32
2020-12-08,20.68,23.87,25.89
2020-12-09,22.27,24.73,26.55
2020-12-10,22.52,25.05,26.92
2020-12-11,23.31,26.05,27.68
2020-12-14,24.72,27.11,28.73
2020-12-15,22.89,25.87,27.49
2020-12-16,22.5,25.47,27.21
2020-12-17,21.93,25.15,27.05
2020-12-18,21.57,25.17,27.22
2020-12-21,25.16,27.58,28.7
2020-12-22,24.23,27.25,28.63
2020-12-23,23.31,26.26,27.96
2020-12-24,21.53,25.37,27.35
2020-12-28,21.7,25.15,27.16
2020-12-29,23.08,26.24,28.09
2020-12-30,22.77,25.44,27.5
2020-12-31,22.75,25.28,27.29
2021-01-04,26.97,28.26,29.46
2021-01-05,25.34,27.25,28.71
2021-01-06,25.07,26.79,28.29
2021-01-07,22.37,25.02,27.19
2021-01-08,21.56,24.9,27.08
2021-01-11,24.08,26.7,28.5
2021-01-12,23.33,26.2,28.09
2021-01-13,22.21,25.55,27.71
2021-01-14,23.25,26.32,27.4
2021-01-15,24.34,27.26,28.1
2021-01-19,23.24,26.69,27.83
2021-01-20,21.58,25.72,27.17
2021-01-21,21.32,25.7,27.23
2021-01-22,21.91,25.99,27.52
2021-01-25,23.19,26.88,28.27
2021-01-26,23.02,26.89,28.38
2021-01-27,37.21,35.73,34.66
2021-01-28,30.21,31.77,32.01
2021-01-29,33.09,33.88,33.96
2021-02-01,30.24,32.53,32.71
2021-02-02,25.56,29.36,30.56
2021-02-03,22.91,27.57,29.27
2021-02-04,21.77,26.79,28.61
2021-02-05,20.87,26.52,28.59
2021-02-08,21.24,26.65,28.76
2021-02-09,21.63,27.11,29.19
2021-02-10,21.99,27.49,30.0
2021-02-11,21.25,27.22,29.57
2021-02-12,19.97,26.5,29.34
2021-02-16,21.46,27.55,30.18
2021-02-17,21.5,27.52,30.22
2021-02-18,22.49,27.86,29.7
2021-02-19,22.05,27.09,29.36
2021-02-22,23.45,27.81,29.99
2021-02-23,23.11,27.12,29.4
2021-02-24,21.34,25.89,28.79
2021-02-25,28.89,30.24,31.73
2021-02-26,27.95,29.6,31.3
2021-03-01,23.35,26.78,28.91
2021-03-02,24.1,27.16,29.41
2021-03-03,26.67,28.79,30.52
2021-03-04,28.57,30.08,31.52
2021-03-05,24.66,27.89,29.87
2021-03-08,25.47,28.13,29.52
2021-03-09,24.03,27.28,29.03
2021-03-10,22.56,26.68,28.73
2021-03-11,21.91,26.09,28.2
2021-03-12,20.69,25.74,28.11
2021-03-15,20.03,24.89,27.43
2021-03-16,19.79,24.71,27.25
2021-03-17,19.23,23.88,26.61
2021-03-18,21.58,25.28,27.65
2021-03-19,20.95,24.99,27.32
2021-03-22,18.88,22.94,25.47
2021-03-23,20.3,23.8,25.99
2021-03-24,21.2,24.4,26.54
2021-03-25,19.81,23.37,25.71
2021-03-26,18.86,22.32,24.79
2021-03-29,20.74,23.2,25.44
2021-03-30,19.61,22.31,24.63
2021-03-31,19.4,22.15,24.3
2021-04-01,17.33,20.97,23.49
2021-04-05,17.91,20.96,23.39
2021-04-06,18.12,21.16,23.46
2021-04-07,17.16,20.66,23.06
2021-04-08,16.95,20.59,23.08
2021-04-09,16.69,20.74,23.19
2021-04-12,16.91,20.82,23.17
2021-04-13,16.65,20.78,23.12
2021-04-14,16.99,21.06,23.51
2021-04-15,16.57,20.76,23.3
2021-04-16,16.25,20.53,23.16
2021-04-19,17.29,21.37,23.74
2021-04-20,18.68,22.35,24.46
2021-04-21,17.5,21.49,23.8
2021-04-22,18.71,22.52,24.65
2021-04-23,17.33,21.57,23.88
2021-04-26,17.64,21.54,23.81
2021-04-27,17.56,21.32,23.69
2021-04-28,17.28,21.13,23.61
2021-04-29,17.61,21.31,23.67
2021-04-30,18.61,22.07,24.19
2021-05-03,18.31,21.74,23.94
2021-05-04,19.48,22.67,24.64
2021-05-05,19.15,22.26,24.3
2021-05-06,18.39,21.88,23.88
2021-05-07,16.69,20.79,23.13
2021-05-10,19.66,22.4,24.28
2021-05-11,21.84,24.23,25.64
2021-05-12,27.59,28.18,28.62
2021-05-13,23.13,25.26,26.33
2021-05-14,18.81,22.26,24.23
2021-05-17,19.72,23.14,25.09
2021-05-18,21.34,24.22,26.07
2021-05-19,22.18,25.27,26.69
2021-05-20,20.67,23.81,25.74
2021-05-21,20.15,23.49,25.54
2021-05-24,18.4,22.23,24.4
2021-05-25,18.84,22.4,24.6
2021-05-26,17.36,21.3,23.84
2021-05-27,16.74,20.31,23.09
2021-05-28,16.76,20.48,23.11
2021-06-01,17.9,21.34,23.79
2021-06-02,17.48,21.42,23.94
2021-06-03,18.04,21.82,24.13
2021-06-04,16.42,20.62,23.3
2021-06-07,16.42,20.55,23.22
2021-06-08,17.07,20.85,23.34
2021-06-09,17.89,21.28,23.61
2021-06-10,16.1,20.08,22.59
2021-06-11,15.65,19.64,22.3
2021-06-14,16.39,20.14,22.68
2021-06-15,17.02,20.68,23.11
2021-06-16,18.15,21.26,23.45
2021-06-17,17.75,20.98,23.15
2021-06-18,20.7,22.93,24.48
2021-06-21,17.89,21.12,23.37
2021-06-22,16.66,20.07,22.69
2021-06-23,16.32,19.7,22.23
2021-06-24,15.97,19.26,21.91
2021-06-25,15.62,19.0,21.83
2021-06-28,15.76,19.02,21.84
2021-06-29,16.02,19.49,22.14
2021-06-30,15.83,19.51,22.29
2021-07-01,15.48,19.45,22.24
2021-07-02,15.07,19.3,21.94
2021-07-06,16.44,20.26,22.51
2021-07-07,16.2,20.41,22.65
2021-07-08,19.0,21.98,23.56
2021-07-09,16.18,20.44,22.64
2021-07-12,16.17,20.46,22.71
2021-07-13,17.12,21.13,23.3
2021-07-14,16.33,20.62,23.07
2021-07-15,17.01,21.09,23.28
2021-07-16,18.45,22.07,23.94
2021-07-19,22.5,24.9,25.66
2021-07-20,19.73,23.2,24.64
2021-07-21,17.91,21.87,23.8
2021-07-22,17.69,21.86,23.74
2021-07-23,17.2,21.65,23.62
2021-07-26,17.58,21.74,23.68
2021-07-27,19.36,23.0,24.68
2021-07-28,18.31,22.35,24.36
2021-07-29,17.7,21.88,24.14
2021-07-30,18.24,22.18,24.37
2021-08-02,19.46,23.05,24.95
2021-08-03,18.04,22.18,24.36
2021-08-04,17.97,22.17,24.37
2021-08-05,17.28,21.52,23.99
2021-08-06,16.15,20.87,23.68
2021-08-09,16.72,21.27,24.13
2021-08-10,16.79,21.21,24.06
2021-08-11,16.06,20.67,23.26
2021-08-12,15.59,20.25,22.88
2021-08-13,15.45,20.26,22.92
2021-08-16,16.12,20.64,23.13
2021-08-17,17.91,21.7,24.2
2021-08-18,21.57,23.8,25.65
2021-08-19,21.67,24.2,25.84
2021-08-20,18.56,22.41,24.64
2021-08-23,17.15,21.2,23.89
2021-08-24,17.22,21.22,24.01
2021-08-25,16.79,20.79,23.64
2021-08-26,18.84,21.86,24.4
2021-08-27,16.39,20.61,23.54
2021-08-30,16.19,20.4,23.43
2021-08-31,16.48,20.42,23.49
2021-09-01,16.11,20.08,23.27
2021-09-02,16.41,20.13,23.35
2021-09-03,16.41,20.32,23.47
2021-09-07,18.14,21.53,24.28
2021-09-08,17.96,21.59,24.34
2021-09-09,18.8,22.06,24.63
2021-09-10,20.95,23.31,25.29
2021-09-13,19.37,22.47,24.78
2021-09-14,19.46,22.55,24.87
2021-09-15,18.18,21.76,24.3
2021-09-16,18.69,21.81,24.34
2021-09-17,20.81,23.22,25.23
2021-09-20,25.71,26.4,27.19
2021-09-21,24.36,25.47,26.75
2021-09-22,20.87,23.05,25.07
2021-09-23,18.63,21.37,23.91
2021-09-24,17.75,20.82,23.66
2021-09-27,18.76,21.4,24.14
2021-09-28,23.25,24.03,26.08
2021-09-29,22.56,23.72,25.88
2021-09-30,23.14,23.87,25.92
2021-10-01,21.15,23.05,25.3
2021-10-04,22.96,24.11,26.02
2021-10-05,21.3,23.11,25.3
2021-10-06,21.0,22.84,25.04
2021-10-07,19.54,22.12,24.64
2021-10-08,18.77,21.88,24.46
2021-10-11,20.0,22.39,24.76
2021-10-12,19.85,22.33,24.65
2021-10-13,18.64,21.54,24.07
2021-10-14,16.86,20.37,23.27
2021-10-15,16.3,20.3,23.43
2021-10-18,16.31,20.29,23.64
2021-10-19,15.7,19.98,23.23
2021-10-20,15.49,19.87,23.06
2021-10-21,15.01,19.48,22.83
2021-10-22,15.43,20.01,23.22
2021-10-25,15.24,19.56,22.76
2021-10-26,15.98,20.11,23.03
2021-10-27,16.98,20.89,23.7
2021-10-28,16.53,20.48,23.43
2021-10-29,16.26,20.37,23.35
2021-11-01,16.41,20.39,23.33
2021-11-02,16.03,20.1,23.13
2021-11-03,15.1,19.5,22.7
2021-11-04,15.44,19.7,22.87
2021-11-05,16.48,20.49,23.49
2021-11-08,17.22,20.98,23.8
2021-11-09,17.78,21.41,24.12
2021-11-10,18.73,22.0,24.48
2021-11-11,17.66,21.38,24.04
2021-11-12,16.29,20.69,23.69
2021-11-15,16.49,20.87,23.86
2021-11-16,16.37,20.9,23.93
2021-11-17,17.11,21.58,24.66
2021-11-18,17.59,21.9,24.87
2021-11-19,17.91,21.92,24.87
2021-11-22,19.17,22.63,25.43
2021-11-23,19.38,22.45,25.32
2021-11-24,18.58,21.9,24.97
2021-11-26,28.62,29.17,29.88
2021-11-29,22.96,25.04,26.94
2021-11-30,27.19,28.13,29.15
2021-12-01,31.12,30.79,31.08
2021-12-02,27.95,29.15,29.85
2021-12-03,30.67,31.78,31.46
2021-12-06,27.18,28.88,29.75
2021-12-07,21.89,24.96,26.77
2021-12-08,19.9,23.63,26.01
2021-12-09,21.58,24.66,26.87
2021-12-10,18.69,23.18,26.05
2021-12-13,20.31,24.32,26.91
2021-12-14,21.89,25.35,27.64
2021-12-15,19.29,23.3,26.47
2021-12-16,20.57,24.37,27.14
2021-12-17,21.57,25.38,27.9
2021-12-20,22.87,26.31,28.34
2021-12-21,21.01,25.0,27.5
2021-12-22,18.63,23.56,26.65
2021-12-23,17.96,23.24,26.48
2021-12-27,17.68,22.74,25.99
2021-12-28,17.54,22.33,25.78
2021-12-29,16.95,21.83,25.42
2021-12-30,17.33,21.88,25.39
2021-12-31,17.22,21.88,25.1
2022-01-03,16.6,21.53,24.74
2022-01-04,16.91,21.62,24.86
2022-01-05,19.73,23.47,26.0
2022-01-06,19.61,23.5,25.93
2022-01-07,18.76,22.87,25.41
2022-01-10,19.4,22.68,25.14
2022-01-11,18.41,21.98,24.63
2022-01-12,17.62,21.58,24.34
2022-01-13,20.31,23.41,25.63
2022-01-14,19.19,22.82,25.18
2022-01-18,22.79,25.12,26.77
2022-01-19,23.85,25.81,27.17
2022-01-20,25.59,27.25,28.08
2022-01-21,28.85,29.95,30.37
2022-01-24,29.9,30.82,30.59
2022-01-25,31.16,31.76,31.3
2022-01-26,31.96,31.95,31.04
2022-01-27,30.49,30.87,30.27
2022-01-28,27.66,28.82,29.07
2022-01-31,24.83,26.85,27.56
2022-02-01,21.96,24.76,26.07
2022-02-02,22.09,25.14,26.68
2022-02-03,24.35,26.67,27.76
2022-02-04,23.22,26.25,27.58
2022-02-07,22.86,25.69,27.14
2022-02-08,21.44,24.54,26.31
2022-02-09,19.96,23.49,25.53
2022-02-10,23.91,26.07,27.28
2022-02-11,27.36,28.83,29.0
2022-02-14,28.33,29.44,29.47
2022-02-15,25.7,27.28,28.1
2022-02-16,24.29,26.26,27.24
2022-02-17,28.11,29.32,29.43
2022-02-18,27.75,29.22,29.39
2022-02-22,28.81,29.11,29.21
2022-02-23,31.02,30.88,30.75
2022-02-24,30.32,30.05,29.98
2022-02-25,27.59,28.04,28.67
2022-02-28,30.15,29.65,29.88
2022-03-01,33.32,32.59,32.13
2022-03-02,30.74,30.97,31.04
2022-03-03,30.48,30.8,30.92
2022-03-04,31.98,32.34,32.08
2022-03-07,36.45,35.74,34.53
2022-03-08,35.13,35.0,34.29
2022-03-09,32.45,33.06,32.97
2022-03-10,30.23,31.52,32.04
2022-03-11,30.75,32.34,32.98
2022-03-14,31.77,33.32,33.69
2022-03-15,29.83,31.96,32.55
2022-03-16,26.67,28.96,30.35
2022-03-17,25.67,28.22,29.62
2022-03-18,23.87,26.55,28.31
2022-03-21,23.53,26.38,28.23
2022-03-22,22.94,25.85,27.72
2022-03-23,23.57,26.41,28.16
2022-03-24,21.67,25.3,27.48
2022-03-25,20.81,24.72,27.02
2022-03-28,19.63,24.18,26.6
2022-03-29,18.9,23.19,25.87
2022-03-30,19.33,23.57,26.18
2022-03-31,20.56,24.46,26.79
2022-04-01,19.63,24.21,26.75
2022-04-04,18.57,23.03,25.79
2022-04-05,21.03,24.9,27.28
2022-04-06,22.1,25.8,27.84
2022-04-07,21.55,25.23,27.52
2022-04-08,21.16,25.17,27.52
2022-04-11,24.37,27.0,28.72
2022-04-12,24.26,27.17,28.88
2022-04-13,21.82,25.54,27.87
2022-04-14,22.7,26.03,28.26
2022-04-18,22.17,25.75,27.87
2022-04-19,21.37,25.06,27.34
2022-04-20,20.32,24.15,26.83
2022-04-21,22.68,26.11,28.21
2022-04-22,28.21,29.87,30.77
2022-04-25,27.02,29.07,30.12
2022-04-26,33.52,33.14,32.87
2022-04-27,31.6,32.2,32.32
2022-04-28,29.99,31.15,31.65
2022-04-29,33.4,33.18,33.02
2022-05-02,32.34,33.01,33.03
2022-05-03,29.25,30.81,31.31
2022-05-04,25.42,28.09,29.23
2022-05-05,31.2,32.68,32.73
2022-05-06,30.19,32.31,32.58
2022-05-09,34.75,35.05,34.42
2022-05-10,32.99,33.97,33.67
2022-05-11,32.56,33.63,33.53
2022-05-12,31.77,33.08,33.45
2022-05-13,28.87,30.7,31.58
2022-05-16,27.47,29.51,31.03
2022-05-17,26.1,28.37,30.29
2022-05-18,30.96,32.8,33.64
2022-05-19,29.35,30.79,32.0
2022-05-20,29.43,31.14,32.21
2022-05-23,28.48,30.29,31.61
2022-05-24,29.45,30.74,31.98
2022-05-25,28.37,29.73,31.12
2022-05-26,27.5,29.28,30.83
2022-05-27,25.72,28.02,29.86
2022-05-30,26.54,,
2022-05-31,26.19,27.99,29.8
2022-06-01,25.69,27.72,29.47
2022-06-02,24.72,27.06,28.92
2022-06-03,24.79,27.33,29.15
2022-06-06,25.07,27.22,29.1
2022-06-07,24.02,26.52,28.56
2022-06-08,23.96,26.54,28.41
2022-06-09,26.09,28.01,29.49
2022-06-10,27.75,29.72,30.94
2022-06-13,34.02,34.24,34.16
2022-06-14,32.69,33.28,33.57
2022-06-15,29.62,30.78,31.56
2022-06-16,32.95,33.49,33.92
2022-06-17,31.13,32.36,32.81
2022-06-20,31.03,,
2022-06-21,30.19,31.25,31.86
2022-06-22,28.95,30.24,31.18
2022-06-23,29.05,30.19,31.13
2022-06-24,27.23,28.95,30.16
2022-06-27,26.95,28.18,29.61
2022-06-28,28.36,29.15,30.38
2022-06-29,28.16,29.0,30.27
2022-06-30,28.71,29.71,30.85
2022-07-01,26.7,28.52,29.93
2022-07-04,27.53,,
2022-07-05,27.54,28.9,30.01
2022-07-06,26.73,28.39,29.62
2022-07-07,26.08,28.03,29.37
2022-07-08,24.64,27.3,28.89
2022-07-11,26.17,28.25,29.57
2022-07-12,27.29,28.82,30.04
2022-07-13,26.82,28.56,29.98
2022-07-14,26.4,28.61,30.06
2022-07-15,24.23,27.08,28.96
2022-07-18,25.3,27.82,29.53
2022-07-19,24.5,27.31,29.01
2022-07-20,23.88,26.7,28.53
2022-07-21,23.11,26.22,28.1
2022-07-22,23.03,25.97,28.03
2022-07-25,23.36,25.8,27.86
2022-07-26,24.69,26.42,28.31
2022-07-27,23.24,25.31,27.41
2022-07-28,22.33,24.33,26.65
2022-07-29,21.33,23.79,26.22
2022-08-01,22.84,24.86,26.88
2022-08-02,23.93,25.66,27.6
2022-08-03,21.95,24.37,26.55
2022-08-04,21.44,24.32,26.6
2022-08-05,21.15,24.18,26.52
2022-08-08,21.29,24.48,26.75
2022-08-09,21.77,24.69,26.84
2022-08-10,19.74,23.46,25.89
2022-08-11,20.2,23.71,26.09
2022-08-12,19.53,23.31,25.74
2022-08-15,19.95,23.32,25.7
2022-08-16,19.69,23.32,25.61
2022-08-17,19.9,23.6,26.05
2022-08-18,19.56,23.39,25.88
2022-08-19,20.6,24.32,26.67
2022-08-22,23.8,26.0,27.83
2022-08-23,24.11,25.92,27.81
2022-08-24,22.82,24.89,27.04
2022-08-25,21.78,24.13,26.52
2022-08-26,25.56,26.56,28.28
2022-08-29,26.21,26.82,28.5
2022-08-30,26.21,26.91,28.45
2022-08-31,25.87,26.65,28.37
2022-09-01,25.56,26.43,28.16
2022-09-02,25.47,26.48,28.11
2022-09-05,25.99,,
2022-09-06,26.91,27.59,28.89
2022-09-07,24.64,26.1,27.72
2022-09-08,23.61,25.52,27.29
2022-09-09,22.79,25.14,27.07
2022-09-12,23.87,25.37,26.84
2022-09-13,27.27,27.95,29.04
2022-09-14,26.16,27.46,28.66
2022-09-15,26.27,27.6,28.81
2022-09-16,26.3,27.63,28.85
2022-09-19,25.76,27.01,28.33
2022-09-20,27.16,27.88,28.98
2022-09-21,27.99,28.76,29.66
2022-09-22,27.35,28.22,29.34
2022-09-23,29.92,30.32,30.92
2022-09-26,32.26,31.77,32.12
2022-09-27,32.6,32.12,32.45
2022-09-28,30.18,30.58,31.45
2022-09-29,31.84,31.74,32.32
2022-09-30,31.62,31.86,32.48
2022-10-03,30.1,30.69,31.46
2022-10-04,29.07,29.67,30.6
2022-10-05,28.55,29.43,30.63
2022-10-06,30.52,30.79,31.66
2022-10-07,31.36,32.1,32.77
2022-10-10,32.45,32.73,33.17
2022-10-11,33.63,33.36,33.76
2022-10-12,33.57,33.13,33.44
2022-10-13,31.94,31.8,32.33
2022-10-14,32.02,32.45,33.09
2022-10-17,31.37,31.74,32.44
2022-10-18,30.5,30.98,31.77
2022-10-19,30.76,31.35,32.13
2022-10-20,29.98,30.81,31.76
2022-10-21,29.69,30.47,31.49
2022-10-24,29.85,30.33,31.33
2022-10-25,28.46,29.29,30.54
2022-10-26,27.28,28.46,29.96
2022-10-27,27.39,28.28,29.78
2022-10-28,25.75,26.9,28.53
2022-10-31,25.88,26.92,28.58
2022-11-01,25.81,26.69,28.25
2022-11-02,25.86,27.22,28.72
2022-11-03,25.3,26.7,28.22
2022-11-04,24.55,26.39,27.99
2022-11-07,24.35,26.26,27.85
2022-11-08,25.54,27.1,28.48
2022-11-09,26.09,27.91,29.26
2022-11-10,23.53,26.18,27.76
2022-11-11,22.52,25.74,27.74
2022-11-14,23.73,26.13,28.15
2022-11-15,24.54,26.59,28.52
2022-11-16,24.11,26.03,28.06
2022-11-17,23.93,25.83,27.92
2022-11-18,23.12,25.33,27.61
2022-11-21,22.36,24.72,27.16
2022-11-22,21.29,23.83,26.39
2022-11-23,20.35,23.38,26.1
2022-11-24,20.42,,
2022-11-25,20.5,23.59,26.32
2022-11-28,22.21,24.9,27.39
2022-11-29,21.89,24.65,27.22
2022-11-30,20.58,23.53,26.2
2022-12-01,19.84,23.31,25.97
2022-12-02,19.06,22.96,25.72
2022-12-05,20.75,23.89,26.2
2022-12-06,22.17,24.72,26.74
2022-12-07,22.68,25.18,27.08
2022-12-08,22.29,24.73,26.73
2022-12-09,22.83,25.21,27.08
2022-12-12,25.0,25.67,27.2
2022-12-13,22.55,24.29,26.26
2022-12-14,21.14,23.46,25.78
2022-12-15,22.83,25.08,27.22
2022-12-16,22.62,25.15,27.28
2022-12-19,22.42,25.08,27.11
2022-12-20,21.48,24.4,26.69
2022-12-21,20.07,23.35,25.74
2022-12-22,21.97,24.78,26.77
2022-12-23,20.87,24.13,26.16
2022-12-27,21.65,24.43,26.3
2022-12-28,22.14,24.58,26.44
2022-12-29,21.44,23.95,25.99
2022-12-30,21.67,24.29,26.2
2023-01-03,22.9,24.58,26.24
2023-01-04,22.01,23.81,25.55
2023-01-05,22.46,24.07,25.65
2023-01-06,21.13,23.18,24.77
2023-01-09,21.97,23.74,25.12
2023-01-10,20.58,22.74,24.23
2023-01-11,21.09,22.74,24.19
2023-01-12,18.83,21.58,23.49
2023-01-13,18.35,21.14,23.02
2023-01-16,19.49,,
2023-01-17,19.36,21.45,23.36
2023-01-18,20.34,22.27,24.0
2023-01-19,20.52,22.45,24.07
2023-01-20,19.85,21.72,23.39
2023-01-23,19.81,21.6,23.14
2023-01-24,19.2,20.91,22.59
2023-01-25,19.08,20.94,22.52
2023-01-26,18.73,20.7,22.34
2023-01-27,18.51,20.47,22.14
2023-01-30,19.94,21.37,22.71
2023-01-31,19.4,20.81,22.25
2023-02-01,17.87,19.97,21.65
2023-02-02,18.73,20.84,22.34
2023-02-03,18.33,20.78,22.37
2023-02-06,19.43,21.43,22.86
2023-02-07,18.66,20.78,22.38
2023-02-08,19.63,21.82,23.14
2023-02-09,20.71,22.5,23.66
2023-02-10,20.53,22.55,23.82
2023-02-13,20.34,21.97,23.35
2023-02-14,18.91,21.14,22.68
2023-02-15,18.23,20.68,22.21
2023-02-16,20.17,21.88,23.21
2023-02-17,20.02,21.77,23.19
2023-02-20,21.23,,
2023-02-21,22.87,23.38,24.6
2023-02-22,22.29,22.68,24.06
2023-02-23,21.14,21.74,23.34
2023-02-24,21.67,22.43,23.98
2023-02-27,20.95,21.59,23.37
2023-02-28,20.7,21.32,23.05
2023-03-01,20.58,21.36,23.09
2023-03-02,19.59,20.63,22.39
2023-03-03,18.49,19.98,21.82
2023-03-06,18.61,19.99,21.79
2023-03-07,19.59,20.59,22.2
2023-03-08,19.11,20.19,21.84
2023-03-09,22.61,22.87,23.87
2023-03-10,24.8,25.39,25.97
2023-03-13,26.52,26.64,27.0
2023-03-14,23.73,24.87,25.68
2023-03-15,26.14,27.2,27.8
2023-03-16,22.99,24.56,25.72
2023-03-17,25.51,27.42,28.23
2023-03-20,24.15,25.85,26.98
2023-03-21,21.38,23.57,25.14
2023-03-22,22.26,24.38,25.66
2023-03-23,22.61,24.53,25.94
2023-03-24,21.74,23.96,25.54
2023-03-27,20.6,22.87,24.6
2023-03-28,19.97,22.38,24.33
2023-03-29,19.12,21.49,23.57
2023-03-30,19.02,21.45,23.55
2023-03-31,18.7,21.23,23.25
2023-04-03,18.55,20.83,22.98
2023-04-04,19.0,21.34,23.45
2023-04-05,19.08,21.48,23.76
2023-04-06,18.4,21.0,23.33
2023-04-10,18.97,21.07,23.21
2023-04-11,19.1,21.01,23.12
2023-04-12,19.09,21.05,23.13
2023-04-13,17.8,20.26,22.59
2023-04-14,17.07,20.03,22.48
2023-04-17,16.95,19.65,22.15
2023-04-18,16.83,19.82,22.34
2023-04-19,16.46,20.02,22.58
2023-04-20,17.17,20.55,23.09
2023-04-21,16.77,20.39,23.09
2023-04-24,16.89,20.4,23.15
2023-04-25,18.76,21.65,24.2
2023-04-26,18.84,21.54,24.13
2023-04-27,17.03,20.37,23.25
2023-04-28,15.78,19.54,22.78
2023-05-01,16.08,19.67,22.63
2023-05-02,17.78,20.75,23.47
2023-05-03,18.34,21.29,23.8
2023-05-04,20.09,22.77,24.92
2023-05-05,17.19,20.78,23.55
2023-05-08,16.98,20.71,23.53
2023-05-09,17.71,21.17,23.81
2023-05-10,16.94,20.69,23.37
2023-05-11,16.93,20.62,23.32
2023-05-12,17.03,20.66,23.37
2023-05-15,17.12,20.31,23.05
2023-05-16,17.99,20.9,23.54
2023-05-17,16.87,20.05,22.86
2023-05-18,16.05,19.33,22.23
2023-05-19,16.81,20.04,22.89
2023-05-22,17.21,20.36,22.9
2023-05-23,18.53,21.06,23.37
2023-05-24,20.03,22.02,23.92
2023-05-25,19.14,21.38,23.47
2023-05-26,17.95,20.44,22.82
2023-05-29,17.46,,
2023-05-30,17.46,20.13,22.58
2023-05-31,17.94,20.21,22.55
2023-06-01,15.65,18.75,21.37
2023-06-02,14.6,17.92,20.6
2023-06-05,14.73,17.9,20.52
2023-06-06,13.96,17.04,19.7
2023-06-07,13.94,17.14,19.8
2023-06-08,13.65,16.86,19.47
2023-06-09,13.83,16.96,19.55
2023-06-12,15.01,17.28,19.6
2023-06-13,14.61,17.23,19.62
2023-06-14,13.88,16.86,19.47
2023-06-15,14.5,17.18,19.5
2023-06-16,13.54,16.75,19.3
2023-06-19,14.19,,
2023-06-20,13.88,17.3,19.75
2023-06-21,13.2,16.89,19.53
2023-06-22,12.91,16.56,19.27
2023-06-23,13.44,16.87,19.49
2023-06-26,14.25,17.05,19.5
2023-06-27,13.74,16.44,18.88
2023-06-28,13.43,15.9,18.34
2023-06-29,13.54,16.1,18.49
2023-06-30,13.59,16.02,18.33
2023-07-03,13.57,16.07,18.37
2023-07-04,13.7,,
2023-07-05,14.18,16.51,18.71
2023-07-06,15.44,17.52,19.5
2023-07-07,14.83,17.24,19.31
2023-07-10,15.07,17.25,19.21
2023-07-11,14.84,16.97,18.97
2023-07-12,13.54,16.11,18.26
2023-07-13,13.61,16.12,18.24
2023-07-14,13.34,16.04,18.21
2023-07-17,13.48,16.27,18.27
2023-07-18,13.3,16.13,18.15
2023-07-19,13.76,16.56,18.59
2023-07-20,13.99,16.66,18.74
2023-07-21,13.6,16.4,18.52
2023-07-24,13.91,16.26,18.39
2023-07-25,13.86,16.22,18.36
2023-07-26,13.19,15.79,18.12
2023-07-27,14.41,16.63,18.74
2023-07-28,13.33,15.92,18.27
2023-07-31,13.63,16.01,18.42
2023-08-01,13.93,16.34,18.62
2023-08-02,16.09,17.96,19.88
2023-08-03,15.92,17.72,19.68
2023-08-04,17.1,18.61,20.18
2023-08-07,15.77,17.72,19.48
2023-08-08,15.99,18.13,19.9
2023-08-09,15.96,18.05,19.86
2023-08-10,15.85,18.16,19.83
2023-08-11,14.84,17.56,19.58
2023-08-14,14.82,17.41,19.29
2023-08-15,16.46,18.59,20.36
2023-08-16,16.78,18.97,20.7
2023-08-17,17.89,19.83,21.42
2023-08-18,17.3,19.24,21.05
2023-08-21,17.13,18.77,20.63
2023-08-22,16.97,18.72,20.77
2023-08-23,15.98,17.94,20.06
2023-08-24,17.2,18.75,20.61
2023-08-25,15.68,17.72,19.76
2023-08-28,15.08,17.12,19.31
2023-08-29,14.45,16.56,18.71
2023-08-30,13.88,16.18,18.55
2023-08-31,13.57,15.92,18.29
2023-09-01,13.09,15.74,18.15
2023-09-04,13.82,,
2023-09-05,14.01,16.24,18.32
2023-09-06,14.45,16.61,18.62
2023-09-07,14.4,16.58,18.61
2023-09-08,13.84,16.14,18.27
2023-09-11,13.8,16.02,18.05
2023-09-12,14.23,16.25,18.21
2023-09-13,13.48,15.92,18.01
2023-09-14,12.82,15.34,17.68
2023-09-15,13.79,16.02,18.15
2023-09-18,14.0,16.13,18.19
2023-09-19,14.11,16.13,18.17
2023-09-20,15.14,16.81,18.61
2023-09-21,17.54,18.24,19.58
2023-09-22,17.2,18.09,19.6
2023-09-25,16.9,18.02,19.63
2023-09-26,18.94,19.72,21.01
2023-09-27,18.22,19.11,20.7
2023-09-28,17.34,18.38,20.09
2023-09-29,17.52,18.51,20.18
2023-10-02,17.61,18.62,20.27
2023-10-03,19.78,20.41,21.65
2023-10-04,18.58,19.52,21.08
2023-10-05,18.49,19.5,21.14
2023-10-06,17.45,18.73,20.49
2023-10-09,17.7,18.81,20.56
2023-10-10,17.03,18.27,20.13
2023-10-11,16.09,17.63,19.63
2023-10-12,16.69,18.09,19.98
2023-10-13,19.32,20.57,21.81
2023-10-16,17.21,18.79,20.64
2023-10-17,17.88,19.26,21.06
2023-10-18,19.22,20.47,21.96
2023-10-19,21.4,22.19,23.21
2023-10-20,21.71,22.44,23.6
2023-10-23,20.37,21.33,22.67
2023-10-24,18.97,20.21,21.85
2023-10-25,20.19,21.33,22.69
2023-10-26,20.68,21.57,23.02
2023-10-27,21.27,22.27,23.65
2023-10-30,19.75,20.8,22.46
2023-10-31,18.14,19.49,21.34
2023-11-01,16.87,18.55,20.43
2023-11-02,15.66,17.8,19.82
2023-11-03,14.91,17.22,19.36
2023-11-06,14.89,17.03,19.13
2023-11-07,14.81,16.92,19.18
2023-11-08,14.45,16.64,18.89
2023-11-09,15.29,17.3,19.37
2023-11-10,14.17,16.52,18.69
2023-11-13,14.76,16.61,18.82
2023-11-14,14.16,16.29,18.51
2023-11-15,14.18,16.28,18.58
2023-11-16,14.32,16.14,18.46
2023-11-17,13.8,15.85,18.31
2023-11-20,13.41,15.69,18.21
2023-11-21,13.35,15.5,18.03
2023-11-22,12.85,15.48,18.05
2023-11-23,12.8,,
2023-11-24,12.46,15.12,17.81
2023-11-27,12.69,15.34,17.89
2023-11-28,12.69,15.24,17.81
2023-11-29,12.98,15.51,18.03
2023-11-30,12.92,15.44,17.91
2023-12-01,12.63,15.36,17.83
2023-12-04,13.08,15.68,18.12
2023-12-05,12.85,15.57,17.99
2023-12-06,12.97,15.74,18.15
2023-12-07,13.06,15.65,17.95
2023-12-08,12.35,15.16,17.61
2023-12-11,12.63,15.19,17.54
2023-12-12,12.07,14.83,17.2
2023-12-13,12.19,14.66,16.99
2023-12-14,12.48,14.79,16.99
2023-12-15,12.28,15.13,17.32
2023-12-18,12.56,15.47,17.59
2023-12-19,12.53,15.64,17.81
2023-12-20,13.67,16.58,18.64
2023-12-21,13.65,16.3,18.4
2023-12-22,13.03,15.99,18.19
2023-12-26,12.99,15.88,18.06
2023-12-27,12.43,15.27,17.52
2023-12-28,12.47,15.23,17.51
2023-12-29,12.45,15.26,17.53
2024-01-02,13.2,15.48,17.68
2024-01-03,14.04,16.04,18.08
2024-01-04,14.13,16.04,18.02
2024-01-05,13.35,15.51,17.56
2024-01-08,13.08,15.14,17.09
2024-01-09,12.76,14.9,16.96
2024-01-10,12.69,14.73,16.75
2024-01-11,12.44,14.56,16.68
2024-01-12,12.7,14.94,16.85
2024-01-15,13.25,,
2024-01-16,13.84,15.74,17.44
2024-01-17,14.79,16.38,17.9
2024-01-18,14.13,15.84,17.45
2024-01-19,13.3,15.26,16.94
2024-01-22,13.19,14.97,16.75
2024-01-23,12.55,14.52,16.36
2024-01-24,13.14,14.97,16.73
2024-01-25,13.45,15.1,16.83
2024-01-26,13.26,15.03,16.86
2024-01-29,13.6,15.22,16.97
2024-01-30,13.31,15.14,16.93
2024-01-31,14.35,15.96,17.58
2024-02-01,13.88,15.5,17.22
2024-02-02,13.85,15.61,17.27
2024-02-05,13.67,15.33,17.06
2024-02-06,13.06,14.99,16.82
2024-02-07,12.83,14.85,16.69
2024-02-08,12.79,14.93,16.73
2024-02-09,12.93,15.08,16.94
2024-02-12,13.93,15.67,17.37
2024-02-13,15.85,16.82,18.19
2024-02-14,14.38,15.93,17.62
2024-02-15,14.01,15.76,17.53
2024-02-16,14.24,15.86,17.62
2024-02-19,14.71,,
2024-02-20,15.42,16.41,18.0
2024-02-21,15.34,16.23,17.78
2024-02-22,14.54,15.77,17.39
2024-02-23,13.75,15.25,17.09
2024-02-26,13.74,15.22,17.04
2024-02-27,13.43,14.89,16.78
2024-02-28,13.84,15.22,17.03
2024-02-29,13.4,14.93,16.86
2024-03-01,13.11,14.93,16.86
2024-03-04,13.49,15.23,17.12
2024-03-05,14.46,15.91,17.62
2024-03-06,14.5,15.97,17.67
2024-03-07,14.44,15.91,17.57
2024-03-08,14.74,16.3,17.96
2024-03-11,15.22,16.46,18.11
2024-03-12,13.84,15.66,17.58
2024-03-13,13.75,15.6,17.56
2024-03-14,14.4,16.12,17.93
2024-03-15,14.41,16.41,18.17
2024-03-18,14.33,16.22,18.0
2024-03-19,13.82,15.77,17.64
2024-03-20,13.04,15.28,17.27
2024-03-21,12.92,15.18,17.25
2024-03-22,13.06,15.3,17.34
2024-03-25,13.19,15.38,17.46
2024-03-26,13.24,15.29,17.34
2024-03-27,12.78,15.01,17.07
2024-03-28,13.01,15.19,17.19
2024-04-01,13.65,15.52,17.42
2024-04-02,14.61,16.09,17.84
2024-04-03,14.33,15.91,17.74
2024-04-04,16.35,17.16,18.65
2024-04-05,16.03,17.18,18.68
2024-04-08,15.19,16.56,18.16
2024-04-09,14.98,16.42,18.07
2024-04-10,15.8,17.04,18.54
2024-04-11,14.91,16.49,18.15
2024-04-12,17.31,18.2,19.38
2024-04-15,19.23,19.55,20.41
2024-04-16,18.4,18.84,19.9
2024-04-17,18.21,18.77,19.87
2024-04-18,18.0,18.66,19.77
2024-04-19,18.71,19.25,20.17
2024-04-22,16.94,17.63,18.86
2024-04-23,15.69,16.68,18.17
2024-04-24,15.97,16.84,18.31
2024-04-25,15.37,16.37,17.88
2024-04-26,15.03,16.27,17.83
2024-04-29,14.67,16.0,17.63
2024-04-30,15.65,16.59,17.94
2024-05-01,15.39,16.57,18.16
2024-05-02,14.68,16.05,17.71
2024-05-03,13.49,15.27,17.13
2024-05-06,13.49,15.02,16.94
2024-05-07,13.23,14.95,16.9
2024-05-08,13.0,14.9,16.89
2024-05-09,12.69,14.71,16.68
2024-05-10,12.55,14.66,16.67
2024-05-13,13.6,14.89,16.86
2024-05-14,13.42,14.7,16.76
2024-05-15,12.45,14.08,16.33
2024-05-16,12.42,14.22,16.46
2024-05-17,11.99,13.99,16.29
2024-05-20,12.15,14.11,16.34
2024-05-21,11.86,13.95,16.2
2024-05-22,12.29,14.31,16.51
2024-05-23,12.77,14.67,16.7
2024-05-24,11.93,14.17,16.36
2024-05-27,12.36,,
2024-05-28,12.92,14.72,16.71
2024-05-29,14.28,15.45,17.21
2024-05-30,14.47,15.59,17.3
2024-05-31,12.92,14.66,16.61
2024-06-03,13.11,14.8,16.74
2024-06-04,13.16,14.88,16.84
2024-06-05,12.63,14.54,16.61
2024-06-06,12.58,14.54,16.62
2024-06-07,12.22,14.41,16.54
2024-06-10,12.74,14.6,16.67
2024-06-11,12.85,14.49,16.59
2024-06-12,12.04,14.12,16.38
2024-06-13,11.94,14.17,16.49
2024-06-14,12.66,14.84,17.03
2024-06-17,12.75,14.79,17.0
2024-06-18,12.3,14.69,16.99
2024-06-19,12.48,,
2024-06-20,13.28,15.41,17.62
2024-06-21,13.2,15.17,17.46
2024-06-24,13.33,15.23,17.56
2024-06-25,12.84,14.86,17.24
2024-06-26,12.55,14.71,17.18
2024-06-27,12.24,14.42,16.92
2024-06-28,12.44,14.52,16.95
2024-07-01,12.22,14.19,16.68
2024-07-02,12.03,14.01,16.53
2024-07-03,12.09,14.02,16.55
2024-07-04,12.26,,
2024-07-05,12.48,14.35,16.71
2024-07-08,12.37,14.29,16.65
2024-07-09,12.51,14.39,16.77
2024-07-10,12.85,14.5,16.8
2024-07-11,12.92,14.67,16.99
2024-07-12,12.46,14.37,16.8
2024-07-15,13.12,14.87,17.07
2024-07-16,13.19,14.91,17.15
2024-07-17,14.48,15.79,17.73
2024-07-18,15.93,16.56,18.2
2024-07-19,16.52,17.16,18.64
2024-07-22,14.91,16.09,17.93
2024-07-23,14.72,16.01,17.92
2024-07-24,18.04,18.43,19.62
2024-07-25,18.46,18.69,19.8
2024-07-26,16.39,17.24,18.75
2024-07-29,16.6,17.16,18.64
2024-07-30,17.69,18.01,19.24
2024-07-31,16.36,16.97,18.32
2024-08-01,18.59,19.14,19.94
2024-08-02,23.39,23.34,22.98
2024-08-05,38.57,33.71,30.28
2024-08-06,27.71,26.76,25.56
2024-08-07,27.85,27.01,25.75
2024-08-08,23.79,24.13,23.5
2024-08-09,20.37,21.18,21.43
2024-08-12,20.71,21.63,21.63
2024-08-13,18.12,19.86,20.23
2024-08-14,16.19,18.45,19.2
2024-08-15,15.23,17.88,18.77
2024-08-16,14.8,17.81,18.78
2024-08-19,14.65,17.59,18.62
2024-08-20,15.88,18.28,19.3
2024-08-21,16.27,18.58,19.54
2024-08-22,17.55,19.36,20.09
2024-08-23,15.86,18.19,19.35
2024-08-26,16.15,18.25,19.36
2024-08-27,15.43,17.73,19.0
2024-08-28,17.11,18.9,19.83
2024-08-29,15.65,18.0,19.31
2024-08-30,15.0,17.43,18.88
2024-09-02,15.55,,
2024-09-03,20.72,21.7,21.93
2024-09-04,21.32,22.07,22.27
2024-09-05,19.9,20.93,21.45
2024-09-06,22.38,22.74,22.79
2024-09-09,19.45,20.88,21.4
2024-09-10,19.08,20.55,21.23
2024-09-11,17.69,19.59,20.37
2024-09-12,17.07,19.48,20.4
2024-09-13,16.56,19.28,20.28
2024-09-16,17.14,19.81,20.58
2024-09-17,17.61,20.13,20.88
2024-09-18,18.23,20.35,20.98
2024-09-19,16.33,19.07,20.04
2024-09-20,16.15,18.94,20.12
2024-09-23,15.89,18.7,20.05
2024-09-24,15.39,18.47,19.87
2024-09-25,15.41,18.57,20.0
2024-09-26,15.37,18.45,19.99
2024-09-27,16.96,19.54,20.92
2024-09-30,16.73,19.22,20.62
2024-10-01,19.26,20.89,21.83
2024-10-02,18.9,20.59,21.62
2024-10-03,20.49,21.63,22.28
2024-10-04,19.21,20.65,21.6
2024-10-07,22.64,22.59,23.02
2024-10-08,21.42,21.52,22.45
2024-10-09,20.86,20.91,21.85
2024-10-10,20.93,21.02,21.96
2024-10-11,20.46,20.77,21.76
2024-10-14,19.7,20.12,21.14
2024-10-15,20.64,20.8,21.52
2024-10-16,19.58,20.32,21.14
2024-10-17,19.11,19.81,20.75
2024-10-18,18.03,19.19,20.23
2024-10-21,18.37,19.24,20.2
2024-10-22,18.2,19.17,20.22
2024-10-23,19.24,20.04,20.74
2024-10-24,19.08,19.85,20.56
2024-10-25,20.33,20.94,21.51
2024-10-28,19.8,20.17,20.79
2024-10-29,19.34,19.96,20.45
2024-10-30,20.35,20.76,21.23
2024-10-31,23.16,22.64,22.61
2024-11-01,21.88,21.91,22.18
2024-11-04,21.98,21.57,22.0
2024-11-05,20.49,20.19,20.85
2024-11-06,16.27,17.67,19.17
2024-11-07,15.2,16.95,18.61
2024-11-08,14.94,16.83,18.56
2024-11-11,14.97,16.8,18.47
2024-11-12,14.71,16.71,18.54
2024-11-13,14.02,16.51,18.46
2024-11-14,14.31,16.68,18.57
2024-11-15,16.14,17.81,19.25
2024-11-18,15.58,17.19,18.76
2024-11-19,16.35,17.69,19.16
2024-11-20,17.16,18.26,19.43
2024-11-21,16.87,18.18,19.41
2024-11-22,15.24,17.3,18.78
2024-11-25,14.6,16.87,18.44
2024-11-26,14.1,16.53,18.17
2024-11-27,14.1,16.6,18.28
2024-11-28,13.9,,
2024-11-29,13.51,16.26,18.15
2024-12-02,13.34,16.34,18.05
2024-12-03,13.3,16.24,17.98
2024-12-04,13.45,16.39,18.3
2024-12-05,13.54,16.58,18.36
2024-12-06,12.77,16.32,18.21
2024-12-09,14.19,17.09,18.78
2024-12-10,14.18,16.98,18.8
2024-12-11,13.58,16.88,18.9
2024-12-12,13.92,17.35,19.31
2024-12-13,13.81,17.15,19.23
2024-12-16,14.69,17.57,19.5
2024-12-17,15.87,18.13,19.87
2024-12-18,27.62,24.24,23.62
2024-12-19,24.09,24.14,23.91
2024-12-20,18.36,20.1,21.5
2024-12-23,16.78,18.65,20.32
2024-12-24,14.27,17.2,19.28
2024-12-26,14.73,17.36,19.38
2024-12-27,15.95,18.07,19.88
2024-12-30,17.4,18.94,20.5
2024-12-31,17.35,18.98,20.55
2025-01-02,17.93,19.33,20.71
2025-01-03,16.13,18.14,19.82
2025-01-06,16.04,18.03,19.65
2025-01-07,17.82,19.19,20.48
2025-01-08,17.7,19.34,20.46
2025-01-09,18.07,,
2025-01-10,19.54,20.97,21.71
2025-01-13,19.19,20.43,21.14
2025-01-14,18.71,19.99,20.92
2025-01-15,16.12,18.23,19.79
2025-01-16,16.6,18.35,19.9
2025-01-17,15.97,18.19,19.8
2025-01-20,15.81,,
2025-01-21,15.06,17.5,19.21
2025-01-22,15.1,17.81,19.39
2025-01-23,15.02,17.52,19.18
2025-01-24,14.85,17.55,19.24
2025-01-27,17.9,18.97,20.1
2025-01-28,16.41,18.13,19.47
2025-01-29,16.56,18.15,19.59
2025-01-30,15.84,17.91,19.33
2025-01-31,16.43,18.43,19.77
2025-02-03,18.62,19.55,20.35
2025-02-04,17.21,18.64,19.83
2025-02-05,15.77,17.96,19.24
2025-02-06,15.5,17.94,19.22
2025-02-07,16.54,18.63,19.76
2025-02-10,15.81,18.23,19.44
2025-02-11,16.02,18.28,19.48
2025-02-12,15.89,18.31,19.54
2025-02-13,15.1,17.84,19.11
2025-02-14,14.77,17.81,19.19
2025-02-17,15.37,,
2025-02-18,15.35,17.82,19.32
2025-02-19,15.27,17.93,19.41
2025-02-20,15.66,18.01,19.66
2025-02-21,18.21,19.48,20.6
2025-02-24,18.98,19.86,20.88
2025-02-25,19.43,20.03,21.04
2025-02-26,19.1,19.75,20.81
2025-02-27,21.13,21.22,21.91
2025-02-28,19.63,20.18,21.17
2025-03-03,22.78,22.18,22.5
2025-03-04,23.51,22.78,22.91
2025-03-05,21.93,21.72,22.1
2025-03-06,24.87,23.7,23.69
2025-03-07,23.37,22.59,22.84
2025-03-10,27.86,25.72,24.98
2025-03-11,26.92,25.34,24.84
2025-03-12,24.23,23.67,23.52
2025-03-13,24.66,24.06,23.71
2025-03-14,21.77,22.17,22.37
2025-03-17,20.51,21.3,21.66
2025-03-18,21.7,21.97,22.12
2025-03-19,19.9,20.83,21.34
2025-03-20,19.8,20.71,21.26
2025-03-21,19.28,20.35,20.98
2025-03-24,17.48,19.04,19.96
2025-03-25,17.15,19.05,20.08
2025-03-26,18.33,19.84,20.86
2025-03-27,18.69,19.89,21.0
2025-03-28,21.65,22.01,22.58
2025-03-31,22.28,21.97,22.45
2025-04-01,21.77,21.82,22.32
2025-04-02,21.51,21.45,21.89
2025-04-03,30.02,27.38,26.19
2025-04-04,45.31,36.71,32.55
2025-04-07,46.98,36.88,32.38
2025-04-08,52.33,41.5,35.77
2025-04-09,33.62,29.92,27.45
2025-04-10,40.72,35.71,32.53
2025-04-11,37.56,33.91,31.6
2025-04-14,30.89,29.63,28.77
2025-04-15,30.12,29.0,28.2
2025-04-16,32.64,30.94,29.78
2025-04-17,29.65,29.35,28.88
2025-04-21,33.82,31.83,30.93
2025-04-22,30.57,29.45,28.93
2025-04-23,28.45,28.02,27.84
2025-04-24,26.47,26.44,26.73
2025-04-25,24.84,25.37,25.89
2025-04-28,25.15,25.73,26.1
2025-04-29,24.17,25.22,25.83
2025-04-30,24.7,25.54,25.99
2025-05-01,24.6,25.49,25.91
2025-05-02,22.68,24.0,24.7
2025-05-05,23.64,24.55,25.11
2025-05-06,24.76,25.41,25.76
2025-05-07,23.55,24.7,25.28
2025-05-08,22.48,23.76,24.6
2025-05-09,21.9,23.38,24.33
2025-05-12,18.39,20.22,21.66
2025-05-13,18.22,20.09,21.45
2025-05-14,18.62,20.58,21.83
2025-05-15,17.83,20.25,21.59
2025-05-16,17.24,20.08,21.63
2025-05-19,18.14,20.69,22.01
2025-05-20,18.09,20.72,22.04
2025-05-21,20.87,22.66,23.54
2025-05-22,20.28,22.32,23.35
2025-05-23,22.29,23.8,24.39
2025-05-26,20.57,,
2025-05-27,18.96,21.29,22.43
2025-05-28,19.31,21.67,22.74
2025-05-29,19.18,21.62,22.77
2025-05-30,18.57,21.38,22.72
2025-06-02,18.36,21.09,22.45
2025-06-03,17.69,20.72,22.13
2025-06-04,17.61,20.66,22.17
2025-06-05,18.48,21.11,22.51
2025-06-06,16.77,20.02,21.75
2025-06-09,17.16,20.09,21.82
2025-06-10,16.95,19.94,21.6
2025-06-11,17.26,20.3,21.81
2025-06-12,18.02,20.65,22.1
2025-06-13,20.82,22.62,23.4
2025-06-16,19.11,21.23,22.43
2025-06-17,21.6,22.91,23.62
2025-06-18,20.14,21.97,22.97
2025-06-19,22.17,,
2025-06-20,20.62,22.48,23.44
2025-06-23,19.83,21.82,22.9
2025-06-24,17.48,20.05,21.67
2025-06-25,16.76,19.67,21.45
2025-06-26,16.59,19.45,21.26
2025-06-27,16.32,19.45,21.31
2025-06-30,16.73,19.44,21.27
2025-07-01,16.83,19.51,21.32
2025-07-02,16.64,19.35,21.16
2025-07-03,16.38,19.21,21.02
2025-07-04,17.48,,
2025-07-07,17.79,20.21,21.61
2025-07-08,16.81,19.58,21.11
2025-07-09,15.94,19.02,20.72
2025-07-10,15.78,18.92,20.68
2025-07-11,16.4,19.37,21.09
2025-07-14,17.2,19.84,21.32
2025-07-15,17.38,20.06,21.49
2025-07-16,17.16,20.09,21.6
2025-07-17,16.52,19.69,21.39
2025-07-18,16.41,19.58,21.33
2025-07-21,16.65,19.51,21.26
2025-07-22,16.5,19.53,21.35
2025-07-23,15.37,18.56,20.6
2025-07-24,15.39,18.56,20.57
2025-07-25,14.93,18.32,20.33
2025-07-28,15.03,18.16,20.14
2025-07-29,15.98,18.77,20.61
2025-07-30,15.48,18.35,20.3
2025-07-31,16.72,19.14,20.84
2025-08-01,20.38,21.24,22.33
2025-08-04,17.52,19.61,21.03
2025-08-05,17.85,20.03,21.33
2025-08-06,16.77,19.47,21.0
2025-08-07,16.57,19.35,20.91
2025-08-08,15.15,18.7,20.48
2025-08-11,16.25,19.25,20.8
2025-08-12,14.73,18.34,20.23
2025-08-13,14.49,18.33,20.35
2025-08-14,14.83,18.49,20.49
2025-08-15,15.09,18.64,20.66
2025-08-18,14.99,18.45,20.54
2025-08-19,15.57,18.9,20.97
2025-08-20,15.69,19.1,21.06
2025-08-21,16.6,19.41,21.4
2025-08-22,14.22,17.76,20.15
2025-08-25,14.79,18.02,20.48
2025-08-26,14.62,17.9,20.46
2025-08-27,14.85,17.94,20.62
2025-08-28,14.43,17.72,20.41
2025-08-29,15.36,18.35,20.83
2025-09-01,16.12,,
2025-09-02,17.17,19.38,21.42
2025-09-03,16.35,18.93,21.05
2025-09-04,15.3,18.39,20.81
2025-09-05,15.18,18.42,20.64
2025-09-08,15.11,18.29,20.49
2025-09-09,15.04,18.27,20.51
2025-09-10,15.35,18.44,20.58
2025-09-11,14.71,18.03,20.34
2025-09-12,14.76,18.06,20.4
2025-09-15,15.69,18.53,20.74
2025-09-16,16.36,18.91,21.01
2025-09-17,15.72,18.44,20.66
2025-09-18,15.7,18.52,20.73
2025-09-19,15.45,18.48,20.74
2025-09-22,16.1,18.95,21.1
2025-09-23,16.64,19.44,21.45
2025-09-24,16.18,19.14,21.21
2025-09-25,16.74,19.46,21.38
2025-09-26,15.29,18.41,20.67
2025-09-29,16.12,18.76,20.98
2025-09-30,16.28,18.77,20.95
2025-10-01,16.29,18.76,20.97
2025-10-02,16.63,18.89,21.08
2025-10-03,16.65,19.08,21.22
2025-10-06,16.37,19.12,21.25
2025-10-07,17.24,19.71,21.58
2025-10-08,16.3,19.26,21.36
2025-10-09,16.43,19.38,21.37
2025-10-10,21.66,22.81,23.78
2025-10-13,19.03,20.93,22.41
2025-10-14,20.81,22.03,23.18
2025-10-15,20.64,21.94,23.2
2025-10-16,25.31,24.87,25.15
2025-10-17,20.78,22.09,23.38
2025-10-20,18.23,20.31,22.28
2025-10-21,17.87,19.99,22.1
2025-10-22,18.6,20.31,22.37
2025-10-23,17.3,19.65,21.9
2025-10-24,16.37,19.2,21.54
2025-10-27,15.79,18.99,21.41
2025-10-28,16.42,19.55,21.85
2025-10-29,16.92,19.83,22.02
2025-10-30,16.91,19.98,22.08
2025-10-31,17.44,20.49,22.54
2025-11-03,17.17,20.38,22.54
2025-11-04,19.0,21.29,23.17
2025-11-05,18.01,20.6,22.64
2025-11-06,19.5,21.35,23.16
2025-11-07,19.08,21.19,22.99
2025-11-10,17.6,20.24,22.37
2025-11-11,17.28,20.19,22.5
2025-11-12,17.51,20.34,22.54
2025-11-13,20.0,21.85,23.59
2025-11-14,19.83,21.58,23.35
2025-11-17,22.38,23.18,24.32
2025-11-18,24.69,24.54,25.29
2025-11-19,23.66,23.99,25.0
2025-11-20,26.42,25.76,26.23
2025-11-21,23.43,23.96,25.16
2025-11-24,20.52,21.85,23.75
2025-11-25,18.56,20.73,22.98
2025-11-26,17.19,20.02,22.45
2025-11-27,17.21,,
2025-11-28,16.35,19.64,22.1
2025-12-01,17.24,20.22,22.45
2025-12-02,16.59,19.84,22.2
2025-12-03,16.08,19.71,22.1
2025-12-04,15.78,19.49,21.93
2025-12-05,15.41,19.27,21.71
2025-12-08,16.66,19.91,22.16
2025-12-09,16.93,20.08,22.25
2025-12-10,15.77,19.35,21.68
2025-12-11,14.85,19.05,21.4
2025-12-12,15.74,19.25,21.62
2025-12-15,16.5,19.68,21.95
2025-12-16,16.48,19.67,21.97
2025-12-17,17.62,20.08,22.14
2025-12-18,16.87,19.59,21.71
2025-12-19,14.91,18.25,20.79
2025-12-22,14.08,17.79,20.42
2025-12-23,14.0,17.84,20.58
2025-12-24,13.47,17.77,20.59
2025-12-26,13.6,17.77,20.64
2025-12-29,14.2,17.82,20.6
2025-12-30,14.33,17.77,20.69
2025-12-31,14.95,18.18,20.94
2026-01-02,14.51,18.02,20.87
2026-01-05,14.9,18.32,20.96
2026-01-06,14.75,18.15,20.78
2026-01-07,15.38,18.59,21.1
2026-01-08,15.45,18.39,20.91
2026-01-09,14.49,17.88,20.57
2026-01-12,15.12,18.23,20.7
2026-01-13,15.98,18.85,21.21
2026-01-14,16.75,19.37,21.53
2026-01-15,15.84,18.9,21.28
2026-01-16,15.86,18.99,21.32
2026-01-19,18.84,,
2026-01-20,20.09,21.28,23.04
2026-01-21,16.9,19.36,21.62
2026-01-22,15.64,18.75,21.27
2026-01-23,16.09,19.15,21.53
2026-01-26,16.15,19.07,21.6
2026-01-27,16.35,19.22,21.75
2026-01-28,16.35,19.3,21.72
2026-01-29,16.88,19.67,21.97
2026-01-30,17.44,20.07,22.23
2026-02-02,16.34,19.37,21.68
2026-02-03,18.0,20.35,22.24
2026-02-04,18.64,20.62,22.37
2026-02-05,21.77,22.45,23.66
2026-02-06,17.76,20.37,22.23
2026-02-09,17.36,20.09,21.94
2026-02-10,17.79,20.43,22.33
2026-02-11,17.65,20.37,22.26
2026-02-12,20.82,22.17,23.44
2026-02-13,20.6,22.17,23.56
2026-02-16,21.2,,
2026-02-17,20.29,21.6,23.18
2026-02-18,19.62,21.39,23.09
2026-02-19,20.23,21.88,23.56
2026-02-20,19.09,21.09,23.07
2026-02-23,21.01,22.14,23.91
2026-02-24,19.55,21.34,23.31
2026-02-25,17.93,20.36,22.79
2026-02-26,18.63,20.81,23.09
2026-02-27,19.86,21.56,23.59
2026-03-02,21.44,22.44,24.15
2026-03-03,23.57,23.54,24.75
2026-03-04,21.15,22.29,23.9
2026-03-05,23.75,23.86,24.92
2026-03-06,29.49,27.56,27.99
2026-03-09,25.5,25.34,26.14
2026-03-10,24.93,25.51,26.39
2026-03-11,24.23,24.97,25.85
2026-03-12,27.29,26.95,27.26
2026-03-13,27.19,27.28,27.43
2026-03-16,23.51,24.92,25.63
2026-03-17,22.37,24.33,25.28
2026-03-18,25.09,26.56,27.2
2026-03-19,24.06,25.54,26.44
2026-03-20,28.97,28.47,28.85
