date,ticker,open,high,low,close,volume
2020-09-30,PLTR UN Equity,11.41,9.5,9.12,10.0,132610649.0
2020-10-01,PLTR UN Equity,10.09,9.46,9.23,9.7,24484654.0
2020-10-02,PLTR UN Equity,9.28,9.2,8.94,9.0,9071376.0
2020-10-05,PLTR UN Equity,9.48,9.03,8.92,9.4,4408308.0
2020-10-06,PLTR UN Equity,10.17,9.9,8.9,9.02,23129607.0
2020-10-07,PLTR UN Equity,10.48,10.0,10.0,10.0,7956038.0
2020-10-08,PLTR UN Equity,10.4,10.0,9.99,10.3,4837196.0
2020-10-09,PLTR UN Equity,10.19,9.95,9.89,10.19,2980777.0
2020-10-12,PLTR UN Equity,10.03,9.89,9.66,10.0,2529745.0
2020-10-13,PLTR UN Equity,9.88,9.47,9.41,9.88,3086479.0
2020-10-14,PLTR UN Equity,9.655,9.34,9.3,9.5,1722731.0
2020-10-15,PLTR UN Equity,9.91,9.91,9.18,9.25,1693243.0
2020-10-16,PLTR UN Equity,9.95,9.71,9.66,9.9,1501169.0
2020-10-19,PLTR UN Equity,9.82,9.57,9.53,9.75,1406620.0
2020-10-20,PLTR UN Equity,9.655,9.27,9.27,9.6,2035157.0
2020-10-21,PLTR UN Equity,9.475,9.2,9.2,9.3,1205519.0
2020-10-22,PLTR UN Equity,9.75,9.68,9.23,9.37,1853459.0
2020-10-23,PLTR UN Equity,9.82,9.49,9.475,9.73,2128994.0
2020-10-26,PLTR UN Equity,9.97,9.95,9.6,9.72,2954475.0
2020-10-27,PLTR UN Equity,11.04,10.95,9.92,10.0,8022155.0
2020-10-28,PLTR UN Equity,10.985,10.85,10.11,10.68,3934307.0
2020-10-29,PLTR UN Equity,11.1,10.75,10.56,10.95,2656624.0
2020-10-30,PLTR UN Equity,10.66,10.13,9.85,10.61,3017863.0
2020-11-02,PLTR UN Equity,10.555,10.54,10.23,10.23,1568460.0
2020-11-03,PLTR UN Equity,10.935,10.5,10.445,10.57,2767140.0
2020-11-04,PLTR UN Equity,10.91,10.72,10.55,10.82,1724853.0
2020-11-05,PLTR UN Equity,12.13,11.88,10.86,10.86,6890349.0
2020-11-06,PLTR UN Equity,14.96,13.83,12.05,12.13,11268086.0
2020-11-09,PLTR UN Equity,15.9,14.67,14.11,15.0,8848426.0
2020-11-10,PLTR UN Equity,15.01,14.0,13.19,15.0,4774747.0
2020-11-11,PLTR UN Equity,15.97,15.96,14.4,14.57,4756721.0
2020-11-12,PLTR UN Equity,17.05,14.58,14.42,16.64,10716421.0
2020-11-13,PLTR UN Equity,16.0,15.8,14.5,14.58,11954946.0
2020-11-16,PLTR UN Equity,16.1,15.93,15.01,15.8,11326223.0
2020-11-17,PLTR UN Equity,18.74,17.85,16.18,16.28,15259784.0
2020-11-18,PLTR UN Equity,19.25,17.9,17.55,18.29,11334999.0
2020-11-19,PLTR UN Equity,18.98,18.98,17.97,18.5,7286744.0
2020-11-20,PLTR UN Equity,19.66,18.15,18.01,19.0,8816674.0
2020-11-23,PLTR UN Equity,21.445,21.04,18.57,18.66,12615024.0
2020-11-24,PLTR UN Equity,24.27,23.82,20.63,22.3,17490804.0
2020-11-25,PLTR UN Equity,29.75,29.05,23.7,24.0,25916410.0
2020-11-27,PLTR UN Equity,33.49,27.66,26.12,31.39,24437846.0
2020-11-30,PLTR UN Equity,30.15,27.11,24.11,28.24,15577556.0
2020-12-01,PLTR UN Equity,28.03,25.67,24.45,28.01,8889196.0
2020-12-02,PLTR UN Equity,23.4,22.51,21.15,22.02,15516859.0
2020-12-03,PLTR UN Equity,25.4,24.03,23.5,23.53,8776293.0
2020-12-04,PLTR UN Equity,25.23,23.85,23.52,24.8,7701903.0
2020-12-07,PLTR UN Equity,29.0,28.94,24.44,24.45,12797270.0
2020-12-08,PLTR UN Equity,31.23,28.59,27.25,30.6,13052472.0
2020-12-09,PLTR UN Equity,28.85,26.63,25.34,28.6,8623653.0
2020-12-10,PLTR UN Equity,28.04,27.04,25.16,25.55,5053561.0
2020-12-11,PLTR UN Equity,28.26,27.2,26.06,27.1,5092738.0
2020-12-14,PLTR UN Equity,28.23,27.24,26.74,28.2,4109788.0
2020-12-15,PLTR UN Equity,27.09,26.43,25.53,27.0,4761031.0
2020-12-16,PLTR UN Equity,26.16,25.92,25.12,25.7,4845362.0
2020-12-17,PLTR UN Equity,27.44,27.23,26.05,26.52,4169455.0
2020-12-18,PLTR UN Equity,26.85,25.97,25.88,26.4,22344512.0
2020-12-21,PLTR UN Equity,28.7,28.51,25.4,26.13,8364286.0
2020-12-22,PLTR UN Equity,29.42,28.04,26.82,29.0,5815672.0
2020-12-23,PLTR UN Equity,29.39,28.69,28.05,28.87,5806260.0
2020-12-24,PLTR UN Equity,29.15,27.75,27.53,28.69,3403940.0
2020-12-28,PLTR UN Equity,28.58,25.63,25.4,28.55,6179037.0
2020-12-29,PLTR UN Equity,26.18,24.66,24.34,25.7,6760456.0
2020-12-30,PLTR UN Equity,25.9,25.1,24.64,25.0,3724316.0
2020-12-31,PLTR UN Equity,24.7,23.55,23.52,24.64,4668197.0
2021-01-04,PLTR UN Equity,24.44,23.37,22.5,23.86,4953507.0
2021-01-05,PLTR UN Equity,24.67,24.6,22.9,23.27,3142240.0
2021-01-06,PLTR UN Equity,24.46,23.54,23.28,24.0,3516785.0
2021-01-07,PLTR UN Equity,25.18,25.0,23.69,24.0,3637557.0
2021-01-08,PLTR UN Equity,26.42,25.2,24.71,25.7,5292178.0
2021-01-11,PLTR UN Equity,26.6,25.93,24.32,24.65,3659536.0
2021-01-12,PLTR UN Equity,26.39,26.18,25.52,26.3,3692458.0
2021-01-13,PLTR UN Equity,27.42,25.5,25.13,25.72,6826989.0
2021-01-14,PLTR UN Equity,25.6,24.92,24.37,25.5,3966288.0
2021-01-15,PLTR UN Equity,28.0,25.64,25.46,26.2,10283924.0
2021-01-19,PLTR UN Equity,27.54,26.62,26.01,26.75,5406470.0
2021-01-20,PLTR UN Equity,27.26,26.34,25.71,27.11,4484115.0
2021-01-21,PLTR UN Equity,26.68,25.98,25.3,26.42,3383508.0
2021-01-22,PLTR UN Equity,32.65,32.58,25.82,25.85,19453966.0
2021-01-25,PLTR UN Equity,39.58,36.23,29.56,34.6,26559772.0
2021-01-26,PLTR UN Equity,36.87,35.37,34.33,35.0,8125192.0
2021-01-27,PLTR UN Equity,45.0,39.0,32.27,33.0,19429757.0
2021-01-28,PLTR UN Equity,42.0,35.66,33.1,39.12,13699128.0
2021-01-29,PLTR UN Equity,38.0,35.18,34.67,36.23,6185156.0
2021-02-01,PLTR UN Equity,35.61,33.96,32.6,35.2,5716242.0
2021-02-02,PLTR UN Equity,34.18,31.02,30.5,34.0,8961013.0
2021-02-03,PLTR UN Equity,32.95,31.76,31.38,32.45,3915061.0
2021-02-04,PLTR UN Equity,33.18,32.05,31.05,32.63,3573082.0
2021-02-05,PLTR UN Equity,35.2,34.05,31.75,32.5,7068645.0
2021-02-08,PLTR UN Equity,39.21,36.05,35.89,37.0,7935265.0
2021-02-09,PLTR UN Equity,38.25,38.17,36.14,37.0,5590229.0
2021-02-10,PLTR UN Equity,38.22,35.7,35.0,38.15,6622620.0
2021-02-11,PLTR UN Equity,35.94,33.11,32.61,35.79,6498600.0
2021-02-12,PLTR UN Equity,33.65,31.91,31.35,33.5,7881963.0
2021-02-16,PLTR UN Equity,30.44,27.84,27.3,30.44,18917591.0
2021-02-17,PLTR UN Equity,29.72,27.08,27.0,28.0,16976158.0
2021-02-18,PLTR UN Equity,26.31,25.17,24.5,25.0,37651241.0
2021-02-19,PLTR UN Equity,29.96,29.0,26.9,27.08,31675047.0
2021-02-22,PLTR UN Equity,30.19,28.0,27.54,30.0,22719689.0
2021-02-23,PLTR UN Equity,27.45,26.75,23.9,26.0,21006504.0
2021-02-24,PLTR UN Equity,27.22,26.39,25.755,26.71,11954120.0
2021-02-25,PLTR UN Equity,26.43,23.96,23.16,25.8,21117379.0
2021-02-26,PLTR UN Equity,24.49,23.9,22.7,24.18,15566229.0
2021-03-01,PLTR UN Equity,25.655,24.81,24.62,25.18,11675202.0
2021-03-02,PLTR UN Equity,25.59,24.48,24.27,25.0,10518557.0
2021-03-03,PLTR UN Equity,25.16,23.59,23.44,25.0,8490296.0
2021-03-04,PLTR UN Equity,25.555,24.73,23.06,24.85,16397631.0
2021-03-05,PLTR UN Equity,24.67,23.95,20.18,24.3,18439399.0
2021-03-08,PLTR UN Equity,24.58,22.52,22.4,23.77,10315064.0
2021-03-09,PLTR UN Equity,24.74,24.26,23.11,23.4,11442303.0
2021-03-10,PLTR UN Equity,26.23,24.75,24.28,25.0,15132945.0
2021-03-11,PLTR UN Equity,26.84,26.73,25.58,25.99,10838331.0
2021-03-12,PLTR UN Equity,26.92,26.92,25.18,25.74,7460962.0
2021-03-15,PLTR UN Equity,27.46,26.79,26.31,27.28,6574041.0
2021-03-16,PLTR UN Equity,27.09,25.61,25.23,26.75,7496996.0
2021-03-17,PLTR UN Equity,25.73,25.21,24.3,24.51,10583651.0
2021-03-18,PLTR UN Equity,25.16,23.98,23.78,24.72,8585379.0
2021-03-19,PLTR UN Equity,24.565,24.32,23.4,24.01,10819993.0
2021-03-22,PLTR UN Equity,24.92,24.22,23.86,24.9,6277054.0
2021-03-23,PLTR UN Equity,24.1,23.26,23.11,24.0,6269830.0
2021-03-24,PLTR UN Equity,23.48,21.88,21.751,23.3,8982062.0
2021-03-25,PLTR UN Equity,22.79,22.58,21.06,21.2,9759387.0
2021-03-26,PLTR UN Equity,23.045,22.58,21.76,22.6,7155542.0
2021-03-29,PLTR UN Equity,22.5,21.73,21.39,22.5,6733480.0
2021-03-30,PLTR UN Equity,22.085,22.04,20.86,21.37,6488885.0
2021-03-31,PLTR UN Equity,23.849,23.29,22.4,22.51,7151999.0
2021-04-01,PLTR UN Equity,23.9,23.07,22.74,23.9,7039403.0
2021-04-05,PLTR UN Equity,24.45,23.44,23.345,23.75,7537574.0
2021-04-06,PLTR UN Equity,23.57,23.27,22.84,23.45,5172140.0
2021-04-07,PLTR UN Equity,23.54,22.9,22.815,23.0,4404906.0
2021-04-08,PLTR UN Equity,23.59,23.41,22.74,23.21,4400141.0
2021-04-09,PLTR UN Equity,24.345,24.04,23.37,23.41,6548671.0
2021-04-12,PLTR UN Equity,24.53,23.34,22.731,24.5,8473411.0
2021-04-13,PLTR UN Equity,25.65,25.42,23.12,23.19,11268399.0
2021-04-14,PLTR UN Equity,26.195,23.7,23.66,25.37,13138646.0
2021-04-15,PLTR UN Equity,24.0,23.15,22.69,23.99,7236262.0
2021-04-16,PLTR UN Equity,23.26,22.47,22.3,22.86,6272703.0
2021-04-19,PLTR UN Equity,22.33,21.94,21.53,22.15,6170331.0
2021-04-20,PLTR UN Equity,22.55,21.78,21.24,22.0,6057144.0
2021-04-21,PLTR UN Equity,22.63,22.63,21.44,21.64,4848687.0
2021-04-22,PLTR UN Equity,23.5,22.86,22.51,22.93,4955772.0
2021-04-23,PLTR UN Equity,23.54,23.41,22.74,22.9,3636534.0
2021-04-26,PLTR UN Equity,24.26,24.11,23.465,23.69,4463548.0
2021-04-27,PLTR UN Equity,24.25,23.88,23.572,24.18,3318056.0
2021-04-28,PLTR UN Equity,24.16,23.85,23.42,23.67,2238408.0
2021-04-29,PLTR UN Equity,24.13,23.37,22.81,23.87,3350961.0
2021-04-30,PLTR UN Equity,23.55,23.04,22.845,23.2,3049447.0
2021-05-03,PLTR UN Equity,23.08,22.3,22.21,23.01,3913372.0
2021-05-04,PLTR UN Equity,22.2,21.64,20.87,21.95,9533666.0
2021-05-05,PLTR UN Equity,21.94,21.15,20.98,21.73,5248260.0
2021-05-06,PLTR UN Equity,21.02,20.09,19.42,20.97,12205339.0
2021-05-07,PLTR UN Equity,20.745,19.75,19.585,20.3,8483199.0
2021-05-10,PLTR UN Equity,19.3,18.47,18.18,19.28,15744290.0
2021-05-11,PLTR UN Equity,20.3,20.21,17.06,17.2,23440505.0
2021-05-12,PLTR UN Equity,20.0,18.89,18.511,20.0,16551028.0
2021-05-13,PLTR UN Equity,19.47,18.37,17.821,19.01,10619711.0
2021-05-14,PLTR UN Equity,20.195,20.08,18.53,18.8,10692975.0
2021-05-17,PLTR UN Equity,20.49,20.46,19.63,19.75,7432149.0
2021-05-18,PLTR UN Equity,21.615,21.24,20.26,20.52,7631326.0
2021-05-19,PLTR UN Equity,21.03,20.67,19.95,20.1,6988930.0
2021-05-20,PLTR UN Equity,20.81,20.61,20.28,20.75,6465867.0
2021-05-21,PLTR UN Equity,21.155,20.75,20.475,20.73,4820070.0
2021-05-24,PLTR UN Equity,21.51,21.22,20.675,21.0,6309721.0
2021-05-25,PLTR UN Equity,22.105,21.48,21.29,21.42,7599539.0
2021-05-26,PLTR UN Equity,22.235,22.12,21.49,21.57,6781733.0
2021-05-27,PLTR UN Equity,22.7,22.7,21.655,21.96,28187140.0
2021-05-28,PLTR UN Equity,24.69,22.95,22.77,23.0,16479744.0
2021-06-01,PLTR UN Equity,23.34,23.06,22.37,23.11,7270568.0
2021-06-02,PLTR UN Equity,24.84,24.45,22.82,23.0,10599828.0
2021-06-03,PLTR UN Equity,24.26,23.63,23.35,24.26,5951834.0
2021-06-04,PLTR UN Equity,24.485,24.03,23.56,23.76,5043392.0
2021-06-07,PLTR UN Equity,24.759,24.46,23.79,24.0,6776527.0
2021-06-08,PLTR UN Equity,25.23,24.38,23.94,24.89,8010077.0
2021-06-09,PLTR UN Equity,24.73,24.17,24.17,24.49,4878866.0
2021-06-10,PLTR UN Equity,24.39,24.14,23.44,24.0,5299515.0
2021-06-11,PLTR UN Equity,24.7,24.67,24.08,24.15,5307528.0
2021-06-14,PLTR UN Equity,25.14,25.0,24.48,24.76,7844519.0
2021-06-15,PLTR UN Equity,25.54,24.41,24.39,25.07,6980668.0
2021-06-16,PLTR UN Equity,24.93,24.8,23.86,24.17,18667566.0
2021-06-17,PLTR UN Equity,25.45,25.45,24.6,24.74,20652412.0
2021-06-18,PLTR UN Equity,25.94,25.37,25.021,25.6,23441213.0
2021-06-21,PLTR UN Equity,25.55,25.42,24.51,25.06,20555519.0
2021-06-22,PLTR UN Equity,25.51,25.4,24.965,25.4,19028692.0
2021-06-23,PLTR UN Equity,26.35,26.27,25.34,25.5,8378621.0
2021-06-24,PLTR UN Equity,26.705,26.53,26.17,26.5,7811245.0
2021-06-25,PLTR UN Equity,27.01,26.78,26.245,26.6,71362409.0
2021-06-28,PLTR UN Equity,27.5,27.38,26.87,27.0,8000979.0
2021-06-29,PLTR UN Equity,27.44,26.63,26.44,27.4,5830497.0
2021-06-30,PLTR UN Equity,26.915,26.36,26.21,26.43,4355784.0
2021-07-01,PLTR UN Equity,26.05,24.72,24.595,26.05,8019617.0
2021-07-02,PLTR UN Equity,25.335,24.44,24.335,25.0,4347798.0
2021-07-06,PLTR UN Equity,25.19,24.68,24.475,24.59,4534623.0
2021-07-07,PLTR UN Equity,24.23,22.89,22.73,24.22,10144715.0
2021-07-08,PLTR UN Equity,23.21,23.08,22.25,22.46,5222261.0
2021-07-09,PLTR UN Equity,23.385,23.29,22.765,22.83,3576130.0
2021-07-12,PLTR UN Equity,23.49,22.95,22.89,23.26,4298463.0
2021-07-13,PLTR UN Equity,22.99,22.45,22.425,22.98,3812929.0
2021-07-14,PLTR UN Equity,22.61,21.56,21.52,22.49,4371412.0
2021-07-15,PLTR UN Equity,22.05,21.47,21.015,21.72,5623951.0
2021-07-16,PLTR UN Equity,21.705,21.37,21.24,21.61,3232797.0
2021-07-19,PLTR UN Equity,21.685,21.54,20.55,21.0,5016541.0
2021-07-20,PLTR UN Equity,22.345,22.18,21.23,21.63,4406069.0
2021-07-21,PLTR UN Equity,22.67,22.52,22.125,22.2,3935801.0
2021-07-22,PLTR UN Equity,22.59,22.07,21.88,22.55,3331405.0
2021-07-23,PLTR UN Equity,22.08,21.81,21.515,21.99,3139390.0
2021-07-26,PLTR UN Equity,22.295,22.13,21.485,21.8,2157013.0
2021-07-27,PLTR UN Equity,22.11,21.68,21.1,21.96,3854093.0
2021-07-28,PLTR UN Equity,22.61,22.56,21.7,21.75,4164335.0
2021-07-29,PLTR UN Equity,22.83,22.18,22.145,22.72,2838750.0
2021-07-30,PLTR UN Equity,22.405,21.71,21.71,21.9,2807868.0
2021-08-02,PLTR UN Equity,22.36,22.1,21.5,21.83,3445735.0
2021-08-03,PLTR UN Equity,22.265,22.24,21.72,22.0,2672733.0
2021-08-04,PLTR UN Equity,22.54,22.3,22.07,22.17,2756674.0
2021-08-05,PLTR UN Equity,22.77,22.52,22.02,22.2,2480770.0
2021-08-06,PLTR UN Equity,22.69,21.82,21.79,22.69,3420576.0
2021-08-09,PLTR UN Equity,23.28,22.93,21.805,21.85,5693400.0
2021-08-10,PLTR UN Equity,23.515,22.92,22.78,22.94,4763596.0
2021-08-11,PLTR UN Equity,23.18,22.35,22.095,23.02,5561969.0
2021-08-12,PLTR UN Equity,25.755,24.89,23.59,24.4,16537443.0
2021-08-13,PLTR UN Equity,25.1,24.9,24.32,25.0,5927487.0
2021-08-16,PLTR UN Equity,24.9,24.5,23.78,24.9,6774694.0
2021-08-17,PLTR UN Equity,24.585,23.97,23.74,23.9,5435502.0
2021-08-18,PLTR UN Equity,25.94,25.28,23.685,24.0,9623757.0
2021-08-19,PLTR UN Equity,25.64,24.16,24.14,25.04,9198179.0
2021-08-20,PLTR UN Equity,24.47,24.01,23.665,24.2,4574260.0
2021-08-23,PLTR UN Equity,24.925,24.82,23.9,24.0,4349266.0
2021-08-24,PLTR UN Equity,25.345,25.1,24.77,24.95,5280352.0
2021-08-25,PLTR UN Equity,25.185,24.35,24.075,25.12,6353322.0
2021-08-26,PLTR UN Equity,25.41,24.87,24.4,24.4,6404421.0
2021-08-27,PLTR UN Equity,26.09,25.71,24.91,25.05,7321309.0
2021-08-30,PLTR UN Equity,26.6,25.76,25.62,25.69,6549199.0
2021-08-31,PLTR UN Equity,26.36,26.34,25.74,25.84,46597508.0
2021-09-01,PLTR UN Equity,26.49,26.2,26.03,26.45,5657302.0
2021-09-02,PLTR UN Equity,26.87,26.51,26.09,26.2,5976926.0
2021-09-03,PLTR UN Equity,26.74,26.64,26.22,26.49,4019781.0
2021-09-07,PLTR UN Equity,26.88,26.7,26.28,26.88,5936103.0
2021-09-08,PLTR UN Equity,26.6,25.58,24.96,26.59,8316740.0
2021-09-09,PLTR UN Equity,26.24,26.13,25.295,25.45,4639542.0
2021-09-10,PLTR UN Equity,26.725,26.28,26.17,26.18,5188372.0
2021-09-13,PLTR UN Equity,26.22,25.83,25.035,26.15,6614649.0
2021-09-14,PLTR UN Equity,26.695,26.26,25.9,26.0,4993124.0
2021-09-15,PLTR UN Equity,27.14,27.08,26.03,26.3,7970032.0
2021-09-16,PLTR UN Equity,28.785,28.63,27.02,27.2,15769650.0
2021-09-17,PLTR UN Equity,29.29,28.71,28.07,28.65,77631677.0
2021-09-20,PLTR UN Equity,28.09,26.55,26.06,27.71,10169230.0
2021-09-21,PLTR UN Equity,27.14,26.62,26.08,26.89,7952843.0
2021-09-22,PLTR UN Equity,27.76,27.43,26.61,26.61,4258093.0
2021-09-23,PLTR UN Equity,29.18,28.77,27.67,27.79,6475710.0
2021-09-24,PLTR UN Equity,28.759,28.56,27.91,28.33,4384931.0
2021-09-27,PLTR UN Equity,28.36,27.47,27.23,28.26,4635072.0
2021-09-28,PLTR UN Equity,27.13,25.34,25.21,27.02,8144395.0
2021-09-29,PLTR UN Equity,25.69,24.52,24.42,25.6,5813813.0
2021-09-30,PLTR UN Equity,25.04,24.04,23.88,24.64,6249765.0
2021-10-01,PLTR UN Equity,24.35,24.33,23.72,24.2,4744422.0
2021-10-04,PLTR UN Equity,24.05,23.17,23.02,24.0,6583587.0
2021-10-05,PLTR UN Equity,23.875,23.21,23.075,23.21,5635904.0
2021-10-06,PLTR UN Equity,24.95,23.58,23.35,24.77,10494976.0
2021-10-07,PLTR UN Equity,24.125,23.73,23.54,23.62,5289648.0
2021-10-08,PLTR UN Equity,24.09,23.5,23.115,23.86,5522519.0
2021-10-11,PLTR UN Equity,23.975,23.53,23.26,23.26,4095675.0
2021-10-12,PLTR UN Equity,23.8,23.69,23.3,23.55,3455508.0
2021-10-13,PLTR UN Equity,24.305,24.13,23.79,23.83,4838028.0
2021-10-14,PLTR UN Equity,24.705,24.35,24.21,24.49,4160563.0
2021-10-15,PLTR UN Equity,24.52,24.0,23.84,24.5,4197025.0
2021-10-18,PLTR UN Equity,24.385,24.26,23.92,24.0,4076251.0
2021-10-19,PLTR UN Equity,25.195,24.69,24.38,24.5,3635775.0
2021-10-20,PLTR UN Equity,24.96,24.22,24.17,24.79,5256686.0
2021-10-21,PLTR UN Equity,24.93,24.78,24.09,24.12,5219606.0
2021-10-22,PLTR UN Equity,24.845,24.43,24.26,24.5,2492478.0
2021-10-25,PLTR UN Equity,25.535,25.41,24.5,24.5,5168611.0
2021-10-26,PLTR UN Equity,26.735,25.52,25.255,25.92,9608482.0
2021-10-27,PLTR UN Equity,25.89,25.06,25.02,25.61,2887134.0
2021-10-28,PLTR UN Equity,25.79,25.64,25.13,25.3,2921146.0
2021-10-29,PLTR UN Equity,26.11,25.88,25.46,25.5,2952367.0
2021-11-01,PLTR UN Equity,26.64,26.56,25.89,26.1,3839635.0
2021-11-02,PLTR UN Equity,26.72,25.92,25.555,26.56,4342707.0
2021-11-03,PLTR UN Equity,26.23,26.12,25.18,25.9,3680059.0
2021-11-04,PLTR UN Equity,26.57,26.47,25.87,26.25,3306358.0
2021-11-05,PLTR UN Equity,26.63,26.0,25.725,26.45,4137803.0
2021-11-08,PLTR UN Equity,27.11,26.75,26.125,26.24,5538483.0
2021-11-09,PLTR UN Equity,25.98,24.25,23.95,25.93,11092611.0
2021-11-10,PLTR UN Equity,23.64,22.52,22.12,23.62,10115386.0
2021-11-11,PLTR UN Equity,23.12,22.99,22.67,23.0,6677825.0
2021-11-12,PLTR UN Equity,23.22,22.83,22.38,23.0,7154334.0
2021-11-15,PLTR UN Equity,23.515,23.41,22.96,23.0,5125186.0
2021-11-16,PLTR UN Equity,23.24,23.13,22.62,23.0,3713856.0
2021-11-17,PLTR UN Equity,23.21,22.49,22.4,23.06,3908422.0
2021-11-18,PLTR UN Equity,22.55,21.5,21.345,22.5,5989684.0
2021-11-19,PLTR UN Equity,21.95,21.41,21.3,21.6,5802247.0
2021-11-22,PLTR UN Equity,21.51,20.65,20.18,21.48,6965376.0
2021-11-23,PLTR UN Equity,21.04,20.59,20.05,20.55,6889093.0
2021-11-24,PLTR UN Equity,21.195,21.11,20.07,20.32,5402018.0
2021-11-26,PLTR UN Equity,21.085,21.03,20.37,20.4,3871136.0
2021-11-29,PLTR UN Equity,21.39,21.07,20.56,21.19,5572698.0
2021-11-30,PLTR UN Equity,21.25,20.65,20.115,21.0,9705681.0
2021-12-01,PLTR UN Equity,20.89,19.38,19.295,20.5,7403154.0
2021-12-02,PLTR UN Equity,19.901,19.69,19.06,19.3,5932359.0
2021-12-03,PLTR UN Equity,19.53,18.98,18.405,19.5,7020653.0
2021-12-06,PLTR UN Equity,18.96,18.8,18.075,18.4,12385900.0
2021-12-07,PLTR UN Equity,19.85,19.46,19.08,19.2,7399561.0
2021-12-08,PLTR UN Equity,19.825,19.82,19.03,19.5,4877810.0
2021-12-09,PLTR UN Equity,20.145,19.21,19.05,19.94,4282563.0
2021-12-10,PLTR UN Equity,19.575,18.94,18.7,19.28,5009326.0
2021-12-13,PLTR UN Equity,19.07,18.4,18.18,18.8,7553858.0
2021-12-14,PLTR UN Equity,18.85,18.64,17.91,18.0,7645481.0
2021-12-15,PLTR UN Equity,18.94,18.86,18.0,18.37,8273132.0
2021-12-16,PLTR UN Equity,19.115,18.34,18.15,18.96,7994740.0
2021-12-17,PLTR UN Equity,19.09,19.06,17.815,18.0,10939299.0
2021-12-20,PLTR UN Equity,18.67,17.96,17.835,18.59,7554675.0
2021-12-21,PLTR UN Equity,18.98,18.9,18.1,18.13,6665975.0
2021-12-22,PLTR UN Equity,19.45,18.88,18.66,18.74,6266211.0
2021-12-23,PLTR UN Equity,19.13,18.93,18.725,18.85,5454288.0
2021-12-27,PLTR UN Equity,19.24,18.94,18.79,18.79,3973471.0
2021-12-28,PLTR UN Equity,19.07,18.57,18.44,18.9,3057721.0
2021-12-29,PLTR UN Equity,18.6,18.17,17.91,18.55,4459350.0
2021-12-30,PLTR UN Equity,18.99,18.69,18.08,18.1,4172633.0
2021-12-31,PLTR UN Equity,18.915,18.21,18.21,18.61,3786731.0
2022-01-03,PLTR UN Equity,18.56,18.53,17.86,18.36,6503536.0
2022-01-04,PLTR UN Equity,18.83,18.17,17.79,18.56,5402257.0
2022-01-05,PLTR UN Equity,18.565,16.96,16.87,18.0,7989357.0
2022-01-06,PLTR UN Equity,17.17,16.74,16.055,16.87,7565127.0
2022-01-07,PLTR UN Equity,17.33,16.56,16.475,16.65,6747842.0
2022-01-10,PLTR UN Equity,16.57,16.5,15.355,16.19,11219384.0
2022-01-11,PLTR UN Equity,17.245,16.89,16.32,16.4,7177081.0
2022-01-12,PLTR UN Equity,17.45,16.72,16.41,17.16,5768977.0
2022-01-13,PLTR UN Equity,16.805,16.01,15.94,16.8,7591115.0
2022-01-14,PLTR UN Equity,16.245,16.01,15.625,15.94,5650827.0
2022-01-18,PLTR UN Equity,15.75,14.97,14.925,15.47,8570784.0
2022-01-19,PLTR UN Equity,15.24,14.56,14.545,14.9,7962758.0
2022-01-20,PLTR UN Equity,15.545,14.62,14.575,14.89,6252335.0
2022-01-21,PLTR UN Equity,14.475,13.53,13.5,14.21,11437020.0
2022-01-24,PLTR UN Equity,13.41,13.4,11.755,12.79,17066195.0
2022-01-25,PLTR UN Equity,13.6,13.06,12.84,13.12,8073009.0
2022-01-26,PLTR UN Equity,13.81,12.75,12.685,13.6,9889277.0
2022-01-27,PLTR UN Equity,13.05,12.28,12.201,13.03,8419036.0
2022-01-28,PLTR UN Equity,12.875,12.71,11.89,12.33,8573599.0
2022-01-31,PLTR UN Equity,13.74,13.71,12.77,12.77,8000046.0
2022-02-01,PLTR UN Equity,14.365,14.2,13.565,14.23,8782935.0
2022-02-02,PLTR UN Equity,14.2,13.32,13.2,14.12,6719479.0
2022-02-03,PLTR UN Equity,13.32,12.45,12.42,12.95,7815195.0
2022-02-04,PLTR UN Equity,13.09,12.94,12.27,12.53,6882785.0
2022-02-07,PLTR UN Equity,13.6,12.98,12.94,12.95,8077133.0
2022-02-08,PLTR UN Equity,13.18,13.15,12.63,12.75,5378572.0
2022-02-09,PLTR UN Equity,13.885,13.87,13.27,13.29,4779884.0
2022-02-10,PLTR UN Equity,14.16,13.56,13.38,13.5,5583486.0
2022-02-11,PLTR UN Equity,13.91,13.13,12.975,13.45,7229674.0
2022-02-14,PLTR UN Equity,13.795,13.26,12.99,13.1,7754395.0
2022-02-15,PLTR UN Equity,14.18,14.17,13.42,13.52,7344576.0
2022-02-16,PLTR UN Equity,14.26,13.97,13.66,13.9,9314447.0
2022-02-17,PLTR UN Equity,12.7,11.77,11.75,12.4,14204104.0
2022-02-18,PLTR UN Equity,12.01,11.02,10.57,11.93,13232240.0
2022-02-22,PLTR UN Equity,11.185,10.48,10.3,10.75,12703664.0
2022-02-23,PLTR UN Equity,11.26,10.43,10.405,10.8,12932987.0
2022-02-24,PLTR UN Equity,11.87,11.83,9.8,9.82,15613770.0
2022-02-25,PLTR UN Equity,11.89,11.47,11.0,11.49,10236047.0
2022-02-28,PLTR UN Equity,12.171,11.85,11.39,12.08,12708247.0
2022-03-01,PLTR UN Equity,12.51,12.18,11.71,11.99,9092786.0
2022-03-02,PLTR UN Equity,12.12,12.06,11.425,12.07,8948716.0
2022-03-03,PLTR UN Equity,12.05,11.34,11.24,12.01,7924502.0
2022-03-04,PLTR UN Equity,11.77,10.96,10.745,11.77,7756312.0
2022-03-07,PLTR UN Equity,11.74,11.11,11.1,11.41,10639841.0
2022-03-08,PLTR UN Equity,11.39,11.04,10.72,10.93,8261279.0
2022-03-09,PLTR UN Equity,12.02,11.65,11.27,11.28,6871926.0
2022-03-10,PLTR UN Equity,11.97,11.87,11.32,11.38,8053835.0
2022-03-11,PLTR UN Equity,12.005,11.39,11.37,11.86,6289936.0
2022-03-14,PLTR UN Equity,11.405,10.5,10.41,11.18,8701956.0
2022-03-15,PLTR UN Equity,10.85,10.77,10.27,10.47,8827018.0
2022-03-16,PLTR UN Equity,11.81,11.79,10.94,10.95,15863245.0
2022-03-17,PLTR UN Equity,12.365,12.32,11.67,11.72,12773313.0
2022-03-18,PLTR UN Equity,13.01,12.82,12.22,12.28,16131109.0
2022-03-21,PLTR UN Equity,13.04,12.59,12.42,12.72,10997265.0
2022-03-22,PLTR UN Equity,13.48,13.27,12.52,12.52,10404496.0
2022-03-23,PLTR UN Equity,13.54,13.18,13.03,13.09,6191431.0
2022-03-24,PLTR UN Equity,13.42,13.39,12.83,13.26,5249255.0
2022-03-25,PLTR UN Equity,13.39,12.97,12.715,13.36,4017896.0
2022-03-28,PLTR UN Equity,13.44,13.42,12.86,13.01,5482826.0
2022-03-29,PLTR UN Equity,14.275,14.2,13.355,13.68,8282823.0
2022-03-30,PLTR UN Equity,14.36,13.88,13.74,14.0,6202482.0
2022-03-31,PLTR UN Equity,14.055,13.73,13.685,13.9,6057767.0
2022-04-01,PLTR UN Equity,14.065,13.83,13.505,13.77,4466568.0
2022-04-04,PLTR UN Equity,14.65,14.63,14.02,14.03,6023523.0
2022-04-05,PLTR UN Equity,14.85,13.89,13.795,14.59,6900758.0
2022-04-06,PLTR UN Equity,13.52,13.0,12.855,13.52,8315097.0
2022-04-07,PLTR UN Equity,13.33,12.84,12.485,12.95,5812288.0
2022-04-08,PLTR UN Equity,13.05,12.7,12.58,12.7,5463707.0
2022-04-11,PLTR UN Equity,12.815,12.66,12.135,12.45,4998870.0
2022-04-12,PLTR UN Equity,13.2,12.46,12.425,12.88,5187004.0
2022-04-13,PLTR UN Equity,12.935,12.9,12.24,12.35,4977878.0
2022-04-14,PLTR UN Equity,12.92,12.42,12.415,12.9,5107500.0
2022-04-18,PLTR UN Equity,12.415,12.15,11.89,12.35,5057358.0
2022-04-19,PLTR UN Equity,13.015,12.91,12.07,12.08,4940229.0
2022-04-20,PLTR UN Equity,13.17,12.79,12.75,13.08,6248979.0
2022-04-21,PLTR UN Equity,13.32,12.33,12.23,13.02,5238501.0
2022-04-22,PLTR UN Equity,12.725,11.96,11.86,12.33,3964756.0
2022-04-25,PLTR UN Equity,12.16,12.11,11.685,11.82,6053766.0
2022-04-26,PLTR UN Equity,12.05,11.12,11.105,11.94,5763339.0
2022-04-27,PLTR UN Equity,11.195,10.56,10.535,11.0,7852299.0
2022-04-28,PLTR UN Equity,11.045,10.95,10.375,10.69,6368755.0
2022-04-29,PLTR UN Equity,11.22,10.4,10.37,10.9,6488158.0
2022-05-02,PLTR UN Equity,10.755,10.74,10.18,10.36,6320873.0
2022-05-03,PLTR UN Equity,10.98,10.55,10.445,10.69,5796228.0
2022-05-04,PLTR UN Equity,11.005,10.98,10.085,10.5,7078465.0
2022-05-05,PLTR UN Equity,10.8,10.12,9.985,10.8,7016516.0
2022-05-06,PLTR UN Equity,10.04,9.48,9.43,10.0,11370768.0
2022-05-09,PLTR UN Equity,7.85,7.46,7.32,7.8,19369963.0
2022-05-10,PLTR UN Equity,7.7,7.29,6.931,7.56,13141881.0
2022-05-11,PLTR UN Equity,7.54,6.71,6.67,7.25,13674573.0
2022-05-12,PLTR UN Equity,7.38,7.34,6.44,6.55,14948573.0
2022-05-13,PLTR UN Equity,8.35,8.34,7.52,7.52,10971891.0
2022-05-16,PLTR UN Equity,8.43,8.04,8.015,8.17,8094792.0
2022-05-17,PLTR UN Equity,8.45,8.36,8.015,8.13,6730539.0
2022-05-18,PLTR UN Equity,8.43,8.01,7.92,8.2,6353250.0
2022-05-19,PLTR UN Equity,8.58,8.31,7.95,7.98,7338719.0
2022-05-20,PLTR UN Equity,8.39,8.08,7.72,8.26,7763648.0
2022-05-23,PLTR UN Equity,8.16,8.01,7.8,8.01,4715297.0
2022-05-24,PLTR UN Equity,7.96,7.55,7.375,7.95,7438969.0
2022-05-25,PLTR UN Equity,8.015,7.96,7.52,7.53,6313936.0
2022-05-26,PLTR UN Equity,8.395,8.36,7.77,7.77,5993831.0
2022-05-27,PLTR UN Equity,8.85,8.85,8.44,8.45,5971191.0
2022-05-31,PLTR UN Equity,9.095,8.68,8.565,8.96,8001492.0
2022-06-01,PLTR UN Equity,8.975,8.46,8.38,8.7,4730782.0
2022-06-02,PLTR UN Equity,9.385,9.3,8.465,8.54,6157132.0
2022-06-03,PLTR UN Equity,9.24,8.94,8.865,9.01,5802393.0
2022-06-06,PLTR UN Equity,9.2,8.98,8.79,9.11,5030198.0
2022-06-07,PLTR UN Equity,9.135,9.13,8.74,8.89,4065108.0
2022-06-08,PLTR UN Equity,9.415,9.18,9.09,9.18,5277666.0
2022-06-09,PLTR UN Equity,9.13,8.68,8.675,9.06,4613635.0
2022-06-10,PLTR UN Equity,8.555,8.26,8.145,8.48,4393189.0
2022-06-13,PLTR UN Equity,7.995,7.64,7.5,7.88,6774988.0
2022-06-14,PLTR UN Equity,7.98,7.82,7.59,7.71,5504990.0
2022-06-15,PLTR UN Equity,8.29,8.12,7.82,7.92,7733420.0
2022-06-16,PLTR UN Equity,7.98,7.67,7.585,7.84,7320044.0
2022-06-17,PLTR UN Equity,8.325,8.24,7.69,7.69,10152070.0
2022-06-21,PLTR UN Equity,9.045,8.71,8.57,8.65,6868913.0
2022-06-22,PLTR UN Equity,9.285,9.01,8.45,8.47,6455695.0
2022-06-23,PLTR UN Equity,9.5,9.46,8.845,9.02,6045945.0
2022-06-24,PLTR UN Equity,10.2,10.19,9.485,9.56,12483381.0
2022-06-27,PLTR UN Equity,10.15,9.62,9.51,10.1,7133761.0
2022-06-28,PLTR UN Equity,9.87,9.31,9.19,9.55,6842702.0
2022-06-29,PLTR UN Equity,9.415,9.23,9.07,9.35,6090325.0
2022-06-30,PLTR UN Equity,9.19,9.07,8.73,9.02,6502545.0
2022-07-01,PLTR UN Equity,9.43,9.27,9.04,9.16,4983717.0
2022-07-05,PLTR UN Equity,10.09,10.07,9.002,9.12,8117949.0
2022-07-06,PLTR UN Equity,10.31,9.8,9.745,10.01,8068261.0
2022-07-07,PLTR UN Equity,10.27,10.18,9.75,9.75,4939695.0
2022-07-08,PLTR UN Equity,10.375,10.17,9.835,9.9,4352088.0
2022-07-11,PLTR UN Equity,9.98,9.56,9.535,9.98,4634345.0
2022-07-12,PLTR UN Equity,9.95,9.49,9.28,9.66,6078258.0
2022-07-13,PLTR UN Equity,9.54,9.28,9.055,9.22,5964554.0
2022-07-14,PLTR UN Equity,9.275,8.9,8.855,9.24,3991420.0
2022-07-15,PLTR UN Equity,9.11,9.04,8.65,9.01,5030867.0
2022-07-18,PLTR UN Equity,9.45,9.03,9.005,9.25,4125178.0
2022-07-19,PLTR UN Equity,9.365,9.34,8.89,9.15,3995474.0
2022-07-20,PLTR UN Equity,10.19,10.11,9.46,9.46,5225580.0
2022-07-21,PLTR UN Equity,10.75,10.49,10.225,10.37,8010275.0
2022-07-22,PLTR UN Equity,10.565,9.84,9.735,10.35,5000834.0
2022-07-25,PLTR UN Equity,9.85,9.68,9.53,9.85,3029402.0
2022-07-26,PLTR UN Equity,9.66,9.4,9.385,9.66,3268431.0
2022-07-27,PLTR UN Equity,10.025,10.02,9.51,9.68,5591803.0
2022-07-28,PLTR UN Equity,10.19,10.13,9.745,10.03,3747911.0
2022-07-29,PLTR UN Equity,10.35,10.35,9.925,10.01,5490207.0
2022-08-01,PLTR UN Equity,10.695,10.47,10.125,10.25,4282933.0
2022-08-02,PLTR UN Equity,11.225,10.92,10.265,10.29,5921772.0
2022-08-03,PLTR UN Equity,11.335,11.2,11.04,11.08,4473632.0
2022-08-04,PLTR UN Equity,11.405,11.32,11.035,11.2,4174813.0
2022-08-05,PLTR UN Equity,11.62,11.45,10.86,11.0,7490704.0
2022-08-08,PLTR UN Equity,10.395,9.82,9.71,9.8,14514199.0
2022-08-09,PLTR UN Equity,9.57,9.25,9.01,9.54,7684572.0
2022-08-10,PLTR UN Equity,9.66,9.59,9.34,9.53,6115711.0
2022-08-11,PLTR UN Equity,10.045,9.42,9.4,9.76,5815038.0
2022-08-12,PLTR UN Equity,9.97,9.91,9.425,9.55,4037357.0
2022-08-15,PLTR UN Equity,10.1,9.91,9.76,9.82,4557602.0
2022-08-16,PLTR UN Equity,9.87,9.74,9.37,9.85,4473236.0
2022-08-17,PLTR UN Equity,9.615,9.43,9.335,9.58,4667742.0
2022-08-18,PLTR UN Equity,9.47,9.15,9.125,9.42,3111599.0
2022-08-19,PLTR UN Equity,9.0,8.51,8.485,9.0,4793731.0
2022-08-22,PLTR UN Equity,8.395,8.07,8.06,8.3,5913405.0
2022-08-23,PLTR UN Equity,8.27,8.01,8.0,8.1,3640917.0
2022-08-24,PLTR UN Equity,8.355,8.1,7.985,8.05,3842353.0
2022-08-25,PLTR UN Equity,8.43,8.42,8.055,8.23,3529547.0
2022-08-26,PLTR UN Equity,8.43,7.94,7.93,8.42,4342499.0
2022-08-29,PLTR UN Equity,7.995,7.81,7.76,7.82,4874957.0
2022-08-30,PLTR UN Equity,7.975,7.79,7.685,7.93,6628744.0
2022-08-31,PLTR UN Equity,8.0,7.72,7.7,7.95,6882988.0
2022-09-01,PLTR UN Equity,7.605,7.49,7.22,7.6,5769565.0
2022-09-02,PLTR UN Equity,7.67,7.4,7.35,7.65,4148371.0
2022-09-06,PLTR UN Equity,7.44,7.28,7.18,7.44,5497446.0
2022-09-07,PLTR UN Equity,7.425,7.39,7.19,7.25,4145915.0
2022-09-08,PLTR UN Equity,7.53,7.53,7.28,7.3,4891444.0
2022-09-09,PLTR UN Equity,7.815,7.79,7.64,7.67,4829686.0
2022-09-12,PLTR UN Equity,8.025,8.01,7.83,7.85,6129051.0
2022-09-13,PLTR UN Equity,7.655,7.48,7.455,7.6,4167914.0
2022-09-14,PLTR UN Equity,7.63,7.63,7.335,7.45,5763894.0
2022-09-15,PLTR UN Equity,8.095,8.01,7.46,7.47,8360383.0
2022-09-16,PLTR UN Equity,7.925,7.78,7.645,7.75,9805792.0
2022-09-19,PLTR UN Equity,7.86,7.86,7.58,7.64,5858822.0
2022-09-20,PLTR UN Equity,7.915,7.62,7.605,7.79,5605961.0
2022-09-21,PLTR UN Equity,8.06,7.69,7.655,7.75,4726238.0
2022-09-22,PLTR UN Equity,7.74,7.37,7.24,7.69,6418144.0
2022-09-23,PLTR UN Equity,7.42,7.4,7.14,7.2,4894957.0
2022-09-26,PLTR UN Equity,7.83,7.53,7.35,7.35,6332261.0
2022-09-27,PLTR UN Equity,7.83,7.63,7.461,7.7,5008886.0
2022-09-28,PLTR UN Equity,8.0,7.94,7.62,7.63,4527362.0
2022-09-29,PLTR UN Equity,8.33,8.08,7.78,8.05,9147059.0
2022-09-30,PLTR UN Equity,8.495,8.13,7.98,8.01,8768777.0
2022-10-03,PLTR UN Equity,8.295,8.24,7.975,8.12,5810312.0
2022-10-04,PLTR UN Equity,8.605,8.46,8.345,8.5,5391601.0
2022-10-05,PLTR UN Equity,8.48,8.42,8.08,8.27,5088732.0
2022-10-06,PLTR UN Equity,8.595,8.47,8.325,8.4,3549462.0
2022-10-07,PLTR UN Equity,8.275,8.15,8.11,8.25,4573099.0
2022-10-10,PLTR UN Equity,8.18,8.06,7.885,8.17,4576321.0
2022-10-11,PLTR UN Equity,8.295,8.04,7.705,7.99,6622898.0
2022-10-12,PLTR UN Equity,8.1,8.07,7.82,8.08,4503554.0
2022-10-13,PLTR UN Equity,8.195,8.08,7.565,7.74,4747551.0
2022-10-14,PLTR UN Equity,8.305,7.53,7.53,8.25,6322619.0
2022-10-17,PLTR UN Equity,8.05,7.94,7.71,7.71,5533908.0
2022-10-18,PLTR UN Equity,8.325,8.16,8.045,8.22,5753489.0
2022-10-19,PLTR UN Equity,8.12,7.91,7.845,8.06,4015637.0
2022-10-20,PLTR UN Equity,8.25,8.04,7.75,7.77,4792210.0
2022-10-21,PLTR UN Equity,8.32,8.29,7.82,7.9,4519267.0
2022-10-24,PLTR UN Equity,8.3,8.27,8.015,8.3,4667575.0
2022-10-25,PLTR UN Equity,8.66,8.66,8.36,8.36,5511950.0
2022-10-26,PLTR UN Equity,9.04,8.57,8.395,8.47,4861617.0
2022-10-27,PLTR UN Equity,8.77,8.6,8.46,8.68,4731248.0
2022-10-28,PLTR UN Equity,8.66,8.64,8.365,8.52,3314537.0
2022-10-31,PLTR UN Equity,8.825,8.79,8.435,8.59,4830694.0
2022-11-01,PLTR UN Equity,9.06,8.65,8.57,8.98,4737340.0
2022-11-02,PLTR UN Equity,8.75,8.22,8.205,8.7,5382552.0
2022-11-03,PLTR UN Equity,8.29,8.08,7.88,8.06,5035360.0
2022-11-04,PLTR UN Equity,8.2,7.93,7.65,8.18,8483936.0
2022-11-07,PLTR UN Equity,7.85,7.02,6.895,7.8,13176210.0
2022-11-08,PLTR UN Equity,7.42,7.21,6.91,7.08,7196689.0
2022-11-09,PLTR UN Equity,7.18,6.98,6.95,7.14,7438580.0
2022-11-10,PLTR UN Equity,7.96,7.64,7.43,7.43,8902752.0
2022-11-11,PLTR UN Equity,8.415,8.41,7.38,7.51,7561695.0
2022-11-14,PLTR UN Equity,8.32,8.1,7.96,8.2,6061705.0
2022-11-15,PLTR UN Equity,8.47,8.34,8.16,8.45,5359103.0
2022-11-16,PLTR UN Equity,8.235,8.06,8.0,8.18,4275684.0
2022-11-17,PLTR UN Equity,7.85,7.62,7.53,7.83,6937201.0
2022-11-18,PLTR UN Equity,7.78,7.39,7.315,7.76,4259459.0
2022-11-21,PLTR UN Equity,7.3,7.19,7.075,7.3,6299708.0
2022-11-22,PLTR UN Equity,7.25,7.22,6.98,7.18,4865891.0
2022-11-23,PLTR UN Equity,7.415,7.37,7.125,7.25,3763164.0
2022-11-25,PLTR UN Equity,7.33,7.28,7.195,7.32,1959769.0
2022-11-28,PLTR UN Equity,7.4,7.16,7.15,7.23,2742656.0
2022-11-29,PLTR UN Equity,7.29,7.08,7.055,7.2,4067595.0
2022-11-30,PLTR UN Equity,7.51,7.5,7.035,7.14,6402797.0
2022-12-01,PLTR UN Equity,7.875,7.86,7.475,7.49,6375445.0
2022-12-02,PLTR UN Equity,7.76,7.66,7.5,7.65,3167259.0
2022-12-05,PLTR UN Equity,7.69,7.19,7.11,7.62,4979521.0
2022-12-06,PLTR UN Equity,7.19,6.99,6.88,7.19,5122075.0
2022-12-07,PLTR UN Equity,7.345,7.07,7.02,7.07,4777989.0
2022-12-08,PLTR UN Equity,7.26,7.12,6.945,7.1,4547925.0
2022-12-09,PLTR UN Equity,7.189,7.11,7.05,7.06,3222165.0
2022-12-12,PLTR UN Equity,7.3,7.29,7.095,7.11,3875422.0
2022-12-13,PLTR UN Equity,7.97,7.5,7.49,7.75,6520490.0
2022-12-14,PLTR UN Equity,7.6,7.35,7.27,7.5,4697021.0
2022-12-15,PLTR UN Equity,7.29,7.01,7.01,7.17,5951683.0
2022-12-16,PLTR UN Equity,7.07,6.9,6.76,7.01,8481071.0
2022-12-19,PLTR UN Equity,6.81,6.35,6.325,6.8,6774415.0
2022-12-20,PLTR UN Equity,6.54,6.31,6.2,6.29,5286447.0
2022-12-21,PLTR UN Equity,6.515,6.5,6.045,6.21,5826189.0
2022-12-22,PLTR UN Equity,6.375,6.32,6.18,6.37,3761991.0
2022-12-23,PLTR UN Equity,6.3,6.29,6.075,6.27,3464391.0
2022-12-27,PLTR UN Equity,6.22,6.0,5.925,6.15,5457618.0
2022-12-28,PLTR UN Equity,6.17,6.07,5.955,5.98,4769528.0
2022-12-29,PLTR UN Equity,6.52,6.4,6.1,6.1,6953678.0
2022-12-30,PLTR UN Equity,6.42,6.42,6.235,6.28,5154529.0
2023-01-03,PLTR UN Equity,6.635,6.39,6.275,6.58,5968819.0
2023-01-04,PLTR UN Equity,6.675,6.58,6.375,6.49,5083585.0
2023-01-05,PLTR UN Equity,6.49,6.32,6.25,6.45,6654947.0
2023-01-06,PLTR UN Equity,6.445,6.4,6.095,6.4,4918452.0
2023-01-09,PLTR UN Equity,6.665,6.5,6.4,6.5,5287089.0
2023-01-10,PLTR UN Equity,6.715,6.7,6.49,6.5,3795579.0
2023-01-11,PLTR UN Equity,6.99,6.98,6.76,6.85,4091648.0
2023-01-12,PLTR UN Equity,7.05,7.01,6.78,7.0,4838326.0
2023-01-13,PLTR UN Equity,7.01,6.96,6.81,6.84,3427301.0
2023-01-17,PLTR UN Equity,7.145,7.07,6.731,6.99,4759608.0
2023-01-18,PLTR UN Equity,7.295,6.9,6.88,7.15,4178030.0
2023-01-19,PLTR UN Equity,6.89,6.73,6.67,6.8,3255415.0
2023-01-20,PLTR UN Equity,7.055,7.02,6.72,6.76,3835394.0
2023-01-23,PLTR UN Equity,7.405,7.38,7.0,7.03,4888918.0
2023-01-24,PLTR UN Equity,8.76,7.02,6.13,7.27,3622514.0
2023-01-25,PLTR UN Equity,7.27,7.22,6.695,6.92,6009554.0
2023-01-26,PLTR UN Equity,7.45,7.24,7.045,7.37,3024860.0
2023-01-27,PLTR UN Equity,7.73,7.55,7.15,7.17,5145431.0
2023-01-30,PLTR UN Equity,7.61,7.37,7.36,7.5,3954244.0
2023-01-31,PLTR UN Equity,7.82,7.78,7.39,7.41,5663784.0
2023-02-01,PLTR UN Equity,8.22,8.2,7.69,7.72,7673398.0
2023-02-02,PLTR UN Equity,9.21,8.99,8.48,8.5,9694005.0
2023-02-03,PLTR UN Equity,8.9,8.41,8.375,8.5,10754761.0
2023-02-06,PLTR UN Equity,8.53,8.31,8.24,8.31,6288810.0
2023-02-07,PLTR UN Equity,8.41,8.33,8.06,8.33,6538689.0
2023-02-08,PLTR UN Equity,8.565,8.22,8.17,8.25,5597436.0
2023-02-09,PLTR UN Equity,8.43,7.95,7.94,8.34,4919401.0
2023-02-10,PLTR UN Equity,7.855,7.51,7.46,7.8,6816665.0
2023-02-13,PLTR UN Equity,7.775,7.61,7.45,7.58,7892257.0
2023-02-14,PLTR UN Equity,9.295,9.22,8.23,8.58,21787825.0
2023-02-15,PLTR UN Equity,10.23,10.11,9.111,9.2,17585710.0
2023-02-16,PLTR UN Equity,10.31,9.71,9.6,9.66,12642359.0
2023-02-17,PLTR UN Equity,9.71,9.2,9.09,9.57,8512958.0
2023-02-21,PLTR UN Equity,9.09,8.47,8.4,9.03,10254936.0
2023-02-22,PLTR UN Equity,8.625,8.36,8.165,8.49,8059824.0
2023-02-23,PLTR UN Equity,8.47,8.17,7.92,8.42,7356818.0
2023-02-24,PLTR UN Equity,8.19,8.09,7.87,7.95,5559877.0
2023-02-27,PLTR UN Equity,8.225,8.03,7.96,8.1,4670477.0
2023-02-28,PLTR UN Equity,8.09,7.84,7.805,7.96,6224638.0
2023-03-01,PLTR UN Equity,7.905,7.69,7.69,7.81,5416949.0
2023-03-02,PLTR UN Equity,8.025,7.97,7.56,7.6,6240313.0
2023-03-03,PLTR UN Equity,8.495,8.33,8.0,8.0,5826563.0
2023-03-06,PLTR UN Equity,8.445,8.28,8.205,8.34,4992573.0
2023-03-07,PLTR UN Equity,8.42,8.28,8.19,8.29,4666182.0
2023-03-08,PLTR UN Equity,8.58,8.13,8.06,8.33,6143093.0
2023-03-09,PLTR UN Equity,8.255,7.69,7.68,8.07,4666817.0
2023-03-10,PLTR UN Equity,7.68,7.35,7.29,7.59,5852502.0
2023-03-13,PLTR UN Equity,8.14,7.87,7.195,7.3,11192644.0
2023-03-14,PLTR UN Equity,8.13,7.89,7.785,8.02,6824801.0
2023-03-15,PLTR UN Equity,7.99,7.9,7.71,7.85,4427064.0
2023-03-16,PLTR UN Equity,8.07,7.98,7.865,8.01,4203441.0
2023-03-17,PLTR UN Equity,8.03,7.88,7.845,7.93,4540450.0
2023-03-20,PLTR UN Equity,8.09,8.08,7.72,7.74,4374154.0
2023-03-21,PLTR UN Equity,8.505,8.45,8.17,8.17,5110772.0
2023-03-22,PLTR UN Equity,8.619,8.21,8.2,8.45,6497771.0
2023-03-23,PLTR UN Equity,8.555,8.33,8.16,8.32,4046993.0
2023-03-24,PLTR UN Equity,8.345,8.2,8.065,8.29,3305379.0
2023-03-27,PLTR UN Equity,8.315,8.04,7.94,8.19,3276341.0
2023-03-28,PLTR UN Equity,8.115,8.0,7.97,8.07,2629350.0
2023-03-29,PLTR UN Equity,8.25,8.22,8.06,8.1,2495909.0
2023-03-30,PLTR UN Equity,8.375,8.15,8.05,8.33,3324879.0
2023-03-31,PLTR UN Equity,8.475,8.45,8.085,8.14,3944547.0
2023-04-03,PLTR UN Equity,8.52,8.38,8.215,8.35,3665426.0
2023-04-04,PLTR UN Equity,8.54,8.35,8.235,8.53,3601334.0
2023-04-05,PLTR UN Equity,8.65,7.98,7.84,8.6,6610623.0
2023-04-06,PLTR UN Equity,8.14,8.09,7.795,7.88,3238297.0
2023-04-10,PLTR UN Equity,8.43,8.39,7.91,8.0,4464813.0
2023-04-11,PLTR UN Equity,8.79,8.61,8.34,8.34,5603961.0
2023-04-12,PLTR UN Equity,8.77,8.33,8.3,8.75,4371236.0
2023-04-13,PLTR UN Equity,8.7,8.58,8.43,8.51,4206627.0
2023-04-14,PLTR UN Equity,8.9,8.81,8.47,8.51,7050841.0
2023-04-17,PLTR UN Equity,9.035,8.8,8.78,8.8,3893799.0
2023-04-18,PLTR UN Equity,9.02,8.73,8.73,8.95,3040088.0
2023-04-19,PLTR UN Equity,8.65,8.49,8.48,8.58,2332273.0
2023-04-20,PLTR UN Equity,8.499,8.15,8.13,8.29,3218224.0
2023-04-21,PLTR UN Equity,8.22,8.18,8.1,8.11,2873421.0
2023-04-24,PLTR UN Equity,8.25,8.1,7.945,8.12,3603662.0
2023-04-25,PLTR UN Equity,8.02,7.74,7.73,8.0,3523665.0
2023-04-26,PLTR UN Equity,7.905,7.74,7.65,7.87,3007787.0
2023-04-27,PLTR UN Equity,7.91,7.82,7.725,7.83,4093568.0
2023-04-28,PLTR UN Equity,7.94,7.75,7.62,7.74,3446611.0
2023-05-01,PLTR UN Equity,7.82,7.78,7.665,7.73,2529268.0
2023-05-02,PLTR UN Equity,7.91,7.59,7.435,7.72,5360243.0
2023-05-03,PLTR UN Equity,7.675,7.56,7.45,7.62,3513827.0
2023-05-04,PLTR UN Equity,7.52,7.38,7.28,7.46,5003880.0
2023-05-05,PLTR UN Equity,7.54,7.41,7.325,7.43,6447271.0
2023-05-08,PLTR UN Equity,7.85,7.74,7.59,7.59,11496619.0
2023-05-09,PLTR UN Equity,9.685,9.55,8.66,9.2,30264459.0
2023-05-10,PLTR UN Equity,10.295,9.94,9.46,9.74,20442318.0
2023-05-11,PLTR UN Equity,10.155,9.88,9.71,10.1,11347249.0
2023-05-12,PLTR UN Equity,10.01,9.5,9.471,9.84,8721064.0
2023-05-15,PLTR UN Equity,9.595,9.52,9.025,9.26,8987542.0
2023-05-16,PLTR UN Equity,9.63,9.47,9.35,9.4,7174449.0
2023-05-17,PLTR UN Equity,10.285,10.25,9.465,9.54,8842924.0
2023-05-18,PLTR UN Equity,11.81,11.74,10.4,10.46,20389104.0
2023-05-19,PLTR UN Equity,12.405,11.71,11.521,11.95,20140035.0
2023-05-22,PLTR UN Equity,12.105,11.84,11.39,11.6,10086802.0
2023-05-23,PLTR UN Equity,13.415,12.64,11.88,11.96,14828147.0
2023-05-24,PLTR UN Equity,12.43,12.23,11.825,12.05,10360695.0
2023-05-25,PLTR UN Equity,13.21,12.84,12.34,13.16,13765631.0
2023-05-26,PLTR UN Equity,14.195,13.65,12.84,12.84,15581476.0
2023-05-30,PLTR UN Equity,15.0,14.71,14.24,14.4,19918102.0
2023-05-31,PLTR UN Equity,14.785,14.71,13.825,14.19,21683448.0
2023-06-01,PLTR UN Equity,15.215,14.54,14.2,14.42,16839372.0
2023-06-02,PLTR UN Equity,15.02,14.52,14.16,14.67,9856570.0
2023-06-05,PLTR UN Equity,15.7,15.24,14.36,14.39,17932950.0
2023-06-06,PLTR UN Equity,15.58,15.46,14.92,15.3,10593934.0
2023-06-07,PLTR UN Equity,17.155,14.69,14.53,16.0,29802523.0
2023-06-08,PLTR UN Equity,15.59,15.19,14.39,14.45,13658297.0
2023-06-09,PLTR UN Equity,15.98,15.02,14.82,15.33,11090297.0
2023-06-12,PLTR UN Equity,16.025,15.65,15.33,15.45,11047372.0
2023-06-13,PLTR UN Equity,16.25,16.0,15.165,16.19,16703241.0
2023-06-14,PLTR UN Equity,16.19,15.91,15.45,15.9,10403222.0
2023-06-15,PLTR UN Equity,16.789,16.6,15.495,15.66,12240854.0
2023-06-16,PLTR UN Equity,16.91,16.3,16.01,16.85,15712980.0
2023-06-20,PLTR UN Equity,16.88,15.79,15.58,15.99,10161925.0
2023-06-21,PLTR UN Equity,15.755,14.64,14.37,15.66,12932278.0
2023-06-22,PLTR UN Equity,14.44,14.05,13.865,14.3,13596771.0
2023-06-23,PLTR UN Equity,14.13,14.03,13.56,13.67,15890238.0
2023-06-26,PLTR UN Equity,14.41,13.94,13.86,13.87,7675456.0
2023-06-27,PLTR UN Equity,14.76,14.61,13.96,14.21,9804274.0
2023-06-28,PLTR UN Equity,15.425,15.28,14.47,14.53,10096464.0
2023-06-29,PLTR UN Equity,15.57,15.2,15.06,15.4,7285686.0
2023-06-30,PLTR UN Equity,15.8,15.33,15.24,15.48,7032831.0
2023-07-03,PLTR UN Equity,15.58,15.52,15.195,15.49,3970549.0
2023-07-05,PLTR UN Equity,15.765,15.7,15.24,15.44,7023132.0
2023-07-06,PLTR UN Equity,15.38,15.13,14.625,15.32,9410995.0
2023-07-07,PLTR UN Equity,15.9,15.34,15.2,15.23,7520615.0
2023-07-10,PLTR UN Equity,16.325,16.3,14.945,15.35,10030034.0
2023-07-11,PLTR UN Equity,16.93,16.49,16.15,16.49,8261676.0
2023-07-12,PLTR UN Equity,16.93,16.59,16.42,16.8,6310155.0
2023-07-13,PLTR UN Equity,17.255,16.74,16.64,16.7,8331281.0
2023-07-14,PLTR UN Equity,17.0,16.4,16.27,16.75,5982985.0
2023-07-17,PLTR UN Equity,17.585,17.4,16.325,16.42,7694634.0
2023-07-18,PLTR UN Equity,18.13,18.08,17.19,17.83,11454078.0
2023-07-19,PLTR UN Equity,18.99,18.05,17.765,18.04,11190856.0
2023-07-20,PLTR UN Equity,17.99,17.13,16.98,17.54,7024968.0
2023-07-21,PLTR UN Equity,17.49,16.43,16.27,17.47,7184703.0
2023-07-24,PLTR UN Equity,16.685,16.32,16.13,16.64,4942280.0
2023-07-25,PLTR UN Equity,16.86,16.55,16.35,16.35,4885053.0
2023-07-26,PLTR UN Equity,16.685,16.43,16.13,16.4,4776387.0
2023-07-27,PLTR UN Equity,17.19,16.15,16.005,16.84,6449817.0
2023-07-28,PLTR UN Equity,17.97,17.81,16.745,17.21,12811180.0
2023-07-31,PLTR UN Equity,19.99,19.84,18.38,18.81,16399384.0
2023-08-01,PLTR UN Equity,20.235,19.99,19.24,19.45,11568849.0
2023-08-02,PLTR UN Equity,19.615,18.97,18.155,19.3,12064139.0
2023-08-03,PLTR UN Equity,19.29,18.71,18.62,18.67,6028175.0
2023-08-04,PLTR UN Equity,19.07,18.2,18.08,18.87,8607027.0
2023-08-07,PLTR UN Equity,18.385,17.99,17.01,18.25,13674888.0
2023-08-08,PLTR UN Equity,17.45,17.04,16.1,17.45,14626160.0
2023-08-09,PLTR UN Equity,16.91,15.25,15.1,16.78,12023882.0
2023-08-10,PLTR UN Equity,15.865,15.41,15.25,15.45,7962261.0
2023-08-11,PLTR UN Equity,15.58,15.41,14.915,15.06,8586259.0
2023-08-14,PLTR UN Equity,15.735,15.72,14.96,15.15,6808845.0
2023-08-15,PLTR UN Equity,15.865,15.37,15.29,15.61,6129093.0
2023-08-16,PLTR UN Equity,15.725,15.45,15.13,15.21,6223479.0
2023-08-17,PLTR UN Equity,15.43,14.15,14.04,15.39,11509528.0
2023-08-18,PLTR UN Equity,14.595,14.4,13.69,13.88,11900810.0
2023-08-21,PLTR UN Equity,14.77,14.5,14.34,14.42,7137663.0
2023-08-22,PLTR UN Equity,15.125,14.67,14.63,14.76,6571292.0
2023-08-23,PLTR UN Equity,15.465,15.3,14.431,14.5,6444802.0
2023-08-24,PLTR UN Equity,15.7,14.14,13.88,15.65,12344196.0
2023-08-25,PLTR UN Equity,14.64,14.53,14.02,14.14,6832956.0
2023-08-28,PLTR UN Equity,14.875,14.64,14.5,14.65,5236363.0
2023-08-29,PLTR UN Equity,15.62,15.4,14.5,14.57,5636882.0
2023-08-30,PLTR UN Equity,16.345,16.33,15.34,15.42,7732202.0
2023-08-31,PLTR UN Equity,15.85,14.98,14.66,15.6,12787481.0
2023-09-01,PLTR UN Equity,15.365,15.18,14.83,15.16,6381634.0
2023-09-05,PLTR UN Equity,15.41,15.21,14.905,15.08,4554398.0
2023-09-06,PLTR UN Equity,15.62,15.3,15.085,15.17,6038450.0
2023-09-07,PLTR UN Equity,15.235,15.21,14.29,14.88,6739891.0
2023-09-08,PLTR UN Equity,15.61,15.13,15.085,15.12,4015200.0
2023-09-11,PLTR UN Equity,16.095,15.79,15.365,15.41,6956950.0
2023-09-12,PLTR UN Equity,16.15,15.59,15.43,15.45,4846406.0
2023-09-13,PLTR UN Equity,15.84,15.6,15.42,15.55,7163386.0
2023-09-14,PLTR UN Equity,16.035,15.83,15.48,15.69,7613110.0
2023-09-15,PLTR UN Equity,15.89,15.33,15.17,15.81,18051638.0
2023-09-18,PLTR UN Equity,15.625,15.46,15.07,15.18,8079598.0
2023-09-19,PLTR UN Equity,15.51,15.15,14.95,15.34,8272228.0
2023-09-20,PLTR UN Equity,15.42,14.74,14.735,15.25,4963604.0
2023-09-21,PLTR UN Equity,14.59,14.0,13.69,14.36,8496152.0
2023-09-22,PLTR UN Equity,14.41,14.13,14.035,14.23,5688034.0
2023-09-25,PLTR UN Equity,14.23,14.22,13.82,14.0,7250423.0
2023-09-26,PLTR UN Equity,14.165,13.96,13.885,13.96,5396725.0
2023-09-27,PLTR UN Equity,14.955,14.85,14.17,14.2,7525942.0
2023-09-28,PLTR UN Equity,15.95,15.77,14.825,15.08,8226647.0
2023-09-29,PLTR UN Equity,16.805,16.0,15.96,16.12,11311080.0
2023-10-02,PLTR UN Equity,16.431,15.88,15.775,16.03,5766298.0
2023-10-03,PLTR UN Equity,15.76,14.9,14.825,15.61,6418104.0
2023-10-04,PLTR UN Equity,15.845,15.73,15.17,15.41,6822911.0
2023-10-05,PLTR UN Equity,15.895,15.81,15.41,15.56,8765529.0
2023-10-06,PLTR UN Equity,16.69,16.61,15.51,15.56,9529538.0
2023-10-09,PLTR UN Equity,17.82,17.61,16.23,16.25,12321745.0
2023-10-10,PLTR UN Equity,18.4,17.8,17.62,18.06,11488818.0
2023-10-11,PLTR UN Equity,18.435,17.92,17.73,17.87,6182725.0
2023-10-12,PLTR UN Equity,18.24,17.94,17.56,17.92,6244499.0
2023-10-13,PLTR UN Equity,18.16,17.36,17.275,18.09,7055703.0
2023-10-16,PLTR UN Equity,17.455,17.36,16.68,17.24,5684179.0
2023-10-17,PLTR UN Equity,18.02,17.84,16.91,17.0,8371210.0
2023-10-18,PLTR UN Equity,18.21,17.2,17.19,17.84,5672171.0
2023-10-19,PLTR UN Equity,17.575,17.06,16.97,17.48,7302001.0
2023-10-20,PLTR UN Equity,16.94,16.11,15.82,16.85,7573001.0
2023-10-23,PLTR UN Equity,16.34,16.2,15.21,15.9,6843826.0
2023-10-24,PLTR UN Equity,16.93,16.64,16.3,16.4,5429954.0
2023-10-25,PLTR UN Equity,16.62,15.59,15.59,16.57,6483025.0
2023-10-26,PLTR UN Equity,15.91,15.29,15.055,15.61,7328700.0
2023-10-27,PLTR UN Equity,15.59,15.07,14.965,15.5,6135350.0
2023-10-30,PLTR UN Equity,15.29,14.69,14.565,15.27,7685578.0
2023-10-31,PLTR UN Equity,15.005,14.8,14.55,14.58,6462349.0
2023-11-01,PLTR UN Equity,14.96,14.92,14.481,14.8,8521416.0
2023-11-02,PLTR UN Equity,18.29,17.97,17.22,17.5,23670771.0
2023-11-03,PLTR UN Equity,19.07,18.89,17.765,18.1,16021778.0
2023-11-06,PLTR UN Equity,19.07,18.54,17.935,19.0,11446632.0
2023-11-07,PLTR UN Equity,19.17,18.8,18.54,18.85,7167288.0
2023-11-08,PLTR UN Equity,18.925,18.49,18.16,18.84,6522919.0
2023-11-09,PLTR UN Equity,18.865,18.27,18.17,18.62,5764111.0
2023-11-10,PLTR UN Equity,19.715,19.67,18.07,18.12,11225338.0
2023-11-13,PLTR UN Equity,19.875,19.71,19.3,19.6,9204874.0
2023-11-14,PLTR UN Equity,20.04,19.94,19.5,20.0,11012403.0
2023-11-15,PLTR UN Equity,20.37,19.95,19.615,19.89,11834865.0
2023-11-16,PLTR UN Equity,19.87,19.77,19.29,19.81,6925644.0
2023-11-17,PLTR UN Equity,20.58,20.49,19.66,19.7,8224771.0
2023-11-20,PLTR UN Equity,21.59,21.34,20.57,20.65,12475653.0
2023-11-21,PLTR UN Equity,21.84,19.8,19.73,21.12,13107635.0
2023-11-22,PLTR UN Equity,20.44,19.69,19.33,20.26,8453534.0
2023-11-24,PLTR UN Equity,19.59,19.2,18.935,19.37,5888927.0
2023-11-27,PLTR UN Equity,19.495,19.08,18.62,19.13,8077800.0
2023-11-28,PLTR UN Equity,19.795,19.71,19.035,19.11,7668071.0
2023-11-29,PLTR UN Equity,20.305,19.84,19.785,19.95,8962301.0
2023-11-30,PLTR UN Equity,20.23,20.05,19.685,19.94,12451800.0
2023-12-01,PLTR UN Equity,20.28,20.27,19.55,19.92,8603929.0
2023-12-04,PLTR UN Equity,19.89,18.4,18.275,19.77,11508551.0
2023-12-05,PLTR UN Equity,18.54,18.3,17.96,18.26,7723713.0
2023-12-06,PLTR UN Equity,17.82,17.13,17.06,17.7,11748117.0
2023-12-07,PLTR UN Equity,17.47,17.22,17.09,17.2,8693119.0
2023-12-08,PLTR UN Equity,17.92,17.77,17.095,17.15,8117679.0
2023-12-11,PLTR UN Equity,18.28,17.77,17.705,17.87,8565697.0
2023-12-12,PLTR UN Equity,17.88,17.5,17.24,17.69,6365941.0
2023-12-13,PLTR UN Equity,17.9,17.87,17.225,17.65,8349358.0
2023-12-14,PLTR UN Equity,18.57,18.21,17.725,18.17,9347373.0
2023-12-15,PLTR UN Equity,19.145,18.2,18.045,18.69,17375846.0
2023-12-18,PLTR UN Equity,18.57,17.84,17.775,18.15,8144917.0
2023-12-19,PLTR UN Equity,18.18,17.95,17.845,18.0,6106236.0
2023-12-20,PLTR UN Equity,17.915,17.25,17.195,17.87,8008278.0
2023-12-21,PLTR UN Equity,17.73,17.59,17.42,17.54,4177071.0
2023-12-22,PLTR UN Equity,17.7,17.41,17.33,17.7,4144460.0
2023-12-26,PLTR UN Equity,17.745,17.68,17.33,17.46,4768463.0
2023-12-27,PLTR UN Equity,17.9,17.47,17.46,17.8,3676001.0
2023-12-28,PLTR UN Equity,17.84,17.56,17.425,17.47,5095632.0
2023-12-29,PLTR UN Equity,17.635,17.17,17.105,17.5,6197712.0
2024-01-02,PLTR UN Equity,16.95,16.58,16.5,16.95,6372412.0
2024-01-03,PLTR UN Equity,16.38,16.09,16.01,16.11,6850915.0
2024-01-04,PLTR UN Equity,16.575,16.25,15.95,16.01,6236251.0
2024-01-05,PLTR UN Equity,16.125,15.98,15.67,15.7,9223426.0
2024-01-08,PLTR UN Equity,16.89,16.67,16.14,16.22,7531225.0
2024-01-09,PLTR UN Equity,16.62,16.39,16.29,16.51,5631383.0
2024-01-10,PLTR UN Equity,17.02,16.79,16.405,16.5,5539561.0
2024-01-11,PLTR UN Equity,16.92,16.68,16.17,16.79,5041503.0
2024-01-12,PLTR UN Equity,17.06,16.76,16.63,16.68,4247551.0
2024-01-16,PLTR UN Equity,16.735,16.53,16.3,16.54,4584373.0
2024-01-17,PLTR UN Equity,16.405,16.39,16.05,16.26,5050385.0
2024-01-18,PLTR UN Equity,16.81,16.4,16.105,16.78,4829509.0
2024-01-19,PLTR UN Equity,16.78,16.78,16.155,16.6,5526673.0
2024-01-22,PLTR UN Equity,18.35,17.6,17.435,17.46,10326595.0
2024-01-23,PLTR UN Equity,17.73,17.33,17.2,17.63,5644246.0
2024-01-24,PLTR UN Equity,17.64,16.75,16.74,17.55,5868927.0
2024-01-25,PLTR UN Equity,16.99,16.46,16.31,16.88,7736006.0
2024-01-26,PLTR UN Equity,16.74,16.35,16.34,16.37,4033312.0
2024-01-29,PLTR UN Equity,17.11,17.09,16.445,16.48,5109687.0
2024-01-30,PLTR UN Equity,17.24,16.74,16.66,17.01,5052869.0
2024-01-31,PLTR UN Equity,16.76,16.09,16.07,16.39,7289101.0
2024-02-01,PLTR UN Equity,16.48,16.33,16.04,16.2,5969277.0
2024-02-02,PLTR UN Equity,17.02,17.02,16.15,16.3,8102250.0
2024-02-05,PLTR UN Equity,17.87,16.72,16.48,17.53,13228637.0
2024-02-06,PLTR UN Equity,22.18,21.87,19.76,20.4,40153207.0
2024-02-07,PLTR UN Equity,23.87,23.6,21.385,21.65,25389798.0
2024-02-08,PLTR UN Equity,25.06,24.51,23.325,23.99,25882873.0
2024-02-09,PLTR UN Equity,25.11,24.38,23.58,25.08,18696294.0
2024-02-12,PLTR UN Equity,25.52,25.05,23.83,23.9,13766276.0
2024-02-13,PLTR UN Equity,24.66,24.01,23.31,23.5,12578642.0
2024-02-14,PLTR UN Equity,25.49,25.19,23.755,24.15,13181247.0
2024-02-15,PLTR UN Equity,25.455,25.41,24.72,25.05,11475779.0
2024-02-16,PLTR UN Equity,25.49,24.44,24.395,24.96,10269945.0
2024-02-20,PLTR UN Equity,24.0,23.4,22.72,23.83,13877216.0
2024-02-21,PLTR UN Equity,22.925,22.74,22.29,22.39,9370008.0
2024-02-22,PLTR UN Equity,23.94,23.59,23.05,23.78,8318376.0
2024-02-23,PLTR UN Equity,24.06,22.97,22.825,23.52,6917022.0
2024-02-26,PLTR UN Equity,23.875,23.56,22.95,23.12,6993482.0
2024-02-27,PLTR UN Equity,24.615,24.53,23.73,23.74,9487215.0
2024-02-28,PLTR UN Equity,24.84,24.42,24.245,24.5,6972879.0
2024-02-29,PLTR UN Equity,25.28,25.08,24.365,24.8,13071428.0
2024-03-01,PLTR UN Equity,25.69,24.93,24.535,25.3,9294858.0
2024-03-04,PLTR UN Equity,24.57,24.04,23.535,24.46,9459062.0
2024-03-05,PLTR UN Equity,24.401,23.81,23.435,23.95,6979992.0
2024-03-06,PLTR UN Equity,26.75,26.16,24.54,25.76,24300990.0
2024-03-07,PLTR UN Equity,27.5,26.46,26.38,26.99,15329620.0
2024-03-08,PLTR UN Equity,27.28,26.04,25.81,27.1,10910256.0
2024-03-11,PLTR UN Equity,26.83,25.35,25.295,25.86,8001823.0
2024-03-12,PLTR UN Equity,25.64,24.7,24.35,25.55,12586179.0
2024-03-13,PLTR UN Equity,25.44,25.0,24.6,24.64,7857906.0
2024-03-14,PLTR UN Equity,24.965,24.43,24.14,24.75,7751083.0
2024-03-15,PLTR UN Equity,24.1,23.49,23.42,23.83,12683110.0
2024-03-18,PLTR UN Equity,24.175,24.0,23.33,23.77,6254815.0
2024-03-19,PLTR UN Equity,23.825,23.8,22.92,23.5,7668725.0
2024-03-20,PLTR UN Equity,24.65,24.57,23.68,23.77,6707100.0
2024-03-21,PLTR UN Equity,25.33,24.49,24.44,25.23,5361851.0
2024-03-22,PLTR UN Equity,24.475,24.18,24.025,24.18,5334509.0
2024-03-25,PLTR UN Equity,24.615,24.51,24.05,24.1,4685847.0
2024-03-26,PLTR UN Equity,25.46,24.89,24.475,24.73,6497788.0
2024-03-27,PLTR UN Equity,25.48,24.51,24.261,25.0,6276567.0
2024-03-28,PLTR UN Equity,24.27,23.01,22.94,24.1,9886257.0
2024-04-01,PLTR UN Equity,23.21,22.86,22.4,22.96,7181020.0
2024-04-02,PLTR UN Equity,22.79,22.72,21.72,22.0,6330815.0
2024-04-03,PLTR UN Equity,23.0,22.7,22.39,22.4,5787648.0
2024-04-04,PLTR UN Equity,24.09,22.48,22.4,23.74,8574284.0
2024-04-05,PLTR UN Equity,23.32,22.96,22.31,22.34,5009929.0
2024-04-08,PLTR UN Equity,23.19,23.0,22.675,23.04,3634007.0
2024-04-09,PLTR UN Equity,23.08,22.81,22.465,23.0,3945765.0
2024-04-10,PLTR UN Equity,22.7,22.42,22.01,22.22,4189220.0
2024-04-11,PLTR UN Equity,22.91,22.84,22.259,22.61,3930363.0
2024-04-12,PLTR UN Equity,23.195,22.67,22.41,22.59,5204860.0
2024-04-15,PLTR UN Equity,23.125,21.9,21.835,22.79,5254158.0
2024-04-16,PLTR UN Equity,21.99,21.88,21.28,21.64,4834654.0
2024-04-17,PLTR UN Equity,22.11,21.31,21.22,22.0,4100218.0
2024-04-18,PLTR UN Equity,21.42,21.13,20.705,21.25,4475629.0
2024-04-19,PLTR UN Equity,21.425,20.47,20.33,21.0,5470887.0
2024-04-22,PLTR UN Equity,21.075,20.97,20.36,20.73,5121757.0
2024-04-23,PLTR UN Equity,22.05,21.64,21.24,21.25,4918265.0
2024-04-24,PLTR UN Equity,22.25,21.59,21.305,22.05,4503561.0
2024-04-25,PLTR UN Equity,21.735,21.71,20.66,20.82,3717736.0
2024-04-26,PLTR UN Equity,22.67,22.52,21.91,22.05,4606012.0
2024-04-29,PLTR UN Equity,23.09,22.83,22.55,22.74,5229204.0
2024-04-30,PLTR UN Equity,22.87,21.97,21.955,22.77,4823728.0
2024-05-01,PLTR UN Equity,22.82,22.12,21.635,21.93,4759587.0
2024-05-02,PLTR UN Equity,22.71,22.55,22.1,22.6,4782392.0
2024-05-03,PLTR UN Equity,23.5,23.33,22.91,23.48,8869162.0
2024-05-06,PLTR UN Equity,25.355,25.21,24.03,24.36,17004241.0
2024-05-07,PLTR UN Equity,22.69,21.4,21.35,22.0,19956265.0
2024-05-08,PLTR UN Equity,21.73,21.56,21.06,21.58,11435101.0
2024-05-09,PLTR UN Equity,21.575,21.14,20.94,21.45,8528778.0
2024-05-10,PLTR UN Equity,21.37,20.6,20.5,21.27,10441954.0
2024-05-13,PLTR UN Equity,21.19,20.94,20.61,20.62,6357437.0
2024-05-14,PLTR UN Equity,22.065,21.44,20.94,20.94,8997915.0
2024-05-15,PLTR UN Equity,21.805,21.67,21.19,21.71,6228487.0
2024-05-16,PLTR UN Equity,21.87,21.65,21.535,21.7,5542357.0
2024-05-17,PLTR UN Equity,22.16,21.76,21.56,21.72,4843573.0
2024-05-20,PLTR UN Equity,21.77,21.62,21.23,21.75,5627167.0
2024-05-21,PLTR UN Equity,21.44,21.24,21.125,21.39,4077528.0
2024-05-22,PLTR UN Equity,21.415,21.17,21.085,21.23,4511576.0
2024-05-23,PLTR UN Equity,21.51,20.72,20.635,21.38,4848463.0
2024-05-24,PLTR UN Equity,21.145,21.01,20.655,20.71,3913221.0
2024-05-28,PLTR UN Equity,21.22,21.05,20.74,21.05,4873094.0
2024-05-29,PLTR UN Equity,20.985,20.94,20.64,20.77,4082877.0
2024-05-30,PLTR UN Equity,21.95,21.73,21.03,21.16,7406529.0
2024-05-31,PLTR UN Equity,22.2,21.68,21.311,21.79,11781531.0
2024-06-03,PLTR UN Equity,21.79,21.32,21.005,21.75,6201544.0
2024-06-04,PLTR UN Equity,22.25,22.1,21.065,21.08,7011951.0
2024-06-05,PLTR UN Equity,22.98,22.96,22.22,22.44,6739095.0
2024-06-06,PLTR UN Equity,23.94,23.79,22.99,23.0,8156755.0
2024-06-07,PLTR UN Equity,23.56,23.31,23.06,23.24,5444643.0
2024-06-10,PLTR UN Equity,23.16,23.13,22.71,22.77,6097035.0
2024-06-11,PLTR UN Equity,23.95,23.85,22.89,23.09,4832495.0
2024-06-12,PLTR UN Equity,24.33,23.77,23.58,24.24,6292369.0
2024-06-13,PLTR UN Equity,24.14,23.27,23.15,23.85,3364991.0
2024-06-14,PLTR UN Equity,23.72,23.57,22.85,23.17,4376060.0
2024-06-17,PLTR UN Equity,25.055,25.02,23.46,23.53,7481489.0
2024-06-18,PLTR UN Equity,26.02,25.82,24.84,25.17,8072749.0
2024-06-20,PLTR UN Equity,26.57,25.56,25.16,26.44,10015381.0
2024-06-21,PLTR UN Equity,24.79,23.84,23.535,24.7,13872813.0
2024-06-24,PLTR UN Equity,24.38,24.16,23.3,23.44,5949139.0
2024-06-25,PLTR UN Equity,24.63,24.56,23.93,24.16,6650085.0
2024-06-26,PLTR UN Equity,24.66,24.1,24.025,24.47,3852954.0
2024-06-27,PLTR UN Equity,25.4,25.22,24.09,24.1,5546708.0
2024-06-28,PLTR UN Equity,25.57,25.33,25.03,25.28,13909071.0
2024-07-01,PLTR UN Equity,26.02,25.88,25.15,25.5,4931312.0
2024-07-02,PLTR UN Equity,26.43,25.83,25.76,25.79,4859244.0
2024-07-03,PLTR UN Equity,26.265,25.85,25.77,25.95,2534779.0
2024-07-05,PLTR UN Equity,27.24,27.23,26.0,26.0,6885044.0
2024-07-08,PLTR UN Equity,27.98,27.7,26.85,27.89,7611875.0
2024-07-09,PLTR UN Equity,28.38,27.39,27.231,27.9,7031772.0
2024-07-10,PLTR UN Equity,28.47,28.42,27.38,27.5,5591797.0
2024-07-11,PLTR UN Equity,28.58,27.64,26.9,28.49,7970236.0
2024-07-12,PLTR UN Equity,28.125,28.07,27.28,27.34,5179827.0
2024-07-15,PLTR UN Equity,29.299,28.67,27.9,28.42,5743277.0
2024-07-16,PLTR UN Equity,28.84,28.67,27.475,28.15,7591597.0
2024-07-17,PLTR UN Equity,28.87,28.22,27.6,28.0,6473096.0
2024-07-18,PLTR UN Equity,29.83,28.64,28.15,28.41,8979458.0
2024-07-19,PLTR UN Equity,29.6,28.58,28.28,28.35,7027558.0
2024-07-22,PLTR UN Equity,28.97,28.46,27.69,28.93,5250164.0
2024-07-23,PLTR UN Equity,29.18,28.81,28.31,28.39,4438417.0
2024-07-24,PLTR UN Equity,28.68,26.6,26.58,28.44,7545413.0
2024-07-25,PLTR UN Equity,27.285,26.63,25.425,26.01,7578208.0
2024-07-26,PLTR UN Equity,27.33,27.18,26.77,27.0,3882250.0
2024-07-29,PLTR UN Equity,27.79,27.08,26.73,27.56,4009885.0
2024-07-30,PLTR UN Equity,27.435,26.37,25.89,27.25,4842000.0
2024-07-31,PLTR UN Equity,27.38,26.89,26.88,27.04,4675808.0
2024-08-01,PLTR UN Equity,27.535,26.08,25.84,27.0,4818234.0
2024-08-02,PLTR UN Equity,24.855,24.74,23.75,24.75,9105299.0
2024-08-05,PLTR UN Equity,24.42,24.09,21.23,21.68,11471442.0
2024-08-06,PLTR UN Equity,27.42,26.59,25.57,27.05,12087979.0
2024-08-07,PLTR UN Equity,28.355,26.32,26.24,27.07,9427354.0
2024-08-08,PLTR UN Equity,29.37,29.28,26.69,27.02,10699315.0
2024-08-09,PLTR UN Equity,30.36,30.01,29.11,29.28,11357431.0
2024-08-12,PLTR UN Equity,31.19,29.38,29.27,30.25,7596706.0
2024-08-13,PLTR UN Equity,30.845,30.39,29.57,29.69,6969212.0
2024-08-14,PLTR UN Equity,31.365,31.0,30.33,30.62,6605002.0
2024-08-15,PLTR UN Equity,31.495,31.22,30.83,31.32,5032803.0
2024-08-16,PLTR UN Equity,32.75,32.08,30.99,31.12,7450970.0
2024-08-19,PLTR UN Equity,32.58,32.5,31.815,32.39,6717667.0
2024-08-20,PLTR UN Equity,32.72,32.32,31.64,32.5,5341620.0
2024-08-21,PLTR UN Equity,32.66,32.54,31.97,32.35,5417778.0
2024-08-22,PLTR UN Equity,33.12,31.92,31.86,32.55,7009836.0
2024-08-23,PLTR UN Equity,32.55,31.78,31.63,32.0,4520245.0
2024-08-26,PLTR UN Equity,31.74,30.85,30.79,31.43,5258736.0
2024-08-27,PLTR UN Equity,31.11,30.84,30.38,30.55,4141575.0
2024-08-28,PLTR UN Equity,30.8,30.36,29.75,30.65,4181553.0
2024-08-29,PLTR UN Equity,31.81,31.0,30.49,30.67,5080584.0
2024-08-30,PLTR UN Equity,31.49,31.48,30.7,31.05,11663011.0
2024-09-03,PLTR UN Equity,31.58,30.51,30.175,31.35,5043419.0
2024-09-04,PLTR UN Equity,30.845,30.59,29.315,30.0,4849973.0
2024-09-05,PLTR UN Equity,30.735,30.16,30.011,30.31,3230959.0
2024-09-06,PLTR UN Equity,31.02,30.33,29.51,30.6,5376968.0
2024-09-09,PLTR UN Equity,34.69,34.6,32.47,32.66,18292246.0
2024-09-10,PLTR UN Equity,35.19,34.76,33.71,34.9,10702114.0
2024-09-11,PLTR UN Equity,34.87,34.85,33.62,34.05,9851475.0
2024-09-12,PLTR UN Equity,35.395,34.91,34.54,34.87,6350443.0
2024-09-13,PLTR UN Equity,36.005,35.59,34.9,34.91,5959918.0
2024-09-16,PLTR UN Equity,36.915,36.31,35.58,35.75,9831116.0
2024-09-17,PLTR UN Equity,37.04,36.45,35.87,37.04,7361319.0
2024-09-18,PLTR UN Equity,37.105,36.38,35.88,35.9,6518624.0
2024-09-19,PLTR UN Equity,37.345,36.83,36.2,37.01,6853275.0
2024-09-20,PLTR UN Equity,37.28,37.2,35.715,36.2,216330208.0
2024-09-23,PLTR UN Equity,38.19,37.95,36.57,36.8,12122511.0
2024-09-24,PLTR UN Equity,37.92,36.9,36.435,37.9,12689465.0
2024-09-25,PLTR UN Equity,37.17,37.12,36.39,36.96,8917768.0
2024-09-26,PLTR UN Equity,37.435,37.1,36.6,37.25,8234841.0
2024-09-27,PLTR UN Equity,37.465,36.84,36.595,36.94,7092875.0
2024-09-30,PLTR UN Equity,37.32,37.2,36.16,36.5,10529415.0
2024-10-01,PLTR UN Equity,37.56,36.46,36.06,37.21,9743865.0
2024-10-02,PLTR UN Equity,37.68,37.49,36.145,36.31,5090706.0
2024-10-03,PLTR UN Equity,39.29,39.24,37.4,37.45,7473934.0
2024-10-04,PLTR UN Equity,40.29,40.01,39.4,39.6,8959082.0
2024-10-07,PLTR UN Equity,40.15,38.89,38.775,39.86,6904337.0
2024-10-08,PLTR UN Equity,41.49,41.45,39.02,39.26,7961807.0
2024-10-09,PLTR UN Equity,43.335,43.13,41.22,41.55,10549922.0
2024-10-10,PLTR UN Equity,43.87,43.52,42.42,42.76,7092053.0
2024-10-11,PLTR UN Equity,44.38,43.51,42.62,43.4,9367404.0
2024-10-14,PLTR UN Equity,44.39,43.4,43.29,43.79,5070990.0
2024-10-15,PLTR UN Equity,43.68,42.43,41.52,43.4,7643704.0
2024-10-16,PLTR UN Equity,42.48,41.93,40.36,42.4,8337785.0
2024-10-17,PLTR UN Equity,42.69,42.0,41.61,42.18,4985050.0
2024-10-18,PLTR UN Equity,42.985,42.97,41.67,42.0,4912979.0
2024-10-21,PLTR UN Equity,43.4,42.7,42.41,42.9,3893091.0
2024-10-22,PLTR UN Equity,43.49,42.94,42.305,42.6,4360595.0
2024-10-23,PLTR UN Equity,43.675,42.59,42.055,42.79,4457214.0
2024-10-24,PLTR UN Equity,43.73,43.56,42.67,42.94,4731598.0
2024-10-25,PLTR UN Equity,45.07,44.86,43.645,43.8,7786857.0
2024-10-28,PLTR UN Equity,45.14,44.97,44.69,45.0,7625704.0
2024-10-29,PLTR UN Equity,45.065,44.93,44.04,44.9,3948915.0
2024-10-30,PLTR UN Equity,44.79,43.69,43.615,44.5,4610479.0
2024-10-31,PLTR UN Equity,43.3,41.56,40.9,43.0,8378579.0
2024-11-01,PLTR UN Equity,42.57,41.92,41.59,41.93,5086080.0
2024-11-04,PLTR UN Equity,42.035,41.41,41.05,41.05,7451112.0
2024-11-05,PLTR UN Equity,51.575,51.13,46.86,47.8,22623254.0
2024-11-06,PLTR UN Equity,55.69,55.53,51.61,53.08,15268025.0
2024-11-07,PLTR UN Equity,56.47,55.88,53.56,55.95,11517960.0
2024-11-08,PLTR UN Equity,58.47,58.39,55.3,55.55,9951019.0
2024-11-11,PLTR UN Equity,62.08,60.24,58.7,60.17,13932638.0
2024-11-12,PLTR UN Equity,60.08,59.85,58.575,59.29,7783571.0
2024-11-13,PLTR UN Equity,63.385,60.7,59.855,61.52,9526025.0
2024-11-14,PLTR UN Equity,61.16,59.18,58.54,61.04,6949297.0
2024-11-15,PLTR UN Equity,66.0,65.77,60.91,61.0,17749239.0
2024-11-18,PLTR UN Equity,64.82,61.26,58.85,64.63,14694119.0
2024-11-19,PLTR UN Equity,63.01,62.98,59.28,59.51,10047462.0
2024-11-20,PLTR UN Equity,63.08,62.12,59.97,62.35,7875814.0
2024-11-21,PLTR UN Equity,63.39,61.36,60.9,62.61,7605912.0
2024-11-22,PLTR UN Equity,64.43,64.35,61.37,61.37,7251090.0
2024-11-25,PLTR UN Equity,67.88,64.65,64.08,66.75,13803038.0
2024-11-26,PLTR UN Equity,65.845,65.77,63.92,64.39,647365.0
2024-11-27,PLTR UN Equity,67.51,66.06,64.26,66.32,900724.0
2024-11-29,PLTR UN Equity,67.16,67.085,65.5,65.81,473276.0
2024-12-02,PLTR UN Equity,67.88,66.39,65.965,67.32,713349.0
2024-12-03,PLTR UN Equity,71.36,70.97,66.37,66.58,1355894.0
2024-12-04,PLTR UN Equity,71.17,69.86,67.28,71.07,1345074.0
2024-12-05,PLTR UN Equity,72.95,71.88,69.9,70.11,1029252.0
2024-12-06,PLTR UN Equity,76.8,76.3,72.28,72.795,934241.0
2024-12-09,PLTR UN Equity,80.87,72.49,71.07,80.525,3268212.0
2024-12-10,PLTR UN Equity,75.55,70.89,70.74,71.925,1193949.0
2024-12-11,PLTR UN Equity,72.96,72.51,68.08,72.96,929287.0
2024-12-12,PLTR UN Equity,75.34,73.23,71.92,72.26,797146.0
2024-12-13,PLTR UN Equity,76.09,76.065,72.47,73.4,638674.0
2024-12-16,PLTR UN Equity,77.78,75.75,71.2,75.085,1459599.0
2024-12-17,PLTR UN Equity,75.25,74.39,71.71,73.375,844478.0
2024-12-18,PLTR UN Equity,77.59,71.44,70.3,74.0,1103536.0
2024-12-19,PLTR UN Equity,76.525,74.25,73.38,74.0,1230153.0
2024-12-20,PLTR UN Equity,80.6,80.6,71.501,72.505,1272010.0
2024-12-23,PLTR UN Equity,82.0,80.67,77.44,80.65,1576962.0
2024-12-24,PLTR UN Equity,84.78,82.4,81.01,81.07,617855.0
2024-12-26,PLTR UN Equity,83.475,82.15,81.33,83.165,379040.0
2024-12-27,PLTR UN Equity,81.985,79.1,77.94,81.41,1101477.0
2024-12-30,PLTR UN Equity,79.225,77.125,76.12,76.965,467642.0
2024-12-31,PLTR UN Equity,77.9,75.64,75.06,77.625,728923.0
2025-01-02,PLTR UN Equity,76.5,75.2,72.44,76.28,412926.0
2025-01-03,PLTR UN Equity,79.97,79.86,75.41,75.54,730798.0
2025-01-06,PLTR UN Equity,80.05,75.94,74.62,78.95,1249134.0
2025-01-07,PLTR UN Equity,75.35,70.01,69.76,75.12,845999.0
2025-01-08,PLTR UN Equity,69.52,68.25,66.52,68.17,1006806.0
2025-01-10,PLTR UN Equity,68.19,67.24,65.045,65.885,1622712.0
2025-01-13,PLTR UN Equity,65.64,64.98,63.41,64.13,523911.0
2025-01-14,PLTR UN Equity,68.2,65.91,65.2,67.225,379443.0
2025-01-15,PLTR UN Equity,68.82,68.13,67.091,68.68,731278.0
2025-01-16,PLTR UN Equity,71.429,69.22,68.4,69.19,1096751.0
2025-01-17,PLTR UN Equity,72.32,71.74,69.98,70.8,345393.0
2025-01-21,PLTR UN Equity,73.63,73.085,70.63,73.205,438268.0
2025-01-22,PLTR UN Equity,77.12,76.845,73.815,74.56,886695.0
2025-01-23,PLTR UN Equity,79.0,79.0,75.95,76.04,531457.0
2025-01-24,PLTR UN Equity,82.23,78.985,78.55,79.11,858978.0
2025-01-27,PLTR UN Equity,76.67,75.46,72.683,74.0,682913.0
2025-01-28,PLTR UN Equity,80.72,80.22,74.04,75.5,554216.0
2025-01-29,PLTR UN Equity,80.805,79.72,77.855,79.978,431844.0
2025-01-30,PLTR UN Equity,81.81,81.18,79.4,79.92,369198.0
2025-01-31,PLTR UN Equity,85.22,82.5,81.0,81.0,772921.0
2025-02-03,PLTR UN Equity,84.21,83.9,78.49,80.03,706845.0
2025-02-04,PLTR UN Equity,106.9,103.82,100.52,102.8,1779065.0
2025-02-05,PLTR UN Equity,103.51,101.37,99.365,101.825,586729.0
2025-02-06,PLTR UN Equity,111.545,111.28,100.295,101.1,913632.0
2025-02-07,PLTR UN Equity,116.29,110.84,110.47,111.72,1271486.0
2025-02-10,PLTR UN Equity,116.755,116.66,108.81,112.1,762922.0
2025-02-11,PLTR UN Equity,118.655,112.61,112.105,116.6,630748.0
2025-02-12,PLTR UN Equity,117.58,117.4,110.01,110.25,459448.0
2025-02-13,PLTR UN Equity,118.375,117.92,115.25,117.31,394785.0
2025-02-14,PLTR UN Equity,120.64,119.16,116.825,117.89,395596.0
2025-02-18,PLTR UN Equity,124.98,124.63,118.5,121.01,830104.0
2025-02-19,PLTR UN Equity,125.4,112.17,108.635,124.15,2739355.0
2025-02-20,PLTR UN Equity,107.38,106.26,95.82,102.9,2381925.0
2025-02-21,PLTR UN Equity,109.039,101.36,100.31,107.602,1186237.0
2025-02-24,PLTR UN Equity,99.0,90.75,89.3,95.92,1512933.0
2025-02-25,PLTR UN Equity,91.625,87.82,85.255,90.56,806922.0
2025-02-26,PLTR UN Equity,91.59,89.32,87.66,89.16,512174.0
2025-02-27,PLTR UN Equity,93.6,84.895,84.25,92.0,756880.0
2025-02-28,PLTR UN Equity,85.01,85.01,78.58,80.025,894515.0
2025-03-03,PLTR UN Equity,90.45,83.52,82.57,88.57,1075433.0
2025-03-04,PLTR UN Equity,88.47,84.385,79.32,80.24,1325377.0
2025-03-05,PLTR UN Equity,90.295,90.12,82.56,86.15,739842.0
2025-03-06,PLTR UN Equity,88.3,80.465,80.03,87.7,897866.0
2025-03-07,PLTR UN Equity,85.135,84.905,79.16,80.04,816784.0
2025-03-10,PLTR UN Equity,82.49,76.34,74.65,82.0,1107657.0
2025-03-11,PLTR UN Equity,80.73,78.03,75.6,75.733,1233413.0
2025-03-12,PLTR UN Equity,84.54,83.625,79.89,83.53,1012028.0
2025-03-13,PLTR UN Equity,83.74,79.63,78.33,82.765,1189546.0
2025-03-14,PLTR UN Equity,87.25,86.24,82.17,83.01,1230608.0
2025-03-17,PLTR UN Equity,88.78,87.36,84.5,88.4,763776.0
2025-03-18,PLTR UN Equity,86.09,83.88,81.82,85.64,489400.0
2025-03-19,PLTR UN Equity,87.93,86.085,82.91,84.76,493508.0
2025-03-20,PLTR UN Equity,89.775,87.36,85.15,85.46,820183.0
2025-03-21,PLTR UN Equity,91.005,90.99,84.475,85.79,670803.0
2025-03-24,PLTR UN Equity,97.36,96.775,92.29,93.34,889964.0
2025-03-25,PLTR UN Equity,98.17,96.515,95.11,97.23,912625.0
2025-03-26,PLTR UN Equity,97.27,92.28,90.855,96.375,618476.0
2025-03-27,PLTR UN Equity,93.595,90.07,89.695,91.04,722955.0
2025-03-28,PLTR UN Equity,89.26,85.845,84.12,89.26,638962.0
2025-03-31,PLTR UN Equity,84.63,84.4,78.78,80.04,904180.0
2025-04-01,PLTR UN Equity,85.27,84.64,81.83,83.89,638386.0
2025-04-02,PLTR UN Equity,88.4,87.42,82.32,82.345,979967.0
2025-04-03,PLTR UN Equity,85.66,83.605,81.075,81.28,891367.0
2025-04-04,PLTR UN Equity,80.955,73.99,71.945,80.055,1032799.0
2025-04-07,PLTR UN Equity,81.77,77.88,66.25,66.66,1732037.0
2025-04-08,PLTR UN Equity,86.105,77.385,75.23,83.325,1703752.0
2025-04-09,PLTR UN Equity,93.31,91.91,77.375,78.1,1761386.0
2025-04-10,PLTR UN Equity,90.75,88.64,84.17,88.34,1579170.0
2025-04-11,PLTR UN Equity,89.515,88.525,85.5,88.17,1038691.0
2025-04-14,PLTR UN Equity,97.3,92.565,91.605,95.77,693213.0
2025-04-15,PLTR UN Equity,98.98,98.41,93.17,93.64,751241.0
2025-04-16,PLTR UN Equity,97.27,92.74,89.64,96.25,1057186.0
2025-04-17,PLTR UN Equity,95.045,93.79,92.315,94.58,435907.0
2025-04-21,PLTR UN Equity,96.43,90.81,89.33,92.84,534050.0
2025-04-22,PLTR UN Equity,96.315,94.01,91.421,93.175,499038.0
2025-04-23,PLTR UN Equity,103.62,100.805,97.88,98.81,771519.0
2025-04-24,PLTR UN Equity,107.97,107.755,100.98,101.565,779481.0
2025-04-25,PLTR UN Equity,112.87,112.845,106.66,108.35,738009.0
2025-04-28,PLTR UN Equity,114.85,114.699,108.94,113.645,946636.0
2025-04-29,PLTR UN Equity,116.455,116.055,113.27,113.93,652217.0
2025-04-30,PLTR UN Equity,118.775,118.46,110.56,111.452,722570.0
2025-05-01,PLTR UN Equity,120.17,116.2,116.07,120.055,764669.0
2025-05-02,PLTR UN Equity,124.41,124.305,118.65,118.7,842187.0
2025-05-05,PLTR UN Equity,125.249,123.9,121.375,123.625,960881.0
2025-05-06,PLTR UN Equity,113.475,108.83,105.33,112.73,1389394.0
2025-05-07,PLTR UN Equity,111.85,110.54,107.005,107.93,619706.0
2025-05-08,PLTR UN Equity,120.365,119.11,112.24,112.395,842125.0
2025-05-09,PLTR UN Equity,119.0,117.33,114.915,118.96,705460.0
2025-05-12,PLTR UN Equity,120.86,118.465,115.01,120.86,1038437.0
2025-05-13,PLTR UN Equity,130.58,128.07,119.35,120.02,2164231.0
2025-05-14,PLTR UN Equity,133.43,130.115,127.605,129.145,743785.0
2025-05-15,PLTR UN Equity,130.145,128.05,125.795,128.42,464092.0
2025-05-16,PLTR UN Equity,130.255,129.545,126.865,129.19,362883.0
2025-05-19,PLTR UN Equity,127.74,126.34,124.335,124.69,523901.0
2025-05-20,PLTR UN Equity,128.18,125.59,124.67,127.16,635804.0
2025-05-21,PLTR UN Equity,127.05,120.55,119.48,125.26,855770.0
2025-05-22,PLTR UN Equity,126.3,122.18,121.471,121.94,708883.0
2025-05-23,PLTR UN Equity,125.485,123.34,120.7,120.95,568499.0
2025-05-27,PLTR UN Equity,127.845,123.35,120.915,126.9,949905.0
2025-05-28,PLTR UN Equity,125.62,123.835,122.92,124.27,764723.0
2025-05-29,PLTR UN Equity,126.421,122.34,121.56,125.3,795236.0
2025-05-30,PLTR UN Equity,131.93,131.86,122.78,123.57,1914750.0
2025-06-02,PLTR UN Equity,134.45,132.065,128.885,131.47,1200404.0
2025-06-03,PLTR UN Equity,135.26,133.11,130.1,133.055,1300516.0
2025-06-04,PLTR UN Equity,132.64,129.97,125.64,132.39,1123202.0
2025-06-05,PLTR UN Equity,132.835,119.91,118.96,129.49,2039425.0
2025-06-06,PLTR UN Equity,128.12,127.69,122.0,123.75,988099.0
2025-06-09,PLTR UN Equity,132.19,132.02,124.93,127.12,448034.0
2025-06-10,PLTR UN Equity,134.049,132.79,129.43,131.08,332401.0
2025-06-11,PLTR UN Equity,139.19,136.405,133.0,133.95,501991.0
2025-06-12,PLTR UN Equity,137.03,135.22,134.7,136.39,305711.0
2025-06-13,PLTR UN Equity,139.91,137.33,133.43,133.75,499953.0
2025-06-16,PLTR UN Equity,144.721,141.36,139.96,140.195,471956.0
2025-06-17,PLTR UN Equity,141.64,138.21,136.1,141.33,414380.0
2025-06-18,PLTR UN Equity,140.209,139.955,137.53,139.01,297721.0
2025-06-20,PLTR UN Equity,142.15,137.43,136.755,140.71,309058.0
2025-06-23,PLTR UN Equity,142.045,139.915,135.985,138.76,331033.0
2025-06-24,PLTR UN Equity,143.65,143.24,137.82,141.015,366317.0
2025-06-25,PLTR UN Equity,147.63,142.9,141.62,144.545,343467.0
2025-06-26,PLTR UN Equity,148.15,144.21,142.93,145.08,440355.0
2025-06-27,PLTR UN Equity,144.76,130.815,130.62,144.75,1182871.0
2025-06-30,PLTR UN Equity,138.81,136.33,134.81,137.865,620988.0
2025-07-01,PLTR UN Equity,136.2,130.66,128.515,135.3,588123.0
2025-07-02,PLTR UN Equity,133.55,132.1,130.26,131.43,350497.0
2025-07-03,PLTR UN Equity,135.6,134.38,132.52,134.44,257806.0
2025-07-07,PLTR UN Equity,139.26,139.1,132.45,134.37,372010.0
2025-07-08,PLTR UN Equity,139.855,139.715,135.82,138.86,264615.0
2025-07-09,PLTR UN Equity,143.165,143.04,137.4,139.62,347401.0
2025-07-10,PLTR UN Equity,145.08,142.48,139.53,143.41,354404.0
2025-07-11,PLTR UN Equity,144.52,142.115,141.811,142.15,248589.0
2025-07-14,PLTR UN Equity,149.56,149.17,142.27,142.92,495109.0
2025-07-15,PLTR UN Equity,150.59,148.48,147.4,148.97,416999.0
2025-07-16,PLTR UN Equity,151.5,150.9,147.76,149.165,338116.0
2025-07-17,PLTR UN Equity,155.67,153.98,150.87,151.575,353299.0
2025-07-18,PLTR UN Equity,154.805,153.5,151.91,154.49,311191.0
2025-07-21,PLTR UN Equity,155.389,151.81,151.445,153.92,262952.0
2025-07-22,PLTR UN Equity,151.765,149.09,145.11,150.82,337830.0
2025-07-23,PLTR UN Equity,154.65,154.63,148.35,149.815,264746.0
2025-07-24,PLTR UN Equity,155.59,154.86,152.59,153.98,179513.0
2025-07-25,PLTR UN Equity,160.33,158.81,155.63,155.63,369119.0
2025-07-28,PLTR UN Equity,160.25,157.85,153.05,159.89,431149.0
2025-07-29,PLTR UN Equity,160.075,156.15,154.945,158.915,266171.0
2025-07-30,PLTR UN Equity,159.355,158.65,156.61,157.215,228546.0
2025-07-31,PLTR UN Equity,160.89,158.48,156.81,159.92,193938.0
2025-08-01,PLTR UN Equity,158.175,154.31,151.15,155.05,306302.0
2025-08-04,PLTR UN Equity,161.35,160.62,157.95,158.55,448869.0
2025-08-05,PLTR UN Equity,176.28,173.11,169.25,171.84,853159.0
2025-08-06,PLTR UN Equity,180.49,179.545,171.07,171.34,446927.0
2025-08-07,PLTR UN Equity,184.46,182.21,178.18,181.105,416932.0
2025-08-08,PLTR UN Equity,187.915,186.925,184.47,184.82,279348.0
2025-08-11,PLTR UN Equity,187.08,182.69,181.96,186.54,254933.0
2025-08-12,PLTR UN Equity,188.12,186.94,182.19,185.06,270476.0
2025-08-13,PLTR UN Equity,189.43,184.32,183.705,188.9,223591.0
2025-08-14,PLTR UN Equity,185.13,181.03,179.29,182.45,243331.0
2025-08-15,PLTR UN Equity,179.64,177.15,173.39,179.57,487515.0
2025-08-18,PLTR UN Equity,177.87,174.03,171.5,175.49,305495.0
2025-08-19,PLTR UN Equity,172.125,157.76,157.03,171.35,930868.0
2025-08-20,PLTR UN Equity,156.44,155.985,142.38,152.11,1396975.0
2025-08-21,PLTR UN Equity,157.93,156.19,153.82,157.2,429754.0
2025-08-22,PLTR UN Equity,163.16,158.74,153.0,155.145,528271.0
2025-08-25,PLTR UN Equity,158.56,157.11,149.43,156.25,405720.0
2025-08-26,PLTR UN Equity,162.115,160.86,154.58,155.4,433845.0
2025-08-27,PLTR UN Equity,162.1,156.78,155.985,162.1,321396.0
2025-08-28,PLTR UN Equity,158.22,158.155,152.64,157.67,337967.0
2025-08-29,PLTR UN Equity,158.36,156.69,154.33,156.96,234910.0
2025-09-02,PLTR UN Equity,158.285,157.12,150.29,151.045,329522.0
2025-09-03,PLTR UN Equity,161.09,154.9,153.55,157.88,275396.0
2025-09-04,PLTR UN Equity,157.0,156.13,153.195,154.93,296727.0
2025-09-05,PLTR UN Equity,158.93,153.08,148.08,157.85,497000.0
2025-09-08,PLTR UN Equity,158.299,156.07,155.025,155.025,294537.0
2025-09-09,PLTR UN Equity,162.71,162.355,156.635,157.47,358550.0
2025-09-10,PLTR UN Equity,168.5,166.72,163.5,165.93,446199.0
2025-09-11,PLTR UN Equity,167.395,164.35,163.22,167.395,316020.0
2025-09-12,PLTR UN Equity,171.519,171.46,164.03,165.48,384721.0
2025-09-15,PLTR UN Equity,171.35,171.21,167.55,169.29,268546.0
2025-09-16,PLTR UN Equity,171.26,170.17,169.09,171.02,252555.0
2025-09-17,PLTR UN Equity,169.5,168.32,161.465,169.35,428542.0
2025-09-18,PLTR UN Equity,178.32,176.95,169.5,170.28,590787.0
2025-09-19,PLTR UN Equity,184.32,182.35,176.89,177.12,522904.0
2025-09-22,PLTR UN Equity,182.01,179.55,178.301,180.715,270921.0
2025-09-23,PLTR UN Equity,185.68,182.55,177.15,182.7,400808.0
2025-09-24,PLTR UN Equity,184.37,179.65,177.14,183.95,285423.0
2025-09-25,PLTR UN Equity,184.2,179.1,174.5,175.75,458543.0
2025-09-26,PLTR UN Equity,180.05,177.565,174.95,178.935,289973.0
2025-09-29,PLTR UN Equity,181.37,178.795,177.23,179.975,209805.0
2025-09-30,PLTR UN Equity,182.7,182.47,178.28,179.345,294639.0
2025-10-01,PLTR UN Equity,186.25,184.93,179.64,181.355,268864.0
2025-10-02,PLTR UN Equity,188.12,187.06,182.97,186.68,243959.0
2025-10-03,PLTR UN Equity,186.67,173.065,170.8,186.4,712411.0
2025-10-06,PLTR UN Equity,182.89,179.53,177.86,179.335,386770.0
2025-10-07,PLTR UN Equity,186.14,182.16,179.56,180.25,381799.0
2025-10-08,PLTR UN Equity,184.13,183.56,181.29,182.71,276516.0
2025-10-09,PLTR UN Equity,187.565,185.44,180.0,183.77,286602.0
2025-10-10,PLTR UN Equity,187.09,175.38,174.06,185.33,444690.0
2025-10-13,PLTR UN Equity,178.965,177.17,173.565,178.63,250832.0
2025-10-14,PLTR UN Equity,182.205,179.76,171.0,176.15,357233.0
2025-10-15,PLTR UN Equity,184.2,179.625,176.32,181.655,228214.0
2025-10-16,PLTR UN Equity,184.745,177.83,176.555,181.99,213418.0
2025-10-17,PLTR UN Equity,181.46,178.14,174.0,177.65,551957.0
2025-10-20,PLTR UN Equity,183.04,181.59,177.65,179.46,179137.0
2025-10-21,PLTR UN Equity,182.32,181.53,178.71,182.005,172587.0
2025-10-22,PLTR UN Equity,182.145,175.53,169.47,182.0,440621.0
2025-10-23,PLTR UN Equity,181.52,180.44,175.13,175.635,266959.0
2025-10-24,PLTR UN Equity,186.12,184.53,182.93,182.93,213105.0
2025-10-27,PLTR UN Equity,192.76,189.17,187.79,188.75,342117.0
2025-10-28,PLTR UN Equity,191.68,189.61,186.86,189.45,217162.0
2025-10-29,PLTR UN Equity,199.82,198.74,190.51,190.94,438759.0
2025-10-30,PLTR UN Equity,199.59,194.54,194.2,197.4,278248.0
2025-10-31,PLTR UN Equity,204.13,200.5,198.01,199.305,382815.0
2025-11-03,PLTR UN Equity,207.47,207.47,201.945,205.045,454324.0
2025-11-04,PLTR UN Equity,195.57,190.6,185.825,191.8,826729.0
2025-11-05,PLTR UN Equity,190.245,187.98,181.37,189.055,518830.0
2025-11-06,PLTR UN Equity,191.04,175.01,174.57,187.99,453036.0
2025-11-07,PLTR UN Equity,178.615,177.97,168.95,173.15,489217.0
2025-11-10,PLTR UN Equity,194.6,193.65,183.63,184.37,599041.0
2025-11-11,PLTR UN Equity,192.85,190.895,187.371,190.24,325534.0
2025-11-12,PLTR UN Equity,190.455,184.25,180.5,190.455,370209.0
2025-11-13,PLTR UN Equity,182.56,172.13,170.96,181.715,321151.0
2025-11-14,PLTR UN Equity,177.225,174.06,164.58,167.01,537319.0
2025-11-17,PLTR UN Equity,174.0,171.265,167.72,171.12,251946.0
2025-11-18,PLTR UN Equity,172.81,167.295,165.821,168.34,279296.0
2025-11-19,PLTR UN Equity,169.55,165.47,162.5,167.39,246429.0
2025-11-20,PLTR UN Equity,174.46,155.745,154.47,172.38,428413.0
2025-11-21,PLTR UN Equity,158.015,154.88,147.57,156.04,394626.0
2025-11-24,PLTR UN Equity,165.13,162.2,157.0,157.785,328952.0
2025-11-25,PLTR UN Equity,164.51,163.56,156.75,159.8,189034.0
2025-11-26,PLTR UN Equity,168.12,165.74,164.015,167.065,165047.0
2025-11-28,PLTR UN Equity,168.74,168.49,166.13,168.08,79587.0
2025-12-01,PLTR UN Equity,169.0,167.48,163.325,164.61,125390.0
2025-12-02,PLTR UN Equity,175.639,170.675,169.75,169.75,166994.0
2025-12-03,PLTR UN Equity,176.32,176.095,169.17,170.035,134634.0
2025-12-04,PLTR UN Equity,178.41,178.0,174.86,176.61,109422.0
2025-12-05,PLTR UN Equity,182.105,181.77,177.255,178.3,159435.0
2025-12-08,PLTR UN Equity,183.82,181.55,179.715,182.35,92933.0
2025-12-09,PLTR UN Equity,182.715,181.86,180.66,181.0,93916.0
2025-12-10,PLTR UN Equity,190.24,187.83,182.92,184.855,376657.0
2025-12-11,PLTR UN Equity,188.02,187.55,180.365,184.565,132886.0
2025-12-12,PLTR UN Equity,185.89,183.43,177.87,185.89,197931.0
2025-12-15,PLTR UN Equity,187.67,183.32,183.28,185.82,206845.0
2025-12-16,PLTR UN Equity,188.48,187.73,181.745,182.09,129452.0
2025-12-17,PLTR UN Equity,187.495,177.27,177.04,187.495,266300.0
2025-12-18,PLTR UN Equity,187.27,185.65,181.94,182.05,222764.0
2025-12-19,PLTR UN Equity,195.0,193.38,186.8,186.8,317545.0
2025-12-22,PLTR UN Equity,198.86,193.96,192.54,195.04,250197.0
2025-12-23,PLTR UN Equity,195.305,194.12,191.78,193.0,106015.0
2025-12-24,PLTR UN Equity,194.99,194.195,192.9,193.13,42162.0
2025-12-26,PLTR UN Equity,196.09,188.75,188.64,195.7,126741.0
2025-12-29,PLTR UN Equity,187.05,184.11,183.77,186.94,139018.0
2025-12-30,PLTR UN Equity,184.71,180.81,180.73,184.13,81290.0
2025-12-31,PLTR UN Equity,181.325,177.77,177.3,181.045,108082.0
2026-01-02,PLTR UN Equity,181.35,167.59,166.39,181.35,308472.0
2026-01-05,PLTR UN Equity,175.78,173.94,171.91,174.575,181953.0
2026-01-06,PLTR UN Equity,180.14,179.68,174.93,175.85,162174.0
2026-01-07,PLTR UN Equity,187.235,181.72,177.76,179.75,291529.0
2026-01-08,PLTR UN Equity,185.44,176.94,174.38,185.145,254305.0
2026-01-09,PLTR UN Equity,178.53,177.475,174.84,176.67,115037.0
2026-01-12,PLTR UN Equity,182.385,179.39,176.54,177.61,221854.0
2026-01-13,PLTR UN Equity,181.07,178.97,176.21,178.41,138265.0
2026-01-14,PLTR UN Equity,181.425,178.365,174.005,178.42,143559.0
2026-01-15,PLTR UN Equity,180.529,176.96,176.6,178.85,172074.0
2026-01-16,PLTR UN Equity,181.97,170.99,170.04,179.15,338539.0
2026-01-20,PLTR UN Equity,171.79,168.55,166.31,167.625,165681.0
2026-01-21,PLTR UN Equity,169.4,165.41,161.18,168.51,269223.0
2026-01-22,PLTR UN Equity,168.97,165.895,164.97,168.97,103207.0
2026-01-23,PLTR UN Equity,171.96,169.58,166.54,167.28,213919.0
2026-01-26,PLTR UN Equity,170.48,167.47,167.36,169.115,118184.0
2026-01-27,PLTR UN Equity,169.4,165.73,164.72,167.54,147675.0
2026-01-28,PLTR UN Equity,165.045,157.36,157.3,164.48,192654.0
2026-01-29,PLTR UN Equity,157.41,151.88,147.175,157.35,276074.0
2026-01-30,PLTR UN Equity,150.89,146.655,145.18,150.21,307918.0
2026-02-02,PLTR UN Equity,151.22,147.75,146.67,150.9,424212.0
2026-02-03,PLTR UN Equity,165.02,157.92,153.14,164.67,1243937.0
2026-02-04,PLTR UN Equity,155.72,139.5,135.73,155.36,824495.0
2026-02-05,PLTR UN Equity,137.81,130.04,128.33,137.375,942384.0
2026-02-06,PLTR UN Equity,137.6,135.86,132.51,135.105,444500.0
2026-02-09,PLTR UN Equity,145.83,142.96,135.06,136.33,312805.0
2026-02-10,PLTR UN Equity,145.44,139.49,137.84,144.93,329697.0
2026-02-11,PLTR UN Equity,139.155,135.71,132.98,139.155,357923.0
2026-02-12,PLTR UN Equity,135.86,129.15,126.58,135.36,501700.0
2026-02-13,PLTR UN Equity,133.545,131.41,126.26,127.96,258216.0
2026-02-17,PLTR UN Equity,134.29,133.07,127.59,128.865,316355.0
2026-02-18,PLTR UN Equity,140.9,135.33,135.02,135.77,443125.0
2026-02-19,PLTR UN Equity,136.12,134.9,131.03,132.33,352687.0
2026-02-20,PLTR UN Equity,136.12,135.205,131.295,132.29,377590.0
2026-02-23,PLTR UN Equity,131.705,130.605,127.51,131.705,217735.0
2026-02-24,PLTR UN Equity,130.11,128.8,126.42,129.12,303627.0
2026-02-25,PLTR UN Equity,136.06,134.17,129.24,130.65,264350.0
2026-02-26,PLTR UN Equity,137.43,135.88,132.69,133.87,284148.0
2026-02-27,PLTR UN Equity,138.04,137.33,134.02,134.4,343268.0
2026-03-02,PLTR UN Equity,146.99,145.16,140.65,140.735,351253.0
2026-03-03,PLTR UN Equity,147.5,147.22,138.33,141.89,449671.0
2026-03-04,PLTR UN Equity,154.5,153.13,148.15,148.41,463154.0
2026-03-05,PLTR UN Equity,156.25,152.655,149.63,152.77,288341.0
2026-03-06,PLTR UN Equity,161.34,157.15,150.41,150.41,568674.0
2026-03-09,PLTR UN Equity,158.2,156.425,152.98,155.69,352025.0
2026-03-10,PLTR UN Equity,156.53,151.17,150.19,156.03,340104.0
2026-03-11,PLTR UN Equity,153.165,151.59,149.46,151.52,195461.0
2026-03-12,PLTR UN Equity,155.66,153.51,151.15,153.36,285461.0
2026-03-13,PLTR UN Equity,154.48,150.97,148.73,153.29,286575.0
2026-03-16,PLTR UN Equity,153.78,152.73,151.31,152.54,166153.0
2026-03-17,PLTR UN Equity,156.72,155.1,152.15,152.365,195605.0
2026-03-18,PLTR UN Equity,156.635,152.74,152.63,154.81,198685.0
2026-03-19,PLTR UN Equity,156.14,155.72,150.63,153.07,229307.0
2026-03-20,PLTR UN Equity,156.6,150.72,149.17,155.02,294516.0
2026-03-23,PLTR UN Equity,161.05,160.81,153.385,153.385,455424.0
2026-03-24,PLTR UN Equity,162.24,154.79,151.8,160.05,391404.0
2026-03-25,PLTR UN Equity,160.19,154.91,154.89,157.44,208213.0
2026-03-26,PLTR UN Equity,153.06,147.54,147.29,153.06,234726.0
2026-03-27,PLTR UN Equity,145.88,143.09,141.75,145.88,239565.0
2026-03-30,PLTR UN Equity,143.97,137.5,136.41,143.29,280544.0
2026-03-31,PLTR UN Equity,147.74,146.32,139.125,140.095,308354.0
2026-04-01,PLTR UN Equity,148.23,146.445,144.55,147.0,231432.0
2026-04-02,PLTR UN Equity,148.5,148.44,140.07,143.19,220440.0
2026-04-06,PLTR UN Equity,150.49,147.895,146.65,148.34,144825.0
2026-04-07,PLTR UN Equity,150.22,150.11,144.56,147.055,199376.0
2026-04-08,PLTR UN Equity,155.98,140.775,139.19,154.95,455706.0
2026-04-09,PLTR UN Equity,139.31,130.59,128.48,139.27,688257.0
2026-04-10,PLTR UN Equity,129.11,128.09,122.76,128.48,787481.0
2026-04-13,PLTR UN Equity,134.39,132.39,129.18,130.21,410472.0
2026-04-14,PLTR UN Equity,137.98,135.66,134.03,134.245,318338.0
2026-04-15,PLTR UN Equity,142.42,142.19,135.33,136.77,281083.0
2026-04-16,PLTR UN Equity,144.735,142.75,139.615,144.3,304520.0
2026-04-17,PLTR UN Equity,148.255,146.345,143.311,145.28,259457.0
2026-04-20,PLTR UN Equity,147.185,145.94,143.87,145.15,274455.0
2026-04-21,PLTR UN Equity,149.8,145.945,144.0,146.91,225367.0
2026-04-22,PLTR UN Equity,152.67,152.6,147.54,148.36,304349.0
2026-04-23,PLTR UN Equity,150.21,141.64,139.97,149.41,507039.0
2026-04-24,PLTR UN Equity,143.28,143.07,139.0,142.9,327176.0
2026-04-27,PLTR UN Equity,145.05,143.12,141.27,141.57,216030.0
2026-04-28,PLTR UN Equity,143.71,141.165,140.49,142.12,228901.0
2026-04-29,PLTR UN Equity,139.585,137.98,134.74,139.585,238972.0
2026-04-30,PLTR UN Equity,140.12,139.06,136.69,138.27,203858.0
2026-05-01,PLTR UN Equity,146.3,144.05,141.39,143.71,236001.0
2026-05-04,PLTR UN Equity,149.59,146.08,145.32,147.82,365947.0
2026-05-05,PLTR UN Equity,142.88,135.95,134.765,140.295,657274.0
2026-05-06,PLTR UN Equity,135.68,133.77,131.28,133.445,546971.0
2026-05-07,PLTR UN Equity,140.94,137.025,134.81,134.93,371088.0
2026-05-08,PLTR UN Equity,137.87,137.785,133.09,135.695,294604.0
2026-05-11,PLTR UN Equity,137.0,136.9,132.825,134.91,245867.0
2026-05-12,PLTR UN Equity,137.33,136.02,133.52,136.48,220724.0
2026-05-13,PLTR UN Equity,136.94,130.045,128.835,133.985,379619.0
2026-05-14,PLTR UN Equity,134.4,133.77,129.635,129.64,265004.0
2026-05-15,PLTR UN Equity,135.615,134.0,132.31,133.105,198967.0
2026-05-18,PLTR UN Equity,135.63,135.13,131.4,132.42,224695.0
2026-05-19,PLTR UN Equity,137.43,135.23,133.63,135.67,367469.0
2026-05-20,PLTR UN Equity,137.18,137.16,132.48,134.115,199663.0
2026-05-21,PLTR UN Equity,138.5,137.41,135.44,136.56,174622.0
2026-05-22,PLTR UN Equity,139.015,136.8,134.35,137.465,220416.0
2026-05-26,PLTR UN Equity,138.67,136.61,133.35,136.195,306592.0
2026-05-27,PLTR UN Equity,135.595,132.47,131.66,133.41,299648.0
2026-05-28,PLTR UN Equity,143.395,143.395,133.105,133.105,477422.0
2026-05-29,PLTR UN Equity,157.755,156.575,145.91,148.305,589949.0
2026-06-01,PLTR UN Equity,163.675,160.61,155.9,159.78,456395.0
2026-06-02,PLTR UN Equity,159.425,152.2,149.82,156.69,311203.0
2026-06-03,PLTR UN Equity,151.655,142.23,141.26,149.93,323312.0
2026-06-04,PLTR UN Equity,146.29,141.685,140.285,145.635,325679.0
